local_uri,external_uri,predicate,method,shared_identifier,evidence_source,status,checked_at
https://example.org/aimodels/resource/domain/1,https://openalex.org/domains/1,http://www.w3.org/2002/07/owl#sameAs,exact_openalex_id,https://openalex.org/domains/1,https://openalex.org/domains/1,accepted,2026-10-04T12:06:27.079166+00:00
https://example.org/aimodels/resource/domain/2,https://openalex.org/domains/2,http://www.w3.org/2002/07/owl#sameAs,exact_openalex_id,https://openalex.org/domains/2,https://openalex.org/domains/2,accepted,2026-10-04T12:06:27.079166+00:00
https://example.org/aimodels/resource/domain/3,https://openalex.org/domains/3,http://www.w3.org/2002/07/owl#sameAs,exact_openalex_id,https://openalex.org/domains/3,https://openalex.org/domains/3,accepted,2026-10-04T12:06:27.079166+00:00
https://example.org/aimodels/resource/domain/4,https://openalex.org/domains/4,http://www.w3.org/2002/07/owl#sameAs,exact_openalex_id,https://openalex.org/domains/4,https://openalex.org/domains/4,accepted,2026-10-04T12:06:27.079166+00:00
https://example.org/aimodels/resource/field/13,https://openalex.org/fields/13,http://www.w3.org/2002/07/owl#sameAs,exact_openalex_id,https://openalex.org/fields/13,https://openalex.org/fields/13,accepted,2026-10-04T12:06:27.079166+00:00
https://example.org/aimodels/resource/field/14,https://openalex.org/fields/14,http://www.w3.org/2002/07/owl#sameAs,exact_openalex_id,https://openalex.org/fields/14,https://openalex.org/fields/14,accepted,2026-10-04T12:06:27.079166+00:00
https://example.org/aimodels/resource/field/17,https://openalex.org/fields/17,http://www.w3.org/2002/07/owl#sameAs,exact_openalex_id,https://openalex.org/fields/17,https://openalex.org/fields/17,accepted,2026-10-04T12:06:27.079166+00:00
https://example.org/aimodels/resource/field/18,https://openalex.org/fields/18,http://www.w3.org/2002/07/owl#sameAs,exact_openalex_id,https://openalex.org/fields/18,https://openalex.org/fields/18,accepted,2026-10-04T12:06:27.079166+00:00
https://example.org/aimodels/resource/field/22,https://openalex.org/fields/22,http://www.w3.org/2002/07/owl#sameAs,exact_openalex_id,https://openalex.org/fields/22,https://openalex.org/fields/22,accepted,2026-10-04T12:06:27.079166+00:00
https://example.org/aimodels/resource/field/24,https://openalex.org/fields/24,http://www.w3.org/2002/07/owl#sameAs,exact_openalex_id,https://openalex.org/fields/24,https://openalex.org/fields/24,accepted,2026-10-04T12:06:27.079166+00:00
https://example.org/aimodels/resource/field/25,https://openalex.org/fields/25,http://www.w3.org/2002/07/owl#sameAs,exact_openalex_id,https://openalex.org/fields/25,https://openalex.org/fields/25,accepted,2026-10-04T12:06:27.079166+00:00
https://example.org/aimodels/resource/field/27,https://openalex.org/fields/27,http://www.w3.org/2002/07/owl#sameAs,exact_openalex_id,https://openalex.org/fields/27,https://openalex.org/fields/27,accepted,2026-10-04T12:06:27.079166+00:00
https://example.org/aimodels/resource/field/32,https://openalex.org/fields/32,http://www.w3.org/2002/07/owl#sameAs,exact_openalex_id,https://openalex.org/fields/32,https://openalex.org/fields/32,accepted,2026-10-04T12:06:27.079166+00:00
https://example.org/aimodels/resource/field/33,https://openalex.org/fields/33,http://www.w3.org/2002/07/owl#sameAs,exact_openalex_id,https://openalex.org/fields/33,https://openalex.org/fields/33,accepted,2026-10-04T12:06:27.079166+00:00
https://example.org/aimodels/resource/field/36,https://openalex.org/fields/36,http://www.w3.org/2002/07/owl#sameAs,exact_openalex_id,https://openalex.org/fields/36,https://openalex.org/fields/36,accepted,2026-10-04T12:06:27.079166+00:00
https://example.org/aimodels/resource/institution/I100532134,http://dbpedia.org/resource/Claude_Bernard_University_Lyon_1,http://www.w3.org/2002/07/owl#sameAs,dbpedia_declared_sameAs_wikidata,Q4032,https://dbpedia.org/sparql,accepted,2026-10-04T12:07:35.731086+00:00
https://example.org/aimodels/resource/institution/I100532134,http://www.wikidata.org/entity/Q4032,http://www.w3.org/2002/07/owl#sameAs,exact_ror_P6782,https://ror.org/029brtt94,https://query.wikidata.org/sparql,accepted,2026-10-04T12:07:35.731086+00:00
https://example.org/aimodels/resource/institution/I100532134,https://openalex.org/I100532134,http://www.w3.org/2002/07/owl#sameAs,exact_openalex_id,https://openalex.org/I100532134,https://openalex.org/I100532134,accepted,2026-10-04T12:06:27.079166+00:00
https://example.org/aimodels/resource/institution/I100930933,http://www.wikidata.org/entity/Q1068258,http://www.w3.org/2002/07/owl#sameAs,exact_ror_P6782,https://ror.org/05m7pjf47,https://query.wikidata.org/sparql,accepted,2026-10-04T12:07:35.731086+00:00
https://example.org/aimodels/resource/institution/I100930933,https://openalex.org/I100930933,http://www.w3.org/2002/07/owl#sameAs,exact_openalex_id,https://openalex.org/I100930933,https://openalex.org/I100930933,accepted,2026-10-04T12:06:27.079166+00:00
https://example.org/aimodels/resource/institution/I102322142,http://www.wikidata.org/entity/Q499451,http://www.w3.org/2002/07/owl#sameAs,exact_ror_P6782,https://ror.org/05vt9qd57,https://query.wikidata.org/sparql,accepted,2026-10-04T12:07:35.731086+00:00
https://example.org/aimodels/resource/institution/I102322142,https://openalex.org/I102322142,http://www.w3.org/2002/07/owl#sameAs,exact_openalex_id,https://openalex.org/I102322142,https://openalex.org/I102322142,accepted,2026-10-04T12:06:27.079166+00:00
https://example.org/aimodels/resource/institution/I102893293,http://dbpedia.org/resource/State_University_of_Malang,http://www.w3.org/2002/07/owl#sameAs,dbpedia_declared_sameAs_wikidata,Q4250919,https://dbpedia.org/sparql,accepted,2026-10-04T12:07:35.731086+00:00
https://example.org/aimodels/resource/institution/I102893293,http://www.wikidata.org/entity/Q4250919,http://www.w3.org/2002/07/owl#sameAs,exact_ror_P6782,https://ror.org/00ypgyy34,https://query.wikidata.org/sparql,accepted,2026-10-04T12:07:35.731086+00:00
https://example.org/aimodels/resource/institution/I102893293,https://openalex.org/I102893293,http://www.w3.org/2002/07/owl#sameAs,exact_openalex_id,https://openalex.org/I102893293,https://openalex.org/I102893293,accepted,2026-10-04T12:06:27.079166+00:00
https://example.org/aimodels/resource/institution/I103163165,http://dbpedia.org/resource/Florida_State_University,http://www.w3.org/2002/07/owl#sameAs,dbpedia_declared_sameAs_wikidata,Q861548,https://dbpedia.org/sparql,accepted,2026-10-04T12:07:35.731086+00:00
https://example.org/aimodels/resource/institution/I103163165,http://www.wikidata.org/entity/Q861548,http://www.w3.org/2002/07/owl#sameAs,exact_ror_P6782,https://ror.org/05g3dte14,https://query.wikidata.org/sparql,accepted,2026-10-04T12:07:35.731086+00:00
https://example.org/aimodels/resource/institution/I103163165,https://openalex.org/I103163165,http://www.w3.org/2002/07/owl#sameAs,exact_openalex_id,https://openalex.org/I103163165,https://openalex.org/I103163165,accepted,2026-10-04T12:06:27.079166+00:00
https://example.org/aimodels/resource/institution/I106165777,http://www.wikidata.org/entity/Q143451,http://www.w3.org/2002/07/owl#sameAs,exact_ror_P6782,https://ror.org/036nfer12,https://query.wikidata.org/sparql,accepted,2026-10-04T12:07:35.731086+00:00
https://example.org/aimodels/resource/institution/I106165777,https://openalex.org/I106165777,http://www.w3.org/2002/07/owl#sameAs,exact_openalex_id,https://openalex.org/I106165777,https://openalex.org/I106165777,accepted,2026-10-04T12:06:27.079166+00:00
https://example.org/aimodels/resource/institution/I107606265,http://dbpedia.org/resource/Broad_Institute,http://www.w3.org/2002/07/owl#sameAs,dbpedia_declared_sameAs_wikidata,Q4971893,https://dbpedia.org/sparql,accepted,2026-10-04T12:07:35.731086+00:00
https://example.org/aimodels/resource/institution/I107606265,http://www.wikidata.org/entity/Q4971893,http://www.w3.org/2002/07/owl#sameAs,exact_ror_P6782,https://ror.org/05a0ya142,https://query.wikidata.org/sparql,accepted,2026-10-04T12:07:35.731086+00:00
https://example.org/aimodels/resource/institution/I107606265,https://openalex.org/I107606265,http://www.w3.org/2002/07/owl#sameAs,exact_openalex_id,https://openalex.org/I107606265,https://openalex.org/I107606265,accepted,2026-10-04T12:06:27.079166+00:00
https://example.org/aimodels/resource/institution/I107672454,http://www.wikidata.org/entity/Q49116,http://www.w3.org/2002/07/owl#sameAs,exact_ror_P6782,https://ror.org/049s0rh22,https://query.wikidata.org/sparql,accepted,2026-10-04T12:07:35.731086+00:00
https://example.org/aimodels/resource/institution/I107672454,https://openalex.org/I107672454,http://www.w3.org/2002/07/owl#sameAs,exact_openalex_id,https://openalex.org/I107672454,https://openalex.org/I107672454,accepted,2026-10-04T12:06:27.079166+00:00
https://example.org/aimodels/resource/institution/I108103353,http://www.wikidata.org/entity/Q768224,http://www.w3.org/2002/07/owl#sameAs,exact_ror_P6782,https://ror.org/01fvbaw18,https://query.wikidata.org/sparql,accepted,2026-10-04T12:07:35.731086+00:00
https://example.org/aimodels/resource/institution/I108103353,https://openalex.org/I108103353,http://www.w3.org/2002/07/owl#sameAs,exact_openalex_id,https://openalex.org/I108103353,https://openalex.org/I108103353,accepted,2026-10-04T12:06:27.079166+00:00
https://example.org/aimodels/resource/institution/I108290504,http://dbpedia.org/resource/University_of_Pisa,http://www.w3.org/2002/07/owl#sameAs,dbpedia_declared_sameAs_wikidata,Q645663,https://dbpedia.org/sparql,accepted,2026-10-04T12:07:35.731086+00:00
https://example.org/aimodels/resource/institution/I108290504,http://www.wikidata.org/entity/Q645663,http://www.w3.org/2002/07/owl#sameAs,exact_ror_P6782,https://ror.org/03ad39j10,https://query.wikidata.org/sparql,accepted,2026-10-04T12:07:35.731086+00:00
https://example.org/aimodels/resource/institution/I108290504,https://openalex.org/I108290504,http://www.w3.org/2002/07/owl#sameAs,exact_openalex_id,https://openalex.org/I108290504,https://openalex.org/I108290504,accepted,2026-10-04T12:06:27.079166+00:00
https://example.org/aimodels/resource/institution/I108403487,https://openalex.org/I108403487,http://www.w3.org/2002/07/owl#sameAs,exact_openalex_id,https://openalex.org/I108403487,https://openalex.org/I108403487,accepted,2026-10-04T12:06:27.079166+00:00
https://example.org/aimodels/resource/institution/I109736498,https://openalex.org/I109736498,http://www.w3.org/2002/07/owl#sameAs,exact_openalex_id,https://openalex.org/I109736498,https://openalex.org/I109736498,accepted,2026-10-04T12:06:27.079166+00:00
https://example.org/aimodels/resource/institution/I110092051,https://openalex.org/I110092051,http://www.w3.org/2002/07/owl#sameAs,exact_openalex_id,https://openalex.org/I110092051,https://openalex.org/I110092051,accepted,2026-10-04T12:06:27.079166+00:00
https://example.org/aimodels/resource/institution/I110360157,https://openalex.org/I110360157,http://www.w3.org/2002/07/owl#sameAs,exact_openalex_id,https://openalex.org/I110360157,https://openalex.org/I110360157,accepted,2026-10-04T12:06:27.079166+00:00
https://example.org/aimodels/resource/institution/I11123151,https://openalex.org/I11123151,http://www.w3.org/2002/07/owl#sameAs,exact_openalex_id,https://openalex.org/I11123151,https://openalex.org/I11123151,accepted,2026-10-04T12:06:27.079166+00:00
https://example.org/aimodels/resource/institution/I111950717,https://openalex.org/I111950717,http://www.w3.org/2002/07/owl#sameAs,exact_openalex_id,https://openalex.org/I111950717,https://openalex.org/I111950717,accepted,2026-10-04T12:06:27.079166+00:00
https://example.org/aimodels/resource/institution/I112728665,https://openalex.org/I112728665,http://www.w3.org/2002/07/owl#sameAs,exact_openalex_id,https://openalex.org/I112728665,https://openalex.org/I112728665,accepted,2026-10-04T12:06:27.079166+00:00
https://example.org/aimodels/resource/institution/I113428412,https://openalex.org/I113428412,http://www.w3.org/2002/07/owl#sameAs,exact_openalex_id,https://openalex.org/I113428412,https://openalex.org/I113428412,accepted,2026-10-04T12:06:27.079166+00:00
https://example.org/aimodels/resource/institution/I114017466,https://openalex.org/I114017466,http://www.w3.org/2002/07/owl#sameAs,exact_openalex_id,https://openalex.org/I114017466,https://openalex.org/I114017466,accepted,2026-10-04T12:06:27.079166+00:00
https://example.org/aimodels/resource/institution/I116953780,https://openalex.org/I116953780,http://www.w3.org/2002/07/owl#sameAs,exact_openalex_id,https://openalex.org/I116953780,https://openalex.org/I116953780,accepted,2026-10-04T12:06:27.079166+00:00
https://example.org/aimodels/resource/institution/I11701301,https://openalex.org/I11701301,http://www.w3.org/2002/07/owl#sameAs,exact_openalex_id,https://openalex.org/I11701301,https://openalex.org/I11701301,accepted,2026-10-04T12:06:27.079166+00:00
https://example.org/aimodels/resource/institution/I117222138,https://openalex.org/I117222138,http://www.w3.org/2002/07/owl#sameAs,exact_openalex_id,https://openalex.org/I117222138,https://openalex.org/I117222138,accepted,2026-10-04T12:06:27.079166+00:00
https://example.org/aimodels/resource/institution/I1174212,https://openalex.org/I1174212,http://www.w3.org/2002/07/owl#sameAs,exact_openalex_id,https://openalex.org/I1174212,https://openalex.org/I1174212,accepted,2026-10-04T12:06:27.079166+00:00
https://example.org/aimodels/resource/institution/I117963711,https://openalex.org/I117963711,http://www.w3.org/2002/07/owl#sameAs,exact_openalex_id,https://openalex.org/I117963711,https://openalex.org/I117963711,accepted,2026-10-04T12:06:27.079166+00:00
https://example.org/aimodels/resource/institution/I118118575,https://openalex.org/I118118575,http://www.w3.org/2002/07/owl#sameAs,exact_openalex_id,https://openalex.org/I118118575,https://openalex.org/I118118575,accepted,2026-10-04T12:06:27.079166+00:00
https://example.org/aimodels/resource/institution/I118347636,https://openalex.org/I118347636,http://www.w3.org/2002/07/owl#sameAs,exact_openalex_id,https://openalex.org/I118347636,https://openalex.org/I118347636,accepted,2026-10-04T12:06:27.079166+00:00
https://example.org/aimodels/resource/institution/I121748325,https://openalex.org/I121748325,http://www.w3.org/2002/07/owl#sameAs,exact_openalex_id,https://openalex.org/I121748325,https://openalex.org/I121748325,accepted,2026-10-04T12:06:27.079166+00:00
https://example.org/aimodels/resource/institution/I121797337,https://openalex.org/I121797337,http://www.w3.org/2002/07/owl#sameAs,exact_openalex_id,https://openalex.org/I121797337,https://openalex.org/I121797337,accepted,2026-10-04T12:06:27.079166+00:00
https://example.org/aimodels/resource/institution/I122411786,https://openalex.org/I122411786,http://www.w3.org/2002/07/owl#sameAs,exact_openalex_id,https://openalex.org/I122411786,https://openalex.org/I122411786,accepted,2026-10-04T12:06:27.079166+00:00
https://example.org/aimodels/resource/institution/I123431417,https://openalex.org/I123431417,http://www.w3.org/2002/07/owl#sameAs,exact_openalex_id,https://openalex.org/I123431417,https://openalex.org/I123431417,accepted,2026-10-04T12:06:27.079166+00:00
https://example.org/aimodels/resource/institution/I123534392,https://openalex.org/I123534392,http://www.w3.org/2002/07/owl#sameAs,exact_openalex_id,https://openalex.org/I123534392,https://openalex.org/I123534392,accepted,2026-10-04T12:06:27.079166+00:00
https://example.org/aimodels/resource/institution/I124055696,https://openalex.org/I124055696,http://www.w3.org/2002/07/owl#sameAs,exact_openalex_id,https://openalex.org/I124055696,https://openalex.org/I124055696,accepted,2026-10-04T12:06:27.079166+00:00
https://example.org/aimodels/resource/institution/I126520041,http://www.wikidata.org/entity/Q1074103,http://www.w3.org/2002/07/owl#sameAs,openalex_declared_wikidata_id,Q1074103,https://openalex.org/I126520041,accepted,2026-10-04T12:06:27.079166+00:00
https://example.org/aimodels/resource/institution/I126520041,https://openalex.org/I126520041,http://www.w3.org/2002/07/owl#sameAs,exact_openalex_id,https://openalex.org/I126520041,https://openalex.org/I126520041,accepted,2026-10-04T12:06:27.079166+00:00
https://example.org/aimodels/resource/institution/I128277893,https://openalex.org/I128277893,http://www.w3.org/2002/07/owl#sameAs,exact_openalex_id,https://openalex.org/I128277893,https://openalex.org/I128277893,accepted,2026-10-04T12:06:27.079166+00:00
https://example.org/aimodels/resource/institution/I1283280774,https://openalex.org/I1283280774,http://www.w3.org/2002/07/owl#sameAs,exact_openalex_id,https://openalex.org/I1283280774,https://openalex.org/I1283280774,accepted,2026-10-04T12:06:27.079166+00:00
https://example.org/aimodels/resource/institution/I1290206253,http://dbpedia.org/resource/Microsoft,http://www.w3.org/2002/07/owl#sameAs,dbpedia_declared_sameAs_wikidata,Q2283,https://dbpedia.org/sparql,accepted,2026-10-04T12:07:35.731086+00:00
https://example.org/aimodels/resource/institution/I1290206253,http://www.wikidata.org/entity/Q2283,http://www.w3.org/2002/07/owl#sameAs,openalex_declared_wikidata_id,Q2283,https://openalex.org/I1290206253,accepted,2026-10-04T12:06:27.079166+00:00
https://example.org/aimodels/resource/institution/I1290206253,https://openalex.org/I1290206253,http://www.w3.org/2002/07/owl#sameAs,exact_openalex_id,https://openalex.org/I1290206253,https://openalex.org/I1290206253,accepted,2026-10-04T12:06:27.079166+00:00
https://example.org/aimodels/resource/institution/I1291425158,https://openalex.org/I1291425158,http://www.w3.org/2002/07/owl#sameAs,exact_openalex_id,https://openalex.org/I1291425158,https://openalex.org/I1291425158,accepted,2026-10-04T12:06:27.079166+00:00
https://example.org/aimodels/resource/institution/I1292875679,https://openalex.org/I1292875679,http://www.w3.org/2002/07/owl#sameAs,exact_openalex_id,https://openalex.org/I1292875679,https://openalex.org/I1292875679,accepted,2026-10-04T12:06:27.079166+00:00
https://example.org/aimodels/resource/institution/I129604602,https://openalex.org/I129604602,http://www.w3.org/2002/07/owl#sameAs,exact_openalex_id,https://openalex.org/I129604602,https://openalex.org/I129604602,accepted,2026-10-04T12:06:27.079166+00:00
https://example.org/aimodels/resource/institution/I1303153112,https://openalex.org/I1303153112,http://www.w3.org/2002/07/owl#sameAs,exact_openalex_id,https://openalex.org/I1303153112,https://openalex.org/I1303153112,accepted,2026-10-04T12:06:27.079166+00:00
https://example.org/aimodels/resource/institution/I1304085615,https://openalex.org/I1304085615,http://www.w3.org/2002/07/owl#sameAs,exact_openalex_id,https://openalex.org/I1304085615,https://openalex.org/I1304085615,accepted,2026-10-04T12:06:27.079166+00:00
https://example.org/aimodels/resource/institution/I130701444,https://openalex.org/I130701444,http://www.w3.org/2002/07/owl#sameAs,exact_openalex_id,https://openalex.org/I130701444,https://openalex.org/I130701444,accepted,2026-10-04T12:06:27.079166+00:00
https://example.org/aimodels/resource/institution/I1311688040,https://openalex.org/I1311688040,http://www.w3.org/2002/07/owl#sameAs,exact_openalex_id,https://openalex.org/I1311688040,https://openalex.org/I1311688040,accepted,2026-10-04T12:06:27.079166+00:00
https://example.org/aimodels/resource/institution/I1322124587,https://openalex.org/I1322124587,http://www.w3.org/2002/07/owl#sameAs,exact_openalex_id,https://openalex.org/I1322124587,https://openalex.org/I1322124587,accepted,2026-10-04T12:06:27.079166+00:00
https://example.org/aimodels/resource/institution/I1323778983,https://openalex.org/I1323778983,http://www.w3.org/2002/07/owl#sameAs,exact_openalex_id,https://openalex.org/I1323778983,https://openalex.org/I1323778983,accepted,2026-10-04T12:06:27.079166+00:00
https://example.org/aimodels/resource/institution/I1326498283,https://openalex.org/I1326498283,http://www.w3.org/2002/07/owl#sameAs,exact_openalex_id,https://openalex.org/I1326498283,https://openalex.org/I1326498283,accepted,2026-10-04T12:06:27.079166+00:00
https://example.org/aimodels/resource/institution/I1330342723,https://openalex.org/I1330342723,http://www.w3.org/2002/07/owl#sameAs,exact_openalex_id,https://openalex.org/I1330342723,https://openalex.org/I1330342723,accepted,2026-10-04T12:06:27.079166+00:00
https://example.org/aimodels/resource/institution/I1333535994,https://openalex.org/I1333535994,http://www.w3.org/2002/07/owl#sameAs,exact_openalex_id,https://openalex.org/I1333535994,https://openalex.org/I1333535994,accepted,2026-10-04T12:06:27.079166+00:00
https://example.org/aimodels/resource/institution/I134085113,https://openalex.org/I134085113,http://www.w3.org/2002/07/owl#sameAs,exact_openalex_id,https://openalex.org/I134085113,https://openalex.org/I134085113,accepted,2026-10-04T12:06:27.079166+00:00
https://example.org/aimodels/resource/institution/I1341412227,https://openalex.org/I1341412227,http://www.w3.org/2002/07/owl#sameAs,exact_openalex_id,https://openalex.org/I1341412227,https://openalex.org/I1341412227,accepted,2026-10-04T12:06:27.079166+00:00
https://example.org/aimodels/resource/institution/I1343180700,https://openalex.org/I1343180700,http://www.w3.org/2002/07/owl#sameAs,exact_openalex_id,https://openalex.org/I1343180700,https://openalex.org/I1343180700,accepted,2026-10-04T12:06:27.079166+00:00
https://example.org/aimodels/resource/institution/I135310074,https://openalex.org/I135310074,http://www.w3.org/2002/07/owl#sameAs,exact_openalex_id,https://openalex.org/I135310074,https://openalex.org/I135310074,accepted,2026-10-04T12:06:27.079166+00:00
https://example.org/aimodels/resource/institution/I136199984,http://dbpedia.org/resource/Harvard_University,http://www.w3.org/2002/07/owl#sameAs,dbpedia_declared_sameAs_wikidata,Q13371,https://dbpedia.org/sparql,accepted,2026-10-04T12:07:35.731086+00:00
https://example.org/aimodels/resource/institution/I136199984,http://www.wikidata.org/entity/Q13371,http://www.w3.org/2002/07/owl#sameAs,openalex_declared_wikidata_id,Q13371,https://openalex.org/I136199984,accepted,2026-10-04T12:06:27.079166+00:00
https://example.org/aimodels/resource/institution/I136199984,https://openalex.org/I136199984,http://www.w3.org/2002/07/owl#sameAs,exact_openalex_id,https://openalex.org/I136199984,https://openalex.org/I136199984,accepted,2026-10-04T12:06:27.079166+00:00
https://example.org/aimodels/resource/institution/I138689650,https://openalex.org/I138689650,http://www.w3.org/2002/07/owl#sameAs,exact_openalex_id,https://openalex.org/I138689650,https://openalex.org/I138689650,accepted,2026-10-04T12:06:27.079166+00:00
https://example.org/aimodels/resource/institution/I141596103,https://openalex.org/I141596103,http://www.w3.org/2002/07/owl#sameAs,exact_openalex_id,https://openalex.org/I141596103,https://openalex.org/I141596103,accepted,2026-10-04T12:06:27.079166+00:00
https://example.org/aimodels/resource/institution/I14243506,https://openalex.org/I14243506,http://www.w3.org/2002/07/owl#sameAs,exact_openalex_id,https://openalex.org/I14243506,https://openalex.org/I14243506,accepted,2026-10-04T12:06:27.079166+00:00
https://example.org/aimodels/resource/institution/I142732210,https://openalex.org/I142732210,http://www.w3.org/2002/07/owl#sameAs,exact_openalex_id,https://openalex.org/I142732210,https://openalex.org/I142732210,accepted,2026-10-04T12:06:27.079166+00:00
https://example.org/aimodels/resource/institution/I143593769,https://openalex.org/I143593769,http://www.w3.org/2002/07/owl#sameAs,exact_openalex_id,https://openalex.org/I143593769,https://openalex.org/I143593769,accepted,2026-10-04T12:06:27.079166+00:00
https://example.org/aimodels/resource/institution/I145311948,https://openalex.org/I145311948,http://www.w3.org/2002/07/owl#sameAs,exact_openalex_id,https://openalex.org/I145311948,https://openalex.org/I145311948,accepted,2026-10-04T12:06:27.079166+00:00
https://example.org/aimodels/resource/institution/I145872427,https://openalex.org/I145872427,http://www.w3.org/2002/07/owl#sameAs,exact_openalex_id,https://openalex.org/I145872427,https://openalex.org/I145872427,accepted,2026-10-04T12:06:27.079166+00:00
https://example.org/aimodels/resource/institution/I15059493,https://openalex.org/I15059493,http://www.w3.org/2002/07/owl#sameAs,exact_openalex_id,https://openalex.org/I15059493,https://openalex.org/I15059493,accepted,2026-10-04T12:06:27.079166+00:00
https://example.org/aimodels/resource/institution/I154130895,https://openalex.org/I154130895,http://www.w3.org/2002/07/owl#sameAs,exact_openalex_id,https://openalex.org/I154130895,https://openalex.org/I154130895,accepted,2026-10-04T12:06:27.079166+00:00
https://example.org/aimodels/resource/institution/I157338126,https://openalex.org/I157338126,http://www.w3.org/2002/07/owl#sameAs,exact_openalex_id,https://openalex.org/I157338126,https://openalex.org/I157338126,accepted,2026-10-04T12:06:27.079166+00:00
https://example.org/aimodels/resource/institution/I157485424,https://openalex.org/I157485424,http://www.w3.org/2002/07/owl#sameAs,exact_openalex_id,https://openalex.org/I157485424,https://openalex.org/I157485424,accepted,2026-10-04T12:06:27.079166+00:00
https://example.org/aimodels/resource/institution/I157614274,https://openalex.org/I157614274,http://www.w3.org/2002/07/owl#sameAs,exact_openalex_id,https://openalex.org/I157614274,https://openalex.org/I157614274,accepted,2026-10-04T12:06:27.079166+00:00
https://example.org/aimodels/resource/institution/I157773358,https://openalex.org/I157773358,http://www.w3.org/2002/07/owl#sameAs,exact_openalex_id,https://openalex.org/I157773358,https://openalex.org/I157773358,accepted,2026-10-04T12:06:27.079166+00:00
https://example.org/aimodels/resource/institution/I158248296,https://openalex.org/I158248296,http://www.w3.org/2002/07/owl#sameAs,exact_openalex_id,https://openalex.org/I158248296,https://openalex.org/I158248296,accepted,2026-10-04T12:06:27.079166+00:00
https://example.org/aimodels/resource/institution/I161046081,https://openalex.org/I161046081,http://www.w3.org/2002/07/owl#sameAs,exact_openalex_id,https://openalex.org/I161046081,https://openalex.org/I161046081,accepted,2026-10-04T12:06:27.079166+00:00
https://example.org/aimodels/resource/institution/I162096671,https://openalex.org/I162096671,http://www.w3.org/2002/07/owl#sameAs,exact_openalex_id,https://openalex.org/I162096671,https://openalex.org/I162096671,accepted,2026-10-04T12:06:27.079166+00:00
https://example.org/aimodels/resource/institution/I16365422,https://openalex.org/I16365422,http://www.w3.org/2002/07/owl#sameAs,exact_openalex_id,https://openalex.org/I16365422,https://openalex.org/I16365422,accepted,2026-10-04T12:06:27.079166+00:00
https://example.org/aimodels/resource/institution/I165143802,https://openalex.org/I165143802,http://www.w3.org/2002/07/owl#sameAs,exact_openalex_id,https://openalex.org/I165143802,https://openalex.org/I165143802,accepted,2026-10-04T12:06:27.079166+00:00
https://example.org/aimodels/resource/institution/I165733156,https://openalex.org/I165733156,http://www.w3.org/2002/07/owl#sameAs,exact_openalex_id,https://openalex.org/I165733156,https://openalex.org/I165733156,accepted,2026-10-04T12:06:27.079166+00:00
https://example.org/aimodels/resource/institution/I165779595,https://openalex.org/I165779595,http://www.w3.org/2002/07/owl#sameAs,exact_openalex_id,https://openalex.org/I165779595,https://openalex.org/I165779595,accepted,2026-10-04T12:06:27.079166+00:00
https://example.org/aimodels/resource/institution/I165932596,https://openalex.org/I165932596,http://www.w3.org/2002/07/owl#sameAs,exact_openalex_id,https://openalex.org/I165932596,https://openalex.org/I165932596,accepted,2026-10-04T12:06:27.079166+00:00
https://example.org/aimodels/resource/institution/I16656306,https://openalex.org/I16656306,http://www.w3.org/2002/07/owl#sameAs,exact_openalex_id,https://openalex.org/I16656306,https://openalex.org/I16656306,accepted,2026-10-04T12:06:27.079166+00:00
https://example.org/aimodels/resource/institution/I168719708,https://openalex.org/I168719708,http://www.w3.org/2002/07/owl#sameAs,exact_openalex_id,https://openalex.org/I168719708,https://openalex.org/I168719708,accepted,2026-10-04T12:06:27.079166+00:00
https://example.org/aimodels/resource/institution/I169108374,https://openalex.org/I169108374,http://www.w3.org/2002/07/owl#sameAs,exact_openalex_id,https://openalex.org/I169108374,https://openalex.org/I169108374,accepted,2026-10-04T12:06:27.079166+00:00
https://example.org/aimodels/resource/institution/I170201317,https://openalex.org/I170201317,http://www.w3.org/2002/07/owl#sameAs,exact_openalex_id,https://openalex.org/I170201317,https://openalex.org/I170201317,accepted,2026-10-04T12:06:27.079166+00:00
https://example.org/aimodels/resource/institution/I170215575,https://openalex.org/I170215575,http://www.w3.org/2002/07/owl#sameAs,exact_openalex_id,https://openalex.org/I170215575,https://openalex.org/I170215575,accepted,2026-10-04T12:06:27.079166+00:00
https://example.org/aimodels/resource/institution/I170239107,https://openalex.org/I170239107,http://www.w3.org/2002/07/owl#sameAs,exact_openalex_id,https://openalex.org/I170239107,https://openalex.org/I170239107,accepted,2026-10-04T12:06:27.079166+00:00
https://example.org/aimodels/resource/institution/I170486558,https://openalex.org/I170486558,http://www.w3.org/2002/07/owl#sameAs,exact_openalex_id,https://openalex.org/I170486558,https://openalex.org/I170486558,accepted,2026-10-04T12:06:27.079166+00:00
https://example.org/aimodels/resource/institution/I170897317,https://openalex.org/I170897317,http://www.w3.org/2002/07/owl#sameAs,exact_openalex_id,https://openalex.org/I170897317,https://openalex.org/I170897317,accepted,2026-10-04T12:06:27.079166+00:00
https://example.org/aimodels/resource/institution/I172675005,https://openalex.org/I172675005,http://www.w3.org/2002/07/owl#sameAs,exact_openalex_id,https://openalex.org/I172675005,https://openalex.org/I172675005,accepted,2026-10-04T12:06:27.079166+00:00
https://example.org/aimodels/resource/institution/I173304897,https://openalex.org/I173304897,http://www.w3.org/2002/07/owl#sameAs,exact_openalex_id,https://openalex.org/I173304897,https://openalex.org/I173304897,accepted,2026-10-04T12:06:27.079166+00:00
https://example.org/aimodels/resource/institution/I177725633,https://openalex.org/I177725633,http://www.w3.org/2002/07/owl#sameAs,exact_openalex_id,https://openalex.org/I177725633,https://openalex.org/I177725633,accepted,2026-10-04T12:06:27.079166+00:00
https://example.org/aimodels/resource/institution/I177877127,https://openalex.org/I177877127,http://www.w3.org/2002/07/owl#sameAs,exact_openalex_id,https://openalex.org/I177877127,https://openalex.org/I177877127,accepted,2026-10-04T12:06:27.079166+00:00
https://example.org/aimodels/resource/institution/I181233156,https://openalex.org/I181233156,http://www.w3.org/2002/07/owl#sameAs,exact_openalex_id,https://openalex.org/I181233156,https://openalex.org/I181233156,accepted,2026-10-04T12:06:27.079166+00:00
https://example.org/aimodels/resource/institution/I181343428,https://openalex.org/I181343428,http://www.w3.org/2002/07/owl#sameAs,exact_openalex_id,https://openalex.org/I181343428,https://openalex.org/I181343428,accepted,2026-10-04T12:06:27.079166+00:00
https://example.org/aimodels/resource/institution/I181369854,https://openalex.org/I181369854,http://www.w3.org/2002/07/owl#sameAs,exact_openalex_id,https://openalex.org/I181369854,https://openalex.org/I181369854,accepted,2026-10-04T12:06:27.079166+00:00
https://example.org/aimodels/resource/institution/I181647926,https://openalex.org/I181647926,http://www.w3.org/2002/07/owl#sameAs,exact_openalex_id,https://openalex.org/I181647926,https://openalex.org/I181647926,accepted,2026-10-04T12:06:27.079166+00:00
https://example.org/aimodels/resource/institution/I181727666,https://openalex.org/I181727666,http://www.w3.org/2002/07/owl#sameAs,exact_openalex_id,https://openalex.org/I181727666,https://openalex.org/I181727666,accepted,2026-10-04T12:06:27.079166+00:00
https://example.org/aimodels/resource/institution/I183067930,https://openalex.org/I183067930,http://www.w3.org/2002/07/owl#sameAs,exact_openalex_id,https://openalex.org/I183067930,https://openalex.org/I183067930,accepted,2026-10-04T12:06:27.079166+00:00
https://example.org/aimodels/resource/institution/I183697816,https://openalex.org/I183697816,http://www.w3.org/2002/07/owl#sameAs,exact_openalex_id,https://openalex.org/I183697816,https://openalex.org/I183697816,accepted,2026-10-04T12:06:27.079166+00:00
https://example.org/aimodels/resource/institution/I183934855,https://openalex.org/I183934855,http://www.w3.org/2002/07/owl#sameAs,exact_openalex_id,https://openalex.org/I183934855,https://openalex.org/I183934855,accepted,2026-10-04T12:06:27.079166+00:00
https://example.org/aimodels/resource/institution/I184656255,https://openalex.org/I184656255,http://www.w3.org/2002/07/owl#sameAs,exact_openalex_id,https://openalex.org/I184656255,https://openalex.org/I184656255,accepted,2026-10-04T12:06:27.079166+00:00
https://example.org/aimodels/resource/institution/I184942183,https://openalex.org/I184942183,http://www.w3.org/2002/07/owl#sameAs,exact_openalex_id,https://openalex.org/I184942183,https://openalex.org/I184942183,accepted,2026-10-04T12:06:27.079166+00:00
https://example.org/aimodels/resource/institution/I185261750,https://openalex.org/I185261750,http://www.w3.org/2002/07/owl#sameAs,exact_openalex_id,https://openalex.org/I185261750,https://openalex.org/I185261750,accepted,2026-10-04T12:06:27.079166+00:00
https://example.org/aimodels/resource/institution/I186143895,https://openalex.org/I186143895,http://www.w3.org/2002/07/owl#sameAs,exact_openalex_id,https://openalex.org/I186143895,https://openalex.org/I186143895,accepted,2026-10-04T12:06:27.079166+00:00
https://example.org/aimodels/resource/institution/I189196454,https://openalex.org/I189196454,http://www.w3.org/2002/07/owl#sameAs,exact_openalex_id,https://openalex.org/I189196454,https://openalex.org/I189196454,accepted,2026-10-04T12:06:27.079166+00:00
https://example.org/aimodels/resource/institution/I192455969,https://openalex.org/I192455969,http://www.w3.org/2002/07/owl#sameAs,exact_openalex_id,https://openalex.org/I192455969,https://openalex.org/I192455969,accepted,2026-10-04T12:06:27.079166+00:00
https://example.org/aimodels/resource/institution/I194450716,https://openalex.org/I194450716,http://www.w3.org/2002/07/owl#sameAs,exact_openalex_id,https://openalex.org/I194450716,https://openalex.org/I194450716,accepted,2026-10-04T12:06:27.079166+00:00
https://example.org/aimodels/resource/institution/I19820366,https://openalex.org/I19820366,http://www.w3.org/2002/07/owl#sameAs,exact_openalex_id,https://openalex.org/I19820366,https://openalex.org/I19820366,accepted,2026-10-04T12:06:27.079166+00:00
https://example.org/aimodels/resource/institution/I200284239,https://openalex.org/I200284239,http://www.w3.org/2002/07/owl#sameAs,exact_openalex_id,https://openalex.org/I200284239,https://openalex.org/I200284239,accepted,2026-10-04T12:06:27.079166+00:00
https://example.org/aimodels/resource/institution/I200332995,https://openalex.org/I200332995,http://www.w3.org/2002/07/owl#sameAs,exact_openalex_id,https://openalex.org/I200332995,https://openalex.org/I200332995,accepted,2026-10-04T12:06:27.079166+00:00
https://example.org/aimodels/resource/institution/I200650556,https://openalex.org/I200650556,http://www.w3.org/2002/07/owl#sameAs,exact_openalex_id,https://openalex.org/I200650556,https://openalex.org/I200650556,accepted,2026-10-04T12:06:27.079166+00:00
https://example.org/aimodels/resource/institution/I200719446,https://openalex.org/I200719446,http://www.w3.org/2002/07/owl#sameAs,exact_openalex_id,https://openalex.org/I200719446,https://openalex.org/I200719446,accepted,2026-10-04T12:06:27.079166+00:00
https://example.org/aimodels/resource/institution/I200769079,https://openalex.org/I200769079,http://www.w3.org/2002/07/owl#sameAs,exact_openalex_id,https://openalex.org/I200769079,https://openalex.org/I200769079,accepted,2026-10-04T12:06:27.079166+00:00
https://example.org/aimodels/resource/institution/I20089843,https://openalex.org/I20089843,http://www.w3.org/2002/07/owl#sameAs,exact_openalex_id,https://openalex.org/I20089843,https://openalex.org/I20089843,accepted,2026-10-04T12:06:27.079166+00:00
https://example.org/aimodels/resource/institution/I201448701,https://openalex.org/I201448701,http://www.w3.org/2002/07/owl#sameAs,exact_openalex_id,https://openalex.org/I201448701,https://openalex.org/I201448701,accepted,2026-10-04T12:06:27.079166+00:00
https://example.org/aimodels/resource/institution/I20231570,http://www.wikidata.org/entity/Q16952,http://www.w3.org/2002/07/owl#sameAs,openalex_declared_wikidata_id,Q16952,https://openalex.org/I20231570,accepted,2026-10-04T12:06:27.079166+00:00
https://example.org/aimodels/resource/institution/I20231570,https://openalex.org/I20231570,http://www.w3.org/2002/07/owl#sameAs,exact_openalex_id,https://openalex.org/I20231570,https://openalex.org/I20231570,accepted,2026-10-04T12:06:27.079166+00:00
https://example.org/aimodels/resource/institution/I202697423,https://openalex.org/I202697423,http://www.w3.org/2002/07/owl#sameAs,exact_openalex_id,https://openalex.org/I202697423,https://openalex.org/I202697423,accepted,2026-10-04T12:06:27.079166+00:00
https://example.org/aimodels/resource/institution/I203339264,https://openalex.org/I203339264,http://www.w3.org/2002/07/owl#sameAs,exact_openalex_id,https://openalex.org/I203339264,https://openalex.org/I203339264,accepted,2026-10-04T12:06:27.079166+00:00
https://example.org/aimodels/resource/institution/I204136569,https://openalex.org/I204136569,http://www.w3.org/2002/07/owl#sameAs,exact_openalex_id,https://openalex.org/I204136569,https://openalex.org/I204136569,accepted,2026-10-04T12:06:27.079166+00:00
https://example.org/aimodels/resource/institution/I204250578,https://openalex.org/I204250578,http://www.w3.org/2002/07/owl#sameAs,exact_openalex_id,https://openalex.org/I204250578,https://openalex.org/I204250578,accepted,2026-10-04T12:06:27.079166+00:00
https://example.org/aimodels/resource/institution/I204512498,https://openalex.org/I204512498,http://www.w3.org/2002/07/owl#sameAs,exact_openalex_id,https://openalex.org/I204512498,https://openalex.org/I204512498,accepted,2026-10-04T12:06:27.079166+00:00
https://example.org/aimodels/resource/institution/I204778367,https://openalex.org/I204778367,http://www.w3.org/2002/07/owl#sameAs,exact_openalex_id,https://openalex.org/I204778367,https://openalex.org/I204778367,accepted,2026-10-04T12:06:27.079166+00:00
https://example.org/aimodels/resource/institution/I204983213,https://openalex.org/I204983213,http://www.w3.org/2002/07/owl#sameAs,exact_openalex_id,https://openalex.org/I204983213,https://openalex.org/I204983213,accepted,2026-10-04T12:06:27.079166+00:00
https://example.org/aimodels/resource/institution/I205274468,https://openalex.org/I205274468,http://www.w3.org/2002/07/owl#sameAs,exact_openalex_id,https://openalex.org/I205274468,https://openalex.org/I205274468,accepted,2026-10-04T12:06:27.079166+00:00
https://example.org/aimodels/resource/institution/I205783295,https://openalex.org/I205783295,http://www.w3.org/2002/07/owl#sameAs,exact_openalex_id,https://openalex.org/I205783295,https://openalex.org/I205783295,accepted,2026-10-04T12:06:27.079166+00:00
https://example.org/aimodels/resource/institution/I205984670,https://openalex.org/I205984670,http://www.w3.org/2002/07/owl#sameAs,exact_openalex_id,https://openalex.org/I205984670,https://openalex.org/I205984670,accepted,2026-10-04T12:06:27.079166+00:00
https://example.org/aimodels/resource/institution/I211738395,https://openalex.org/I211738395,http://www.w3.org/2002/07/owl#sameAs,exact_openalex_id,https://openalex.org/I211738395,https://openalex.org/I211738395,accepted,2026-10-04T12:06:27.079166+00:00
https://example.org/aimodels/resource/institution/I219193219,https://openalex.org/I219193219,http://www.w3.org/2002/07/owl#sameAs,exact_openalex_id,https://openalex.org/I219193219,https://openalex.org/I219193219,accepted,2026-10-04T12:06:27.079166+00:00
https://example.org/aimodels/resource/institution/I2250653659,https://openalex.org/I2250653659,http://www.w3.org/2002/07/owl#sameAs,exact_openalex_id,https://openalex.org/I2250653659,https://openalex.org/I2250653659,accepted,2026-10-04T12:06:27.079166+00:00
https://example.org/aimodels/resource/institution/I2250955327,https://openalex.org/I2250955327,http://www.w3.org/2002/07/owl#sameAs,exact_openalex_id,https://openalex.org/I2250955327,https://openalex.org/I2250955327,accepted,2026-10-04T12:06:27.079166+00:00
https://example.org/aimodels/resource/institution/I2252078561,https://openalex.org/I2252078561,http://www.w3.org/2002/07/owl#sameAs,exact_openalex_id,https://openalex.org/I2252078561,https://openalex.org/I2252078561,accepted,2026-10-04T12:06:27.079166+00:00
https://example.org/aimodels/resource/institution/I241749,https://openalex.org/I241749,http://www.w3.org/2002/07/owl#sameAs,exact_openalex_id,https://openalex.org/I241749,https://openalex.org/I241749,accepted,2026-10-04T12:06:27.079166+00:00
https://example.org/aimodels/resource/institution/I24185976,https://openalex.org/I24185976,http://www.w3.org/2002/07/owl#sameAs,exact_openalex_id,https://openalex.org/I24185976,https://openalex.org/I24185976,accepted,2026-10-04T12:06:27.079166+00:00
https://example.org/aimodels/resource/institution/I24603500,https://openalex.org/I24603500,http://www.w3.org/2002/07/owl#sameAs,exact_openalex_id,https://openalex.org/I24603500,https://openalex.org/I24603500,accepted,2026-10-04T12:06:27.079166+00:00
https://example.org/aimodels/resource/institution/I24943067,https://openalex.org/I24943067,http://www.w3.org/2002/07/owl#sameAs,exact_openalex_id,https://openalex.org/I24943067,https://openalex.org/I24943067,accepted,2026-10-04T12:06:27.079166+00:00
https://example.org/aimodels/resource/institution/I277688954,http://dbpedia.org/resource/Paris-Saclay_University,http://www.w3.org/2002/07/owl#sameAs,dbpedia_declared_sameAs_wikidata,Q109409389,https://dbpedia.org/sparql,accepted,2026-10-04T12:07:35.731086+00:00
https://example.org/aimodels/resource/institution/I277688954,http://www.wikidata.org/entity/Q109409389,http://www.w3.org/2002/07/owl#sameAs,openalex_declared_wikidata_id,Q109409389,https://openalex.org/I277688954,accepted,2026-10-04T12:06:27.079166+00:00
https://example.org/aimodels/resource/institution/I277688954,https://openalex.org/I277688954,http://www.w3.org/2002/07/owl#sameAs,exact_openalex_id,https://openalex.org/I277688954,https://openalex.org/I277688954,accepted,2026-10-04T12:06:27.079166+00:00
https://example.org/aimodels/resource/institution/I27781120,https://openalex.org/I27781120,http://www.w3.org/2002/07/owl#sameAs,exact_openalex_id,https://openalex.org/I27781120,https://openalex.org/I27781120,accepted,2026-10-04T12:06:27.079166+00:00
https://example.org/aimodels/resource/institution/I27804330,https://openalex.org/I27804330,http://www.w3.org/2002/07/owl#sameAs,exact_openalex_id,https://openalex.org/I27804330,https://openalex.org/I27804330,accepted,2026-10-04T12:06:27.079166+00:00
https://example.org/aimodels/resource/institution/I27837315,https://openalex.org/I27837315,http://www.w3.org/2002/07/owl#sameAs,exact_openalex_id,https://openalex.org/I27837315,https://openalex.org/I27837315,accepted,2026-10-04T12:06:27.079166+00:00
https://example.org/aimodels/resource/institution/I2800274787,https://openalex.org/I2800274787,http://www.w3.org/2002/07/owl#sameAs,exact_openalex_id,https://openalex.org/I2800274787,https://openalex.org/I2800274787,accepted,2026-10-04T12:06:27.079166+00:00
https://example.org/aimodels/resource/institution/I2800288331,https://openalex.org/I2800288331,http://www.w3.org/2002/07/owl#sameAs,exact_openalex_id,https://openalex.org/I2800288331,https://openalex.org/I2800288331,accepted,2026-10-04T12:06:27.079166+00:00
https://example.org/aimodels/resource/institution/I2800548410,https://openalex.org/I2800548410,http://www.w3.org/2002/07/owl#sameAs,exact_openalex_id,https://openalex.org/I2800548410,https://openalex.org/I2800548410,accepted,2026-10-04T12:06:27.079166+00:00
https://example.org/aimodels/resource/institution/I2800717037,https://openalex.org/I2800717037,http://www.w3.org/2002/07/owl#sameAs,exact_openalex_id,https://openalex.org/I2800717037,https://openalex.org/I2800717037,accepted,2026-10-04T12:06:27.079166+00:00
https://example.org/aimodels/resource/institution/I2800794739,https://openalex.org/I2800794739,http://www.w3.org/2002/07/owl#sameAs,exact_openalex_id,https://openalex.org/I2800794739,https://openalex.org/I2800794739,accepted,2026-10-04T12:06:27.079166+00:00
https://example.org/aimodels/resource/institution/I2801240073,https://openalex.org/I2801240073,http://www.w3.org/2002/07/owl#sameAs,exact_openalex_id,https://openalex.org/I2801240073,https://openalex.org/I2801240073,accepted,2026-10-04T12:06:27.079166+00:00
https://example.org/aimodels/resource/institution/I2801670537,https://openalex.org/I2801670537,http://www.w3.org/2002/07/owl#sameAs,exact_openalex_id,https://openalex.org/I2801670537,https://openalex.org/I2801670537,accepted,2026-10-04T12:06:27.079166+00:00
https://example.org/aimodels/resource/institution/I2802519937,https://openalex.org/I2802519937,http://www.w3.org/2002/07/owl#sameAs,exact_openalex_id,https://openalex.org/I2802519937,https://openalex.org/I2802519937,accepted,2026-10-04T12:06:27.079166+00:00
https://example.org/aimodels/resource/institution/I2802567020,https://openalex.org/I2802567020,http://www.w3.org/2002/07/owl#sameAs,exact_openalex_id,https://openalex.org/I2802567020,https://openalex.org/I2802567020,accepted,2026-10-04T12:06:27.079166+00:00
https://example.org/aimodels/resource/institution/I2802841970,https://openalex.org/I2802841970,http://www.w3.org/2002/07/owl#sameAs,exact_openalex_id,https://openalex.org/I2802841970,https://openalex.org/I2802841970,accepted,2026-10-04T12:06:27.079166+00:00
https://example.org/aimodels/resource/institution/I28290843,https://openalex.org/I28290843,http://www.w3.org/2002/07/owl#sameAs,exact_openalex_id,https://openalex.org/I28290843,https://openalex.org/I28290843,accepted,2026-10-04T12:06:27.079166+00:00
https://example.org/aimodels/resource/institution/I29894533,https://openalex.org/I29894533,http://www.w3.org/2002/07/owl#sameAs,exact_openalex_id,https://openalex.org/I29894533,https://openalex.org/I29894533,accepted,2026-10-04T12:06:27.079166+00:00
https://example.org/aimodels/resource/institution/I3005327000,https://openalex.org/I3005327000,http://www.w3.org/2002/07/owl#sameAs,exact_openalex_id,https://openalex.org/I3005327000,https://openalex.org/I3005327000,accepted,2026-10-04T12:06:27.079166+00:00
https://example.org/aimodels/resource/institution/I3018771216,https://openalex.org/I3018771216,http://www.w3.org/2002/07/owl#sameAs,exact_openalex_id,https://openalex.org/I3018771216,https://openalex.org/I3018771216,accepted,2026-10-04T12:06:27.079166+00:00
https://example.org/aimodels/resource/institution/I3020783763,https://openalex.org/I3020783763,http://www.w3.org/2002/07/owl#sameAs,exact_openalex_id,https://openalex.org/I3020783763,https://openalex.org/I3020783763,accepted,2026-10-04T12:06:27.079166+00:00
https://example.org/aimodels/resource/institution/I30809798,https://openalex.org/I30809798,http://www.w3.org/2002/07/owl#sameAs,exact_openalex_id,https://openalex.org/I30809798,https://openalex.org/I30809798,accepted,2026-10-04T12:06:27.079166+00:00
https://example.org/aimodels/resource/institution/I3132934759,https://openalex.org/I3132934759,http://www.w3.org/2002/07/owl#sameAs,exact_openalex_id,https://openalex.org/I3132934759,https://openalex.org/I3132934759,accepted,2026-10-04T12:06:27.079166+00:00
https://example.org/aimodels/resource/institution/I3133055985,https://openalex.org/I3133055985,http://www.w3.org/2002/07/owl#sameAs,exact_openalex_id,https://openalex.org/I3133055985,https://openalex.org/I3133055985,accepted,2026-10-04T12:06:27.079166+00:00
https://example.org/aimodels/resource/institution/I31512782,https://openalex.org/I31512782,http://www.w3.org/2002/07/owl#sameAs,exact_openalex_id,https://openalex.org/I31512782,https://openalex.org/I31512782,accepted,2026-10-04T12:06:27.079166+00:00
https://example.org/aimodels/resource/institution/I32232075,https://openalex.org/I32232075,http://www.w3.org/2002/07/owl#sameAs,exact_openalex_id,https://openalex.org/I32232075,https://openalex.org/I32232075,accepted,2026-10-04T12:06:27.079166+00:00
https://example.org/aimodels/resource/institution/I32971472,https://openalex.org/I32971472,http://www.w3.org/2002/07/owl#sameAs,exact_openalex_id,https://openalex.org/I32971472,https://openalex.org/I32971472,accepted,2026-10-04T12:06:27.079166+00:00
https://example.org/aimodels/resource/institution/I33213144,https://openalex.org/I33213144,http://www.w3.org/2002/07/owl#sameAs,exact_openalex_id,https://openalex.org/I33213144,https://openalex.org/I33213144,accepted,2026-10-04T12:06:27.079166+00:00
https://example.org/aimodels/resource/institution/I33586908,https://openalex.org/I33586908,http://www.w3.org/2002/07/owl#sameAs,exact_openalex_id,https://openalex.org/I33586908,https://openalex.org/I33586908,accepted,2026-10-04T12:06:27.079166+00:00
https://example.org/aimodels/resource/institution/I35440088,https://openalex.org/I35440088,http://www.w3.org/2002/07/owl#sameAs,exact_openalex_id,https://openalex.org/I35440088,https://openalex.org/I35440088,accepted,2026-10-04T12:06:27.079166+00:00
https://example.org/aimodels/resource/institution/I36258959,https://openalex.org/I36258959,http://www.w3.org/2002/07/owl#sameAs,exact_openalex_id,https://openalex.org/I36258959,https://openalex.org/I36258959,accepted,2026-10-04T12:06:27.079166+00:00
https://example.org/aimodels/resource/institution/I36672615,https://openalex.org/I36672615,http://www.w3.org/2002/07/owl#sameAs,exact_openalex_id,https://openalex.org/I36672615,https://openalex.org/I36672615,accepted,2026-10-04T12:06:27.079166+00:00
https://example.org/aimodels/resource/institution/I37796252,https://openalex.org/I37796252,http://www.w3.org/2002/07/owl#sameAs,exact_openalex_id,https://openalex.org/I37796252,https://openalex.org/I37796252,accepted,2026-10-04T12:06:27.079166+00:00
https://example.org/aimodels/resource/institution/I39422238,https://openalex.org/I39422238,http://www.w3.org/2002/07/owl#sameAs,exact_openalex_id,https://openalex.org/I39422238,https://openalex.org/I39422238,accepted,2026-10-04T12:06:27.079166+00:00
https://example.org/aimodels/resource/institution/I39470171,https://openalex.org/I39470171,http://www.w3.org/2002/07/owl#sameAs,exact_openalex_id,https://openalex.org/I39470171,https://openalex.org/I39470171,accepted,2026-10-04T12:06:27.079166+00:00
https://example.org/aimodels/resource/institution/I3970730,https://openalex.org/I3970730,http://www.w3.org/2002/07/owl#sameAs,exact_openalex_id,https://openalex.org/I3970730,https://openalex.org/I3970730,accepted,2026-10-04T12:06:27.079166+00:00
https://example.org/aimodels/resource/institution/I40120149,https://openalex.org/I40120149,http://www.w3.org/2002/07/owl#sameAs,exact_openalex_id,https://openalex.org/I40120149,https://openalex.org/I40120149,accepted,2026-10-04T12:06:27.079166+00:00
https://example.org/aimodels/resource/institution/I4210086405,https://openalex.org/I4210086405,http://www.w3.org/2002/07/owl#sameAs,exact_openalex_id,https://openalex.org/I4210086405,https://openalex.org/I4210086405,accepted,2026-10-04T12:06:27.079166+00:00
https://example.org/aimodels/resource/institution/I4210086933,https://openalex.org/I4210086933,http://www.w3.org/2002/07/owl#sameAs,exact_openalex_id,https://openalex.org/I4210086933,https://openalex.org/I4210086933,accepted,2026-10-04T12:06:27.079166+00:00
https://example.org/aimodels/resource/institution/I4210087915,https://openalex.org/I4210087915,http://www.w3.org/2002/07/owl#sameAs,exact_openalex_id,https://openalex.org/I4210087915,https://openalex.org/I4210087915,accepted,2026-10-04T12:06:27.079166+00:00
https://example.org/aimodels/resource/institution/I4210088273,https://openalex.org/I4210088273,http://www.w3.org/2002/07/owl#sameAs,exact_openalex_id,https://openalex.org/I4210088273,https://openalex.org/I4210088273,accepted,2026-10-04T12:06:27.079166+00:00
https://example.org/aimodels/resource/institution/I4210089761,https://openalex.org/I4210089761,http://www.w3.org/2002/07/owl#sameAs,exact_openalex_id,https://openalex.org/I4210089761,https://openalex.org/I4210089761,accepted,2026-10-04T12:06:27.079166+00:00
https://example.org/aimodels/resource/institution/I4210090176,https://openalex.org/I4210090176,http://www.w3.org/2002/07/owl#sameAs,exact_openalex_id,https://openalex.org/I4210090176,https://openalex.org/I4210090176,accepted,2026-10-04T12:06:27.079166+00:00
https://example.org/aimodels/resource/institution/I4210090411,https://openalex.org/I4210090411,http://www.w3.org/2002/07/owl#sameAs,exact_openalex_id,https://openalex.org/I4210090411,https://openalex.org/I4210090411,accepted,2026-10-04T12:06:27.079166+00:00
https://example.org/aimodels/resource/institution/I4210097354,https://openalex.org/I4210097354,http://www.w3.org/2002/07/owl#sameAs,exact_openalex_id,https://openalex.org/I4210097354,https://openalex.org/I4210097354,accepted,2026-10-04T12:06:27.079166+00:00
https://example.org/aimodels/resource/institution/I4210100255,https://openalex.org/I4210100255,http://www.w3.org/2002/07/owl#sameAs,exact_openalex_id,https://openalex.org/I4210100255,https://openalex.org/I4210100255,accepted,2026-10-04T12:06:27.079166+00:00
https://example.org/aimodels/resource/institution/I4210100468,https://openalex.org/I4210100468,http://www.w3.org/2002/07/owl#sameAs,exact_openalex_id,https://openalex.org/I4210100468,https://openalex.org/I4210100468,accepted,2026-10-04T12:06:27.079166+00:00
https://example.org/aimodels/resource/institution/I4210105015,https://openalex.org/I4210105015,http://www.w3.org/2002/07/owl#sameAs,exact_openalex_id,https://openalex.org/I4210105015,https://openalex.org/I4210105015,accepted,2026-10-04T12:06:27.079166+00:00
https://example.org/aimodels/resource/institution/I4210108054,https://openalex.org/I4210108054,http://www.w3.org/2002/07/owl#sameAs,exact_openalex_id,https://openalex.org/I4210108054,https://openalex.org/I4210108054,accepted,2026-10-04T12:06:27.079166+00:00
https://example.org/aimodels/resource/institution/I4210109462,https://openalex.org/I4210109462,http://www.w3.org/2002/07/owl#sameAs,exact_openalex_id,https://openalex.org/I4210109462,https://openalex.org/I4210109462,accepted,2026-10-04T12:06:27.079166+00:00
https://example.org/aimodels/resource/institution/I4210109712,https://openalex.org/I4210109712,http://www.w3.org/2002/07/owl#sameAs,exact_openalex_id,https://openalex.org/I4210109712,https://openalex.org/I4210109712,accepted,2026-10-04T12:06:27.079166+00:00
https://example.org/aimodels/resource/institution/I4210111288,https://openalex.org/I4210111288,http://www.w3.org/2002/07/owl#sameAs,exact_openalex_id,https://openalex.org/I4210111288,https://openalex.org/I4210111288,accepted,2026-10-04T12:06:27.079166+00:00
https://example.org/aimodels/resource/institution/I4210112150,https://openalex.org/I4210112150,http://www.w3.org/2002/07/owl#sameAs,exact_openalex_id,https://openalex.org/I4210112150,https://openalex.org/I4210112150,accepted,2026-10-04T12:06:27.079166+00:00
https://example.org/aimodels/resource/institution/I4210113215,https://openalex.org/I4210113215,http://www.w3.org/2002/07/owl#sameAs,exact_openalex_id,https://openalex.org/I4210113215,https://openalex.org/I4210113215,accepted,2026-10-04T12:06:27.079166+00:00
https://example.org/aimodels/resource/institution/I4210113297,https://openalex.org/I4210113297,http://www.w3.org/2002/07/owl#sameAs,exact_openalex_id,https://openalex.org/I4210113297,https://openalex.org/I4210113297,accepted,2026-10-04T12:06:27.079166+00:00
https://example.org/aimodels/resource/institution/I4210113369,https://openalex.org/I4210113369,http://www.w3.org/2002/07/owl#sameAs,exact_openalex_id,https://openalex.org/I4210113369,https://openalex.org/I4210113369,accepted,2026-10-04T12:06:27.079166+00:00
https://example.org/aimodels/resource/institution/I4210113430,https://openalex.org/I4210113430,http://www.w3.org/2002/07/owl#sameAs,exact_openalex_id,https://openalex.org/I4210113430,https://openalex.org/I4210113430,accepted,2026-10-04T12:06:27.079166+00:00
https://example.org/aimodels/resource/institution/I4210114444,http://dbpedia.org/resource/Meta_Platforms,http://www.w3.org/2002/07/owl#sameAs,dbpedia_declared_sameAs_wikidata,Q380,https://dbpedia.org/sparql,accepted,2026-10-04T12:07:35.731086+00:00
https://example.org/aimodels/resource/institution/I4210114444,http://www.wikidata.org/entity/Q380,http://www.w3.org/2002/07/owl#sameAs,openalex_declared_wikidata_id,Q380,https://openalex.org/I4210114444,accepted,2026-10-04T12:06:27.079166+00:00
https://example.org/aimodels/resource/institution/I4210114444,https://openalex.org/I4210114444,http://www.w3.org/2002/07/owl#sameAs,exact_openalex_id,https://openalex.org/I4210114444,https://openalex.org/I4210114444,accepted,2026-10-04T12:06:27.079166+00:00
https://example.org/aimodels/resource/institution/I4210117544,https://openalex.org/I4210117544,http://www.w3.org/2002/07/owl#sameAs,exact_openalex_id,https://openalex.org/I4210117544,https://openalex.org/I4210117544,accepted,2026-10-04T12:06:27.079166+00:00
https://example.org/aimodels/resource/institution/I4210119109,https://openalex.org/I4210119109,http://www.w3.org/2002/07/owl#sameAs,exact_openalex_id,https://openalex.org/I4210119109,https://openalex.org/I4210119109,accepted,2026-10-04T12:06:27.079166+00:00
https://example.org/aimodels/resource/institution/I4210122524,https://openalex.org/I4210122524,http://www.w3.org/2002/07/owl#sameAs,exact_openalex_id,https://openalex.org/I4210122524,https://openalex.org/I4210122524,accepted,2026-10-04T12:06:27.079166+00:00
https://example.org/aimodels/resource/institution/I4210123185,https://openalex.org/I4210123185,http://www.w3.org/2002/07/owl#sameAs,exact_openalex_id,https://openalex.org/I4210123185,https://openalex.org/I4210123185,accepted,2026-10-04T12:06:27.079166+00:00
https://example.org/aimodels/resource/institution/I4210126328,https://openalex.org/I4210126328,http://www.w3.org/2002/07/owl#sameAs,exact_openalex_id,https://openalex.org/I4210126328,https://openalex.org/I4210126328,accepted,2026-10-04T12:06:27.079166+00:00
https://example.org/aimodels/resource/institution/I4210127509,https://openalex.org/I4210127509,http://www.w3.org/2002/07/owl#sameAs,exact_openalex_id,https://openalex.org/I4210127509,https://openalex.org/I4210127509,accepted,2026-10-04T12:06:27.079166+00:00
https://example.org/aimodels/resource/institution/I4210127875,https://openalex.org/I4210127875,http://www.w3.org/2002/07/owl#sameAs,exact_openalex_id,https://openalex.org/I4210127875,https://openalex.org/I4210127875,accepted,2026-10-04T12:06:27.079166+00:00
https://example.org/aimodels/resource/institution/I4210128584,https://openalex.org/I4210128584,http://www.w3.org/2002/07/owl#sameAs,exact_openalex_id,https://openalex.org/I4210128584,https://openalex.org/I4210128584,accepted,2026-10-04T12:06:27.079166+00:00
https://example.org/aimodels/resource/institution/I4210128801,https://openalex.org/I4210128801,http://www.w3.org/2002/07/owl#sameAs,exact_openalex_id,https://openalex.org/I4210128801,https://openalex.org/I4210128801,accepted,2026-10-04T12:06:27.079166+00:00
https://example.org/aimodels/resource/institution/I4210128818,https://openalex.org/I4210128818,http://www.w3.org/2002/07/owl#sameAs,exact_openalex_id,https://openalex.org/I4210128818,https://openalex.org/I4210128818,accepted,2026-10-04T12:06:27.079166+00:00
https://example.org/aimodels/resource/institution/I4210129183,https://openalex.org/I4210129183,http://www.w3.org/2002/07/owl#sameAs,exact_openalex_id,https://openalex.org/I4210129183,https://openalex.org/I4210129183,accepted,2026-10-04T12:06:27.079166+00:00
https://example.org/aimodels/resource/institution/I4210132444,https://openalex.org/I4210132444,http://www.w3.org/2002/07/owl#sameAs,exact_openalex_id,https://openalex.org/I4210132444,https://openalex.org/I4210132444,accepted,2026-10-04T12:06:27.079166+00:00
https://example.org/aimodels/resource/institution/I4210137306,https://openalex.org/I4210137306,http://www.w3.org/2002/07/owl#sameAs,exact_openalex_id,https://openalex.org/I4210137306,https://openalex.org/I4210137306,accepted,2026-10-04T12:06:27.079166+00:00
https://example.org/aimodels/resource/institution/I4210139777,https://openalex.org/I4210139777,http://www.w3.org/2002/07/owl#sameAs,exact_openalex_id,https://openalex.org/I4210139777,https://openalex.org/I4210139777,accepted,2026-10-04T12:06:27.079166+00:00
https://example.org/aimodels/resource/institution/I4210143797,https://openalex.org/I4210143797,http://www.w3.org/2002/07/owl#sameAs,exact_openalex_id,https://openalex.org/I4210143797,https://openalex.org/I4210143797,accepted,2026-10-04T12:06:27.079166+00:00
https://example.org/aimodels/resource/institution/I4210144566,https://openalex.org/I4210144566,http://www.w3.org/2002/07/owl#sameAs,exact_openalex_id,https://openalex.org/I4210144566,https://openalex.org/I4210144566,accepted,2026-10-04T12:06:27.079166+00:00
https://example.org/aimodels/resource/institution/I4210144925,https://openalex.org/I4210144925,http://www.w3.org/2002/07/owl#sameAs,exact_openalex_id,https://openalex.org/I4210144925,https://openalex.org/I4210144925,accepted,2026-10-04T12:06:27.079166+00:00
https://example.org/aimodels/resource/institution/I4210145761,https://openalex.org/I4210145761,http://www.w3.org/2002/07/owl#sameAs,exact_openalex_id,https://openalex.org/I4210145761,https://openalex.org/I4210145761,accepted,2026-10-04T12:06:27.079166+00:00
https://example.org/aimodels/resource/institution/I4210149760,https://openalex.org/I4210149760,http://www.w3.org/2002/07/owl#sameAs,exact_openalex_id,https://openalex.org/I4210149760,https://openalex.org/I4210149760,accepted,2026-10-04T12:06:27.079166+00:00
https://example.org/aimodels/resource/institution/I4210151025,https://openalex.org/I4210151025,http://www.w3.org/2002/07/owl#sameAs,exact_openalex_id,https://openalex.org/I4210151025,https://openalex.org/I4210151025,accepted,2026-10-04T12:06:27.079166+00:00
https://example.org/aimodels/resource/institution/I4210155268,https://openalex.org/I4210155268,http://www.w3.org/2002/07/owl#sameAs,exact_openalex_id,https://openalex.org/I4210155268,https://openalex.org/I4210155268,accepted,2026-10-04T12:06:27.079166+00:00
https://example.org/aimodels/resource/institution/I4210156221,https://openalex.org/I4210156221,http://www.w3.org/2002/07/owl#sameAs,exact_openalex_id,https://openalex.org/I4210156221,https://openalex.org/I4210156221,accepted,2026-10-04T12:06:27.079166+00:00
https://example.org/aimodels/resource/institution/I4210161460,https://openalex.org/I4210161460,http://www.w3.org/2002/07/owl#sameAs,exact_openalex_id,https://openalex.org/I4210161460,https://openalex.org/I4210161460,accepted,2026-10-04T12:06:27.079166+00:00
https://example.org/aimodels/resource/institution/I4210161954,https://openalex.org/I4210161954,http://www.w3.org/2002/07/owl#sameAs,exact_openalex_id,https://openalex.org/I4210161954,https://openalex.org/I4210161954,accepted,2026-10-04T12:06:27.079166+00:00
https://example.org/aimodels/resource/institution/I4210164937,https://openalex.org/I4210164937,http://www.w3.org/2002/07/owl#sameAs,exact_openalex_id,https://openalex.org/I4210164937,https://openalex.org/I4210164937,accepted,2026-10-04T12:06:27.079166+00:00
https://example.org/aimodels/resource/institution/I4210165038,https://openalex.org/I4210165038,http://www.w3.org/2002/07/owl#sameAs,exact_openalex_id,https://openalex.org/I4210165038,https://openalex.org/I4210165038,accepted,2026-10-04T12:06:27.079166+00:00
https://example.org/aimodels/resource/institution/I42934936,https://openalex.org/I42934936,http://www.w3.org/2002/07/owl#sameAs,exact_openalex_id,https://openalex.org/I42934936,https://openalex.org/I42934936,accepted,2026-10-04T12:06:27.079166+00:00
https://example.org/aimodels/resource/institution/I4387152856,https://openalex.org/I4387152856,http://www.w3.org/2002/07/owl#sameAs,exact_openalex_id,https://openalex.org/I4387152856,https://openalex.org/I4387152856,accepted,2026-10-04T12:06:27.079166+00:00
https://example.org/aimodels/resource/institution/I4387154989,https://openalex.org/I4387154989,http://www.w3.org/2002/07/owl#sameAs,exact_openalex_id,https://openalex.org/I4387154989,https://openalex.org/I4387154989,accepted,2026-10-04T12:06:27.079166+00:00
https://example.org/aimodels/resource/institution/I4388446376,https://openalex.org/I4388446376,http://www.w3.org/2002/07/owl#sameAs,exact_openalex_id,https://openalex.org/I4388446376,https://openalex.org/I4388446376,accepted,2026-10-04T12:06:27.079166+00:00
https://example.org/aimodels/resource/institution/I4390039327,https://openalex.org/I4390039327,http://www.w3.org/2002/07/owl#sameAs,exact_openalex_id,https://openalex.org/I4390039327,https://openalex.org/I4390039327,accepted,2026-10-04T12:06:27.079166+00:00
https://example.org/aimodels/resource/institution/I4390039331,https://openalex.org/I4390039331,http://www.w3.org/2002/07/owl#sameAs,exact_openalex_id,https://openalex.org/I4390039331,https://openalex.org/I4390039331,accepted,2026-10-04T12:06:27.079166+00:00
https://example.org/aimodels/resource/institution/I4391012619,https://openalex.org/I4391012619,http://www.w3.org/2002/07/owl#sameAs,exact_openalex_id,https://openalex.org/I4391012619,https://openalex.org/I4391012619,accepted,2026-10-04T12:06:27.079166+00:00
https://example.org/aimodels/resource/institution/I4391768003,https://openalex.org/I4391768003,http://www.w3.org/2002/07/owl#sameAs,exact_openalex_id,https://openalex.org/I4391768003,https://openalex.org/I4391768003,accepted,2026-10-04T12:06:27.079166+00:00
https://example.org/aimodels/resource/institution/I4401726783,https://openalex.org/I4401726783,http://www.w3.org/2002/07/owl#sameAs,exact_openalex_id,https://openalex.org/I4401726783,https://openalex.org/I4401726783,accepted,2026-10-04T12:06:27.079166+00:00
https://example.org/aimodels/resource/institution/I4401727009,https://openalex.org/I4401727009,http://www.w3.org/2002/07/owl#sameAs,exact_openalex_id,https://openalex.org/I4401727009,https://openalex.org/I4401727009,accepted,2026-10-04T12:06:27.079166+00:00
https://example.org/aimodels/resource/institution/I4401727010,https://openalex.org/I4401727010,http://www.w3.org/2002/07/owl#sameAs,exact_openalex_id,https://openalex.org/I4401727010,https://openalex.org/I4401727010,accepted,2026-10-04T12:06:27.079166+00:00
https://example.org/aimodels/resource/institution/I4403386549,https://openalex.org/I4403386549,http://www.w3.org/2002/07/owl#sameAs,exact_openalex_id,https://openalex.org/I4403386549,https://openalex.org/I4403386549,accepted,2026-10-04T12:06:27.079166+00:00
https://example.org/aimodels/resource/institution/I4405252760,https://openalex.org/I4405252760,http://www.w3.org/2002/07/owl#sameAs,exact_openalex_id,https://openalex.org/I4405252760,https://openalex.org/I4405252760,accepted,2026-10-04T12:06:27.079166+00:00
https://example.org/aimodels/resource/institution/I4405256866,https://openalex.org/I4405256866,http://www.w3.org/2002/07/owl#sameAs,exact_openalex_id,https://openalex.org/I4405256866,https://openalex.org/I4405256866,accepted,2026-10-04T12:06:27.079166+00:00
https://example.org/aimodels/resource/institution/I4405257960,https://openalex.org/I4405257960,http://www.w3.org/2002/07/owl#sameAs,exact_openalex_id,https://openalex.org/I4405257960,https://openalex.org/I4405257960,accepted,2026-10-04T12:06:27.079166+00:00
https://example.org/aimodels/resource/institution/I4405259410,https://openalex.org/I4405259410,http://www.w3.org/2002/07/owl#sameAs,exact_openalex_id,https://openalex.org/I4405259410,https://openalex.org/I4405259410,accepted,2026-10-04T12:06:27.079166+00:00
https://example.org/aimodels/resource/institution/I4405261730,https://openalex.org/I4405261730,http://www.w3.org/2002/07/owl#sameAs,exact_openalex_id,https://openalex.org/I4405261730,https://openalex.org/I4405261730,accepted,2026-10-04T12:06:27.079166+00:00
https://example.org/aimodels/resource/institution/I4405262426,https://openalex.org/I4405262426,http://www.w3.org/2002/07/owl#sameAs,exact_openalex_id,https://openalex.org/I4405262426,https://openalex.org/I4405262426,accepted,2026-10-04T12:06:27.079166+00:00
https://example.org/aimodels/resource/institution/I4405263052,https://openalex.org/I4405263052,http://www.w3.org/2002/07/owl#sameAs,exact_openalex_id,https://openalex.org/I4405263052,https://openalex.org/I4405263052,accepted,2026-10-04T12:06:27.079166+00:00
https://example.org/aimodels/resource/institution/I4405263145,https://openalex.org/I4405263145,http://www.w3.org/2002/07/owl#sameAs,exact_openalex_id,https://openalex.org/I4405263145,https://openalex.org/I4405263145,accepted,2026-10-04T12:06:27.079166+00:00
https://example.org/aimodels/resource/institution/I4405265933,https://openalex.org/I4405265933,http://www.w3.org/2002/07/owl#sameAs,exact_openalex_id,https://openalex.org/I4405265933,https://openalex.org/I4405265933,accepted,2026-10-04T12:06:27.079166+00:00
https://example.org/aimodels/resource/institution/I4405269264,https://openalex.org/I4405269264,http://www.w3.org/2002/07/owl#sameAs,exact_openalex_id,https://openalex.org/I4405269264,https://openalex.org/I4405269264,accepted,2026-10-04T12:06:27.079166+00:00
https://example.org/aimodels/resource/institution/I4405270671,https://openalex.org/I4405270671,http://www.w3.org/2002/07/owl#sameAs,exact_openalex_id,https://openalex.org/I4405270671,https://openalex.org/I4405270671,accepted,2026-10-04T12:06:27.079166+00:00
https://example.org/aimodels/resource/institution/I4405276343,https://openalex.org/I4405276343,http://www.w3.org/2002/07/owl#sameAs,exact_openalex_id,https://openalex.org/I4405276343,https://openalex.org/I4405276343,accepted,2026-10-04T12:06:27.079166+00:00
https://example.org/aimodels/resource/institution/I4405280640,https://openalex.org/I4405280640,http://www.w3.org/2002/07/owl#sameAs,exact_openalex_id,https://openalex.org/I4405280640,https://openalex.org/I4405280640,accepted,2026-10-04T12:06:27.079166+00:00
https://example.org/aimodels/resource/institution/I4405281272,https://openalex.org/I4405281272,http://www.w3.org/2002/07/owl#sameAs,exact_openalex_id,https://openalex.org/I4405281272,https://openalex.org/I4405281272,accepted,2026-10-04T12:06:27.079166+00:00
https://example.org/aimodels/resource/institution/I44925452,https://openalex.org/I44925452,http://www.w3.org/2002/07/owl#sameAs,exact_openalex_id,https://openalex.org/I44925452,https://openalex.org/I44925452,accepted,2026-10-04T12:06:27.079166+00:00
https://example.org/aimodels/resource/institution/I45129253,https://openalex.org/I45129253,http://www.w3.org/2002/07/owl#sameAs,exact_openalex_id,https://openalex.org/I45129253,https://openalex.org/I45129253,accepted,2026-10-04T12:06:27.079166+00:00
https://example.org/aimodels/resource/institution/I45683168,https://openalex.org/I45683168,http://www.w3.org/2002/07/owl#sameAs,exact_openalex_id,https://openalex.org/I45683168,https://openalex.org/I45683168,accepted,2026-10-04T12:06:27.079166+00:00
https://example.org/aimodels/resource/institution/I4577782,https://openalex.org/I4577782,http://www.w3.org/2002/07/owl#sameAs,exact_openalex_id,https://openalex.org/I4577782,https://openalex.org/I4577782,accepted,2026-10-04T12:06:27.079166+00:00
https://example.org/aimodels/resource/institution/I45928872,https://openalex.org/I45928872,http://www.w3.org/2002/07/owl#sameAs,exact_openalex_id,https://openalex.org/I45928872,https://openalex.org/I45928872,accepted,2026-10-04T12:06:27.079166+00:00
https://example.org/aimodels/resource/institution/I47251452,https://openalex.org/I47251452,http://www.w3.org/2002/07/owl#sameAs,exact_openalex_id,https://openalex.org/I47251452,https://openalex.org/I47251452,accepted,2026-10-04T12:06:27.079166+00:00
https://example.org/aimodels/resource/institution/I47508984,https://openalex.org/I47508984,http://www.w3.org/2002/07/owl#sameAs,exact_openalex_id,https://openalex.org/I47508984,https://openalex.org/I47508984,accepted,2026-10-04T12:06:27.079166+00:00
https://example.org/aimodels/resource/institution/I47720641,https://openalex.org/I47720641,http://www.w3.org/2002/07/owl#sameAs,exact_openalex_id,https://openalex.org/I47720641,https://openalex.org/I47720641,accepted,2026-10-04T12:06:27.079166+00:00
https://example.org/aimodels/resource/institution/I48890080,https://openalex.org/I48890080,http://www.w3.org/2002/07/owl#sameAs,exact_openalex_id,https://openalex.org/I48890080,https://openalex.org/I48890080,accepted,2026-10-04T12:06:27.079166+00:00
https://example.org/aimodels/resource/institution/I4921948,https://openalex.org/I4921948,http://www.w3.org/2002/07/owl#sameAs,exact_openalex_id,https://openalex.org/I4921948,https://openalex.org/I4921948,accepted,2026-10-04T12:06:27.079166+00:00
https://example.org/aimodels/resource/institution/I51556381,https://openalex.org/I51556381,http://www.w3.org/2002/07/owl#sameAs,exact_openalex_id,https://openalex.org/I51556381,https://openalex.org/I51556381,accepted,2026-10-04T12:06:27.079166+00:00
https://example.org/aimodels/resource/institution/I52357470,https://openalex.org/I52357470,http://www.w3.org/2002/07/owl#sameAs,exact_openalex_id,https://openalex.org/I52357470,https://openalex.org/I52357470,accepted,2026-10-04T12:06:27.079166+00:00
https://example.org/aimodels/resource/institution/I54009628,https://openalex.org/I54009628,http://www.w3.org/2002/07/owl#sameAs,exact_openalex_id,https://openalex.org/I54009628,https://openalex.org/I54009628,accepted,2026-10-04T12:06:27.079166+00:00
https://example.org/aimodels/resource/institution/I55732556,https://openalex.org/I55732556,http://www.w3.org/2002/07/owl#sameAs,exact_openalex_id,https://openalex.org/I55732556,https://openalex.org/I55732556,accepted,2026-10-04T12:06:27.079166+00:00
https://example.org/aimodels/resource/institution/I56404289,https://openalex.org/I56404289,http://www.w3.org/2002/07/owl#sameAs,exact_openalex_id,https://openalex.org/I56404289,https://openalex.org/I56404289,accepted,2026-10-04T12:06:27.079166+00:00
https://example.org/aimodels/resource/institution/I56590836,https://openalex.org/I56590836,http://www.w3.org/2002/07/owl#sameAs,exact_openalex_id,https://openalex.org/I56590836,https://openalex.org/I56590836,accepted,2026-10-04T12:06:27.079166+00:00
https://example.org/aimodels/resource/institution/I5681781,https://openalex.org/I5681781,http://www.w3.org/2002/07/owl#sameAs,exact_openalex_id,https://openalex.org/I5681781,https://openalex.org/I5681781,accepted,2026-10-04T12:06:27.079166+00:00
https://example.org/aimodels/resource/institution/I57093077,https://openalex.org/I57093077,http://www.w3.org/2002/07/owl#sameAs,exact_openalex_id,https://openalex.org/I57093077,https://openalex.org/I57093077,accepted,2026-10-04T12:06:27.079166+00:00
https://example.org/aimodels/resource/institution/I57206974,https://openalex.org/I57206974,http://www.w3.org/2002/07/owl#sameAs,exact_openalex_id,https://openalex.org/I57206974,https://openalex.org/I57206974,accepted,2026-10-04T12:06:27.079166+00:00
https://example.org/aimodels/resource/institution/I592451,https://openalex.org/I592451,http://www.w3.org/2002/07/owl#sameAs,exact_openalex_id,https://openalex.org/I592451,https://openalex.org/I592451,accepted,2026-10-04T12:06:27.079166+00:00
https://example.org/aimodels/resource/institution/I59649739,https://openalex.org/I59649739,http://www.w3.org/2002/07/owl#sameAs,exact_openalex_id,https://openalex.org/I59649739,https://openalex.org/I59649739,accepted,2026-10-04T12:06:27.079166+00:00
https://example.org/aimodels/resource/institution/I60205797,https://openalex.org/I60205797,http://www.w3.org/2002/07/owl#sameAs,exact_openalex_id,https://openalex.org/I60205797,https://openalex.org/I60205797,accepted,2026-10-04T12:06:27.079166+00:00
https://example.org/aimodels/resource/institution/I60858718,https://openalex.org/I60858718,http://www.w3.org/2002/07/owl#sameAs,exact_openalex_id,https://openalex.org/I60858718,https://openalex.org/I60858718,accepted,2026-10-04T12:06:27.079166+00:00
https://example.org/aimodels/resource/institution/I62318514,https://openalex.org/I62318514,http://www.w3.org/2002/07/owl#sameAs,exact_openalex_id,https://openalex.org/I62318514,https://openalex.org/I62318514,accepted,2026-10-04T12:06:27.079166+00:00
https://example.org/aimodels/resource/institution/I62916508,https://openalex.org/I62916508,http://www.w3.org/2002/07/owl#sameAs,exact_openalex_id,https://openalex.org/I62916508,https://openalex.org/I62916508,accepted,2026-10-04T12:06:27.079166+00:00
https://example.org/aimodels/resource/institution/I63169043,https://openalex.org/I63169043,http://www.w3.org/2002/07/owl#sameAs,exact_openalex_id,https://openalex.org/I63169043,https://openalex.org/I63169043,accepted,2026-10-04T12:06:27.079166+00:00
https://example.org/aimodels/resource/institution/I63548447,https://openalex.org/I63548447,http://www.w3.org/2002/07/owl#sameAs,exact_openalex_id,https://openalex.org/I63548447,https://openalex.org/I63548447,accepted,2026-10-04T12:06:27.079166+00:00
https://example.org/aimodels/resource/institution/I63772739,https://openalex.org/I63772739,http://www.w3.org/2002/07/owl#sameAs,exact_openalex_id,https://openalex.org/I63772739,https://openalex.org/I63772739,accepted,2026-10-04T12:06:27.079166+00:00
https://example.org/aimodels/resource/institution/I63920570,https://openalex.org/I63920570,http://www.w3.org/2002/07/owl#sameAs,exact_openalex_id,https://openalex.org/I63920570,https://openalex.org/I63920570,accepted,2026-10-04T12:06:27.079166+00:00
https://example.org/aimodels/resource/institution/I63966007,https://openalex.org/I63966007,http://www.w3.org/2002/07/owl#sameAs,exact_openalex_id,https://openalex.org/I63966007,https://openalex.org/I63966007,accepted,2026-10-04T12:06:27.079166+00:00
https://example.org/aimodels/resource/institution/I64295750,https://openalex.org/I64295750,http://www.w3.org/2002/07/owl#sameAs,exact_openalex_id,https://openalex.org/I64295750,https://openalex.org/I64295750,accepted,2026-10-04T12:06:27.079166+00:00
https://example.org/aimodels/resource/institution/I66752286,https://openalex.org/I66752286,http://www.w3.org/2002/07/owl#sameAs,exact_openalex_id,https://openalex.org/I66752286,https://openalex.org/I66752286,accepted,2026-10-04T12:06:27.079166+00:00
https://example.org/aimodels/resource/institution/I67415387,https://openalex.org/I67415387,http://www.w3.org/2002/07/owl#sameAs,exact_openalex_id,https://openalex.org/I67415387,https://openalex.org/I67415387,accepted,2026-10-04T12:06:27.079166+00:00
https://example.org/aimodels/resource/institution/I68891433,https://openalex.org/I68891433,http://www.w3.org/2002/07/owl#sameAs,exact_openalex_id,https://openalex.org/I68891433,https://openalex.org/I68891433,accepted,2026-10-04T12:06:27.079166+00:00
https://example.org/aimodels/resource/institution/I70931966,https://openalex.org/I70931966,http://www.w3.org/2002/07/owl#sameAs,exact_openalex_id,https://openalex.org/I70931966,https://openalex.org/I70931966,accepted,2026-10-04T12:06:27.079166+00:00
https://example.org/aimodels/resource/institution/I72816309,https://openalex.org/I72816309,http://www.w3.org/2002/07/owl#sameAs,exact_openalex_id,https://openalex.org/I72816309,https://openalex.org/I72816309,accepted,2026-10-04T12:06:27.079166+00:00
https://example.org/aimodels/resource/institution/I74319210,https://openalex.org/I74319210,http://www.w3.org/2002/07/owl#sameAs,exact_openalex_id,https://openalex.org/I74319210,https://openalex.org/I74319210,accepted,2026-10-04T12:06:27.079166+00:00
https://example.org/aimodels/resource/institution/I74796645,https://openalex.org/I74796645,http://www.w3.org/2002/07/owl#sameAs,exact_openalex_id,https://openalex.org/I74796645,https://openalex.org/I74796645,accepted,2026-10-04T12:06:27.079166+00:00
https://example.org/aimodels/resource/institution/I74801974,https://openalex.org/I74801974,http://www.w3.org/2002/07/owl#sameAs,exact_openalex_id,https://openalex.org/I74801974,https://openalex.org/I74801974,accepted,2026-10-04T12:06:27.079166+00:00
https://example.org/aimodels/resource/institution/I74973139,https://openalex.org/I74973139,http://www.w3.org/2002/07/owl#sameAs,exact_openalex_id,https://openalex.org/I74973139,https://openalex.org/I74973139,accepted,2026-10-04T12:06:27.079166+00:00
https://example.org/aimodels/resource/institution/I78577930,https://openalex.org/I78577930,http://www.w3.org/2002/07/owl#sameAs,exact_openalex_id,https://openalex.org/I78577930,https://openalex.org/I78577930,accepted,2026-10-04T12:06:27.079166+00:00
https://example.org/aimodels/resource/institution/I7882870,https://openalex.org/I7882870,http://www.w3.org/2002/07/owl#sameAs,exact_openalex_id,https://openalex.org/I7882870,https://openalex.org/I7882870,accepted,2026-10-04T12:06:27.079166+00:00
https://example.org/aimodels/resource/institution/I78988378,https://openalex.org/I78988378,http://www.w3.org/2002/07/owl#sameAs,exact_openalex_id,https://openalex.org/I78988378,https://openalex.org/I78988378,accepted,2026-10-04T12:06:27.079166+00:00
https://example.org/aimodels/resource/institution/I79510175,https://openalex.org/I79510175,http://www.w3.org/2002/07/owl#sameAs,exact_openalex_id,https://openalex.org/I79510175,https://openalex.org/I79510175,accepted,2026-10-04T12:06:27.079166+00:00
https://example.org/aimodels/resource/institution/I79576946,https://openalex.org/I79576946,http://www.w3.org/2002/07/owl#sameAs,exact_openalex_id,https://openalex.org/I79576946,https://openalex.org/I79576946,accepted,2026-10-04T12:06:27.079166+00:00
https://example.org/aimodels/resource/institution/I79891267,https://openalex.org/I79891267,http://www.w3.org/2002/07/owl#sameAs,exact_openalex_id,https://openalex.org/I79891267,https://openalex.org/I79891267,accepted,2026-10-04T12:06:27.079166+00:00
https://example.org/aimodels/resource/institution/I8204097,https://openalex.org/I8204097,http://www.w3.org/2002/07/owl#sameAs,exact_openalex_id,https://openalex.org/I8204097,https://openalex.org/I8204097,accepted,2026-10-04T12:06:27.079166+00:00
https://example.org/aimodels/resource/institution/I82880672,https://openalex.org/I82880672,http://www.w3.org/2002/07/owl#sameAs,exact_openalex_id,https://openalex.org/I82880672,https://openalex.org/I82880672,accepted,2026-10-04T12:06:27.079166+00:00
https://example.org/aimodels/resource/institution/I861853513,https://openalex.org/I861853513,http://www.w3.org/2002/07/owl#sameAs,exact_openalex_id,https://openalex.org/I861853513,https://openalex.org/I861853513,accepted,2026-10-04T12:06:27.079166+00:00
https://example.org/aimodels/resource/institution/I86519309,https://openalex.org/I86519309,http://www.w3.org/2002/07/owl#sameAs,exact_openalex_id,https://openalex.org/I86519309,https://openalex.org/I86519309,accepted,2026-10-04T12:06:27.079166+00:00
https://example.org/aimodels/resource/institution/I865915315,https://openalex.org/I865915315,http://www.w3.org/2002/07/owl#sameAs,exact_openalex_id,https://openalex.org/I865915315,https://openalex.org/I865915315,accepted,2026-10-04T12:06:27.079166+00:00
https://example.org/aimodels/resource/institution/I87216513,https://openalex.org/I87216513,http://www.w3.org/2002/07/owl#sameAs,exact_openalex_id,https://openalex.org/I87216513,https://openalex.org/I87216513,accepted,2026-10-04T12:06:27.079166+00:00
https://example.org/aimodels/resource/institution/I87445476,https://openalex.org/I87445476,http://www.w3.org/2002/07/owl#sameAs,exact_openalex_id,https://openalex.org/I87445476,https://openalex.org/I87445476,accepted,2026-10-04T12:06:27.079166+00:00
https://example.org/aimodels/resource/institution/I876193797,https://openalex.org/I876193797,http://www.w3.org/2002/07/owl#sameAs,exact_openalex_id,https://openalex.org/I876193797,https://openalex.org/I876193797,accepted,2026-10-04T12:06:27.079166+00:00
https://example.org/aimodels/resource/institution/I881766915,https://openalex.org/I881766915,http://www.w3.org/2002/07/owl#sameAs,exact_openalex_id,https://openalex.org/I881766915,https://openalex.org/I881766915,accepted,2026-10-04T12:06:27.079166+00:00
https://example.org/aimodels/resource/institution/I887968799,https://openalex.org/I887968799,http://www.w3.org/2002/07/owl#sameAs,exact_openalex_id,https://openalex.org/I887968799,https://openalex.org/I887968799,accepted,2026-10-04T12:06:27.079166+00:00
https://example.org/aimodels/resource/institution/I88830068,https://openalex.org/I88830068,http://www.w3.org/2002/07/owl#sameAs,exact_openalex_id,https://openalex.org/I88830068,https://openalex.org/I88830068,accepted,2026-10-04T12:06:27.079166+00:00
https://example.org/aimodels/resource/institution/I889458895,https://openalex.org/I889458895,http://www.w3.org/2002/07/owl#sameAs,exact_openalex_id,https://openalex.org/I889458895,https://openalex.org/I889458895,accepted,2026-10-04T12:06:27.079166+00:00
https://example.org/aimodels/resource/institution/I91712215,https://openalex.org/I91712215,http://www.w3.org/2002/07/owl#sameAs,exact_openalex_id,https://openalex.org/I91712215,https://openalex.org/I91712215,accepted,2026-10-04T12:06:27.079166+00:00
https://example.org/aimodels/resource/institution/I92869138,https://openalex.org/I92869138,http://www.w3.org/2002/07/owl#sameAs,exact_openalex_id,https://openalex.org/I92869138,https://openalex.org/I92869138,accepted,2026-10-04T12:06:27.079166+00:00
https://example.org/aimodels/resource/institution/I93131583,https://openalex.org/I93131583,http://www.w3.org/2002/07/owl#sameAs,exact_openalex_id,https://openalex.org/I93131583,https://openalex.org/I93131583,accepted,2026-10-04T12:06:27.079166+00:00
https://example.org/aimodels/resource/institution/I95457486,http://www.wikidata.org/entity/Q168756,http://www.w3.org/2002/07/owl#sameAs,openalex_declared_wikidata_id,Q168756,https://openalex.org/I95457486,accepted,2026-10-04T12:06:27.079166+00:00
https://example.org/aimodels/resource/institution/I95457486,https://openalex.org/I95457486,http://www.w3.org/2002/07/owl#sameAs,exact_openalex_id,https://openalex.org/I95457486,https://openalex.org/I95457486,accepted,2026-10-04T12:06:27.079166+00:00
https://example.org/aimodels/resource/institution/I97018004,http://www.wikidata.org/entity/Q41506,http://www.w3.org/2002/07/owl#sameAs,openalex_declared_wikidata_id,Q41506,https://openalex.org/I97018004,accepted,2026-10-04T12:06:27.079166+00:00
https://example.org/aimodels/resource/institution/I97018004,https://openalex.org/I97018004,http://www.w3.org/2002/07/owl#sameAs,exact_openalex_id,https://openalex.org/I97018004,https://openalex.org/I97018004,accepted,2026-10-04T12:06:27.079166+00:00
https://example.org/aimodels/resource/institution/I98251732,https://openalex.org/I98251732,http://www.w3.org/2002/07/owl#sameAs,exact_openalex_id,https://openalex.org/I98251732,https://openalex.org/I98251732,accepted,2026-10-04T12:06:27.079166+00:00
https://example.org/aimodels/resource/institution/I98301712,https://openalex.org/I98301712,http://www.w3.org/2002/07/owl#sameAs,exact_openalex_id,https://openalex.org/I98301712,https://openalex.org/I98301712,accepted,2026-10-04T12:06:27.079166+00:00
https://example.org/aimodels/resource/institution/I98381234,https://openalex.org/I98381234,http://www.w3.org/2002/07/owl#sameAs,exact_openalex_id,https://openalex.org/I98381234,https://openalex.org/I98381234,accepted,2026-10-04T12:06:27.079166+00:00
https://example.org/aimodels/resource/institution/I98677209,https://openalex.org/I98677209,http://www.w3.org/2002/07/owl#sameAs,exact_openalex_id,https://openalex.org/I98677209,https://openalex.org/I98677209,accepted,2026-10-04T12:06:27.079166+00:00
https://example.org/aimodels/resource/institution/I99043593,https://openalex.org/I99043593,http://www.w3.org/2002/07/owl#sameAs,exact_openalex_id,https://openalex.org/I99043593,https://openalex.org/I99043593,accepted,2026-10-04T12:06:27.079166+00:00
https://example.org/aimodels/resource/institution/I99065089,https://openalex.org/I99065089,http://www.w3.org/2002/07/owl#sameAs,exact_openalex_id,https://openalex.org/I99065089,https://openalex.org/I99065089,accepted,2026-10-04T12:06:27.079166+00:00
https://example.org/aimodels/resource/institution/I9927081,https://openalex.org/I9927081,http://www.w3.org/2002/07/owl#sameAs,exact_openalex_id,https://openalex.org/I9927081,https://openalex.org/I9927081,accepted,2026-10-04T12:06:27.079166+00:00
https://example.org/aimodels/resource/paper/W1524333225,https://openalex.org/W1524333225,http://www.w3.org/2002/07/owl#sameAs,exact_openalex_id,https://openalex.org/W1524333225,https://openalex.org/W1524333225,accepted,2026-10-04T12:06:27.079166+00:00
https://example.org/aimodels/resource/paper/W1525961042,https://openalex.org/W1525961042,http://www.w3.org/2002/07/owl#sameAs,exact_openalex_id,https://openalex.org/W1525961042,https://openalex.org/W1525961042,accepted,2026-10-04T12:06:27.079166+00:00
https://example.org/aimodels/resource/paper/W1539309091,https://openalex.org/W1539309091,http://www.w3.org/2002/07/owl#sameAs,exact_openalex_id,https://openalex.org/W1539309091,https://openalex.org/W1539309091,accepted,2026-10-04T12:06:27.079166+00:00
https://example.org/aimodels/resource/paper/W1800356822,https://openalex.org/W1800356822,http://www.w3.org/2002/07/owl#sameAs,exact_openalex_id,https://openalex.org/W1800356822,https://openalex.org/W1800356822,accepted,2026-10-04T12:06:27.079166+00:00
https://example.org/aimodels/resource/paper/W2109664771,https://openalex.org/W2109664771,http://www.w3.org/2002/07/owl#sameAs,exact_openalex_id,https://openalex.org/W2109664771,https://openalex.org/W2109664771,accepted,2026-10-04T12:06:27.079166+00:00
https://example.org/aimodels/resource/paper/W2541884796,https://openalex.org/W2541884796,http://www.w3.org/2002/07/owl#sameAs,exact_openalex_id,https://openalex.org/W2541884796,https://openalex.org/W2541884796,accepted,2026-10-04T12:06:27.079166+00:00
https://example.org/aimodels/resource/paper/W2889326796,https://openalex.org/W2889326796,http://www.w3.org/2002/07/owl#sameAs,exact_openalex_id,https://openalex.org/W2889326796,https://openalex.org/W2889326796,accepted,2026-10-04T12:06:27.079166+00:00
https://example.org/aimodels/resource/paper/W2896457183,https://openalex.org/W2896457183,http://www.w3.org/2002/07/owl#sameAs,exact_openalex_id,https://openalex.org/W2896457183,https://openalex.org/W2896457183,accepted,2026-10-04T12:06:27.079166+00:00
https://example.org/aimodels/resource/paper/W2936262349,https://openalex.org/W2936262349,http://www.w3.org/2002/07/owl#sameAs,exact_openalex_id,https://openalex.org/W2936262349,https://openalex.org/W2936262349,accepted,2026-10-04T12:06:27.079166+00:00
https://example.org/aimodels/resource/paper/W2938704169,https://openalex.org/W2938704169,http://www.w3.org/2002/07/owl#sameAs,exact_openalex_id,https://openalex.org/W2938704169,https://openalex.org/W2938704169,accepted,2026-10-04T12:06:27.079166+00:00
https://example.org/aimodels/resource/paper/W2946930197,https://openalex.org/W2946930197,http://www.w3.org/2002/07/owl#sameAs,exact_openalex_id,https://openalex.org/W2946930197,https://openalex.org/W2946930197,accepted,2026-10-04T12:06:27.079166+00:00
https://example.org/aimodels/resource/paper/W2948223045,https://openalex.org/W2948223045,http://www.w3.org/2002/07/owl#sameAs,exact_openalex_id,https://openalex.org/W2948223045,https://openalex.org/W2948223045,accepted,2026-10-04T12:06:27.079166+00:00
https://example.org/aimodels/resource/paper/W2949028947,https://openalex.org/W2949028947,http://www.w3.org/2002/07/owl#sameAs,exact_openalex_id,https://openalex.org/W2949028947,https://openalex.org/W2949028947,accepted,2026-10-04T12:06:27.079166+00:00
https://example.org/aimodels/resource/paper/W2951534261,https://openalex.org/W2951534261,http://www.w3.org/2002/07/owl#sameAs,exact_openalex_id,https://openalex.org/W2951534261,https://openalex.org/W2951534261,accepted,2026-10-04T12:06:27.079166+00:00
https://example.org/aimodels/resource/paper/W2952230511,https://openalex.org/W2952230511,http://www.w3.org/2002/07/owl#sameAs,exact_openalex_id,https://openalex.org/W2952230511,https://openalex.org/W2952230511,accepted,2026-10-04T12:06:27.079166+00:00
https://example.org/aimodels/resource/paper/W2963383024,https://openalex.org/W2963383024,http://www.w3.org/2002/07/owl#sameAs,exact_openalex_id,https://openalex.org/W2963383024,https://openalex.org/W2963383024,accepted,2026-10-04T12:06:27.079166+00:00
https://example.org/aimodels/resource/paper/W2964015378,https://openalex.org/W2964015378,http://www.w3.org/2002/07/owl#sameAs,exact_openalex_id,https://openalex.org/W2964015378,https://openalex.org/W2964015378,accepted,2026-10-04T12:06:27.079166+00:00
https://example.org/aimodels/resource/paper/W2973049837,https://openalex.org/W2973049837,http://www.w3.org/2002/07/owl#sameAs,exact_openalex_id,https://openalex.org/W2973049837,https://openalex.org/W2973049837,accepted,2026-10-04T12:06:27.079166+00:00
https://example.org/aimodels/resource/paper/W2973727699,https://openalex.org/W2973727699,http://www.w3.org/2002/07/owl#sameAs,exact_openalex_id,https://openalex.org/W2973727699,https://openalex.org/W2973727699,accepted,2026-10-04T12:06:27.079166+00:00
https://example.org/aimodels/resource/paper/W2982399380,https://openalex.org/W2982399380,http://www.w3.org/2002/07/owl#sameAs,exact_openalex_id,https://openalex.org/W2982399380,https://openalex.org/W2982399380,accepted,2026-10-04T12:06:27.079166+00:00
https://example.org/aimodels/resource/paper/W2983995706,https://openalex.org/W2983995706,http://www.w3.org/2002/07/owl#sameAs,exact_openalex_id,https://openalex.org/W2983995706,https://openalex.org/W2983995706,accepted,2026-10-04T12:06:27.079166+00:00
https://example.org/aimodels/resource/paper/W3008686018,https://openalex.org/W3008686018,http://www.w3.org/2002/07/owl#sameAs,exact_openalex_id,https://openalex.org/W3008686018,https://openalex.org/W3008686018,accepted,2026-10-04T12:06:27.079166+00:00
https://example.org/aimodels/resource/paper/W3015453090,https://openalex.org/W3015453090,http://www.w3.org/2002/07/owl#sameAs,exact_openalex_id,https://openalex.org/W3015453090,https://openalex.org/W3015453090,accepted,2026-10-04T12:06:27.079166+00:00
https://example.org/aimodels/resource/paper/W3015468748,https://openalex.org/W3015468748,http://www.w3.org/2002/07/owl#sameAs,exact_openalex_id,https://openalex.org/W3015468748,https://openalex.org/W3015468748,accepted,2026-10-04T12:06:27.079166+00:00
https://example.org/aimodels/resource/paper/W3030163527,https://openalex.org/W3030163527,http://www.w3.org/2002/07/owl#sameAs,exact_openalex_id,https://openalex.org/W3030163527,https://openalex.org/W3030163527,accepted,2026-10-04T12:06:27.079166+00:00
https://example.org/aimodels/resource/paper/W3034723486,https://openalex.org/W3034723486,http://www.w3.org/2002/07/owl#sameAs,exact_openalex_id,https://openalex.org/W3034723486,https://openalex.org/W3034723486,accepted,2026-10-04T12:06:27.079166+00:00
https://example.org/aimodels/resource/paper/W3036601975,https://openalex.org/W3036601975,http://www.w3.org/2002/07/owl#sameAs,exact_openalex_id,https://openalex.org/W3036601975,https://openalex.org/W3036601975,accepted,2026-10-04T12:06:27.079166+00:00
https://example.org/aimodels/resource/paper/W3037032032,https://openalex.org/W3037032032,http://www.w3.org/2002/07/owl#sameAs,exact_openalex_id,https://openalex.org/W3037032032,https://openalex.org/W3037032032,accepted,2026-10-04T12:06:27.079166+00:00
https://example.org/aimodels/resource/paper/W3039017601,https://openalex.org/W3039017601,http://www.w3.org/2002/07/owl#sameAs,exact_openalex_id,https://openalex.org/W3039017601,https://openalex.org/W3039017601,accepted,2026-10-04T12:06:27.079166+00:00
https://example.org/aimodels/resource/paper/W3042667808,https://openalex.org/W3042667808,http://www.w3.org/2002/07/owl#sameAs,exact_openalex_id,https://openalex.org/W3042667808,https://openalex.org/W3042667808,accepted,2026-10-04T12:06:27.079166+00:00
https://example.org/aimodels/resource/paper/W3085177480,https://openalex.org/W3085177480,http://www.w3.org/2002/07/owl#sameAs,exact_openalex_id,https://openalex.org/W3085177480,https://openalex.org/W3085177480,accepted,2026-10-04T12:06:27.079166+00:00
https://example.org/aimodels/resource/paper/W3088599783,https://openalex.org/W3088599783,http://www.w3.org/2002/07/owl#sameAs,exact_openalex_id,https://openalex.org/W3088599783,https://openalex.org/W3088599783,accepted,2026-10-04T12:06:27.079166+00:00
https://example.org/aimodels/resource/paper/W3095319910,https://openalex.org/W3095319910,http://www.w3.org/2002/07/owl#sameAs,exact_openalex_id,https://openalex.org/W3095319910,https://openalex.org/W3095319910,accepted,2026-10-04T12:06:27.079166+00:00
https://example.org/aimodels/resource/paper/W3098267758,https://openalex.org/W3098267758,http://www.w3.org/2002/07/owl#sameAs,exact_openalex_id,https://openalex.org/W3098267758,https://openalex.org/W3098267758,accepted,2026-10-04T12:06:27.079166+00:00
https://example.org/aimodels/resource/paper/W3112103703,https://openalex.org/W3112103703,http://www.w3.org/2002/07/owl#sameAs,exact_openalex_id,https://openalex.org/W3112103703,https://openalex.org/W3112103703,accepted,2026-10-04T12:06:27.079166+00:00
https://example.org/aimodels/resource/paper/W3118781290,https://openalex.org/W3118781290,http://www.w3.org/2002/07/owl#sameAs,exact_openalex_id,https://openalex.org/W3118781290,https://openalex.org/W3118781290,accepted,2026-10-04T12:06:27.079166+00:00
https://example.org/aimodels/resource/paper/W3122241445,https://openalex.org/W3122241445,http://www.w3.org/2002/07/owl#sameAs,exact_openalex_id,https://openalex.org/W3122241445,https://openalex.org/W3122241445,accepted,2026-10-04T12:06:27.079166+00:00
https://example.org/aimodels/resource/paper/W3130033937,https://openalex.org/W3130033937,http://www.w3.org/2002/07/owl#sameAs,exact_openalex_id,https://openalex.org/W3130033937,https://openalex.org/W3130033937,accepted,2026-10-04T12:06:27.079166+00:00
https://example.org/aimodels/resource/paper/W3130319171,https://openalex.org/W3130319171,http://www.w3.org/2002/07/owl#sameAs,exact_openalex_id,https://openalex.org/W3130319171,https://openalex.org/W3130319171,accepted,2026-10-04T12:06:27.079166+00:00
https://example.org/aimodels/resource/paper/W3133702157,https://openalex.org/W3133702157,http://www.w3.org/2002/07/owl#sameAs,exact_openalex_id,https://openalex.org/W3133702157,https://openalex.org/W3133702157,accepted,2026-10-04T12:06:27.079166+00:00
https://example.org/aimodels/resource/paper/W3138815606,https://openalex.org/W3138815606,http://www.w3.org/2002/07/owl#sameAs,exact_openalex_id,https://openalex.org/W3138815606,https://openalex.org/W3138815606,accepted,2026-10-04T12:06:27.079166+00:00
https://example.org/aimodels/resource/paper/W3152956381,https://openalex.org/W3152956381,http://www.w3.org/2002/07/owl#sameAs,exact_openalex_id,https://openalex.org/W3152956381,https://openalex.org/W3152956381,accepted,2026-10-04T12:06:27.079166+00:00
https://example.org/aimodels/resource/paper/W3155807546,https://openalex.org/W3155807546,http://www.w3.org/2002/07/owl#sameAs,exact_openalex_id,https://openalex.org/W3155807546,https://openalex.org/W3155807546,accepted,2026-10-04T12:06:27.079166+00:00
https://example.org/aimodels/resource/paper/W3156470785,https://openalex.org/W3156470785,http://www.w3.org/2002/07/owl#sameAs,exact_openalex_id,https://openalex.org/W3156470785,https://openalex.org/W3156470785,accepted,2026-10-04T12:06:27.079166+00:00
https://example.org/aimodels/resource/paper/W3168867926,https://openalex.org/W3168867926,http://www.w3.org/2002/07/owl#sameAs,exact_openalex_id,https://openalex.org/W3168867926,https://openalex.org/W3168867926,accepted,2026-10-04T12:06:27.079166+00:00
https://example.org/aimodels/resource/paper/W3170647102,https://openalex.org/W3170647102,http://www.w3.org/2002/07/owl#sameAs,exact_openalex_id,https://openalex.org/W3170647102,https://openalex.org/W3170647102,accepted,2026-10-04T12:06:27.079166+00:00
https://example.org/aimodels/resource/paper/W3172335055,https://openalex.org/W3172335055,http://www.w3.org/2002/07/owl#sameAs,exact_openalex_id,https://openalex.org/W3172335055,https://openalex.org/W3172335055,accepted,2026-10-04T12:06:27.079166+00:00
https://example.org/aimodels/resource/paper/W3174770825,https://openalex.org/W3174770825,http://www.w3.org/2002/07/owl#sameAs,exact_openalex_id,https://openalex.org/W3174770825,https://openalex.org/W3174770825,accepted,2026-10-04T12:06:27.079166+00:00
https://example.org/aimodels/resource/paper/W3176923149,https://openalex.org/W3176923149,http://www.w3.org/2002/07/owl#sameAs,exact_openalex_id,https://openalex.org/W3176923149,https://openalex.org/W3176923149,accepted,2026-10-04T12:06:27.079166+00:00
https://example.org/aimodels/resource/paper/W3177813494,https://openalex.org/W3177813494,http://www.w3.org/2002/07/owl#sameAs,exact_openalex_id,https://openalex.org/W3177813494,https://openalex.org/W3177813494,accepted,2026-10-04T12:06:27.079166+00:00
https://example.org/aimodels/resource/paper/W3184144760,https://openalex.org/W3184144760,http://www.w3.org/2002/07/owl#sameAs,exact_openalex_id,https://openalex.org/W3184144760,https://openalex.org/W3184144760,accepted,2026-10-04T12:06:27.079166+00:00
https://example.org/aimodels/resource/paper/W3185341429,https://openalex.org/W3185341429,http://www.w3.org/2002/07/owl#sameAs,exact_openalex_id,https://openalex.org/W3185341429,https://openalex.org/W3185341429,accepted,2026-10-04T12:06:27.079166+00:00
https://example.org/aimodels/resource/paper/W3187255235,https://openalex.org/W3187255235,http://www.w3.org/2002/07/owl#sameAs,exact_openalex_id,https://openalex.org/W3187255235,https://openalex.org/W3187255235,accepted,2026-10-04T12:06:27.079166+00:00
https://example.org/aimodels/resource/paper/W3195577433,https://openalex.org/W3195577433,http://www.w3.org/2002/07/owl#sameAs,exact_openalex_id,https://openalex.org/W3195577433,https://openalex.org/W3195577433,accepted,2026-10-04T12:06:27.079166+00:00
https://example.org/aimodels/resource/paper/W3198685994,https://openalex.org/W3198685994,http://www.w3.org/2002/07/owl#sameAs,exact_openalex_id,https://openalex.org/W3198685994,https://openalex.org/W3198685994,accepted,2026-10-04T12:06:27.079166+00:00
https://example.org/aimodels/resource/paper/W3203321135,https://openalex.org/W3203321135,http://www.w3.org/2002/07/owl#sameAs,exact_openalex_id,https://openalex.org/W3203321135,https://openalex.org/W3203321135,accepted,2026-10-04T12:06:27.079166+00:00
https://example.org/aimodels/resource/paper/W3205068155,https://openalex.org/W3205068155,http://www.w3.org/2002/07/owl#sameAs,exact_openalex_id,https://openalex.org/W3205068155,https://openalex.org/W3205068155,accepted,2026-10-04T12:06:27.079166+00:00
https://example.org/aimodels/resource/paper/W4211263275,https://openalex.org/W4211263275,http://www.w3.org/2002/07/owl#sameAs,exact_openalex_id,https://openalex.org/W4211263275,https://openalex.org/W4211263275,accepted,2026-10-04T12:06:27.079166+00:00
https://example.org/aimodels/resource/paper/W4221143046,https://openalex.org/W4221143046,http://www.w3.org/2002/07/owl#sameAs,exact_openalex_id,https://openalex.org/W4221143046,https://openalex.org/W4221143046,accepted,2026-10-04T12:06:27.079166+00:00
https://example.org/aimodels/resource/paper/W4221161695,https://openalex.org/W4221161695,http://www.w3.org/2002/07/owl#sameAs,exact_openalex_id,https://openalex.org/W4221161695,https://openalex.org/W4221161695,accepted,2026-10-04T12:06:27.079166+00:00
https://example.org/aimodels/resource/paper/W4224308101,https://openalex.org/W4224308101,http://www.w3.org/2002/07/owl#sameAs,exact_openalex_id,https://openalex.org/W4224308101,https://openalex.org/W4224308101,accepted,2026-10-04T12:06:27.079166+00:00
https://example.org/aimodels/resource/paper/W4224912544,https://openalex.org/W4224912544,http://www.w3.org/2002/07/owl#sameAs,exact_openalex_id,https://openalex.org/W4224912544,https://openalex.org/W4224912544,accepted,2026-10-04T12:06:27.079166+00:00
https://example.org/aimodels/resource/paper/W4225108562,https://openalex.org/W4225108562,http://www.w3.org/2002/07/owl#sameAs,exact_openalex_id,https://openalex.org/W4225108562,https://openalex.org/W4225108562,accepted,2026-10-04T12:06:27.079166+00:00
https://example.org/aimodels/resource/paper/W4225323055,https://openalex.org/W4225323055,http://www.w3.org/2002/07/owl#sameAs,exact_openalex_id,https://openalex.org/W4225323055,https://openalex.org/W4225323055,accepted,2026-10-04T12:06:27.079166+00:00
https://example.org/aimodels/resource/paper/W4225591000,https://openalex.org/W4225591000,http://www.w3.org/2002/07/owl#sameAs,exact_openalex_id,https://openalex.org/W4225591000,https://openalex.org/W4225591000,accepted,2026-10-04T12:06:27.079166+00:00
https://example.org/aimodels/resource/paper/W4225747866,https://openalex.org/W4225747866,http://www.w3.org/2002/07/owl#sameAs,exact_openalex_id,https://openalex.org/W4225747866,https://openalex.org/W4225747866,accepted,2026-10-04T12:06:27.079166+00:00
https://example.org/aimodels/resource/paper/W4226278401,https://openalex.org/W4226278401,http://www.w3.org/2002/07/owl#sameAs,exact_openalex_id,https://openalex.org/W4226278401,https://openalex.org/W4226278401,accepted,2026-10-04T12:06:27.079166+00:00
https://example.org/aimodels/resource/paper/W4226399820,https://openalex.org/W4226399820,http://www.w3.org/2002/07/owl#sameAs,exact_openalex_id,https://openalex.org/W4226399820,https://openalex.org/W4226399820,accepted,2026-10-04T12:06:27.079166+00:00
https://example.org/aimodels/resource/paper/W4281485151,https://openalex.org/W4281485151,http://www.w3.org/2002/07/owl#sameAs,exact_openalex_id,https://openalex.org/W4281485151,https://openalex.org/W4281485151,accepted,2026-10-04T12:06:27.079166+00:00
https://example.org/aimodels/resource/paper/W4281557260,https://openalex.org/W4281557260,http://www.w3.org/2002/07/owl#sameAs,exact_openalex_id,https://openalex.org/W4281557260,https://openalex.org/W4281557260,accepted,2026-10-04T12:06:27.079166+00:00
https://example.org/aimodels/resource/paper/W4281690148,https://openalex.org/W4281690148,http://www.w3.org/2002/07/owl#sameAs,exact_openalex_id,https://openalex.org/W4281690148,https://openalex.org/W4281690148,accepted,2026-10-04T12:06:27.079166+00:00
https://example.org/aimodels/resource/paper/W4281763794,https://openalex.org/W4281763794,http://www.w3.org/2002/07/owl#sameAs,exact_openalex_id,https://openalex.org/W4281763794,https://openalex.org/W4281763794,accepted,2026-10-04T12:06:27.079166+00:00
https://example.org/aimodels/resource/paper/W4283026156,https://openalex.org/W4283026156,http://www.w3.org/2002/07/owl#sameAs,exact_openalex_id,https://openalex.org/W4283026156,https://openalex.org/W4283026156,accepted,2026-10-04T12:06:27.079166+00:00
https://example.org/aimodels/resource/paper/W4283170666,https://openalex.org/W4283170666,http://www.w3.org/2002/07/owl#sameAs,exact_openalex_id,https://openalex.org/W4283170666,https://openalex.org/W4283170666,accepted,2026-10-04T12:06:27.079166+00:00
https://example.org/aimodels/resource/paper/W4283705032,https://openalex.org/W4283705032,http://www.w3.org/2002/07/owl#sameAs,exact_openalex_id,https://openalex.org/W4283705032,https://openalex.org/W4283705032,accepted,2026-10-04T12:06:27.079166+00:00
https://example.org/aimodels/resource/paper/W4287689466,https://openalex.org/W4287689466,http://www.w3.org/2002/07/owl#sameAs,exact_openalex_id,https://openalex.org/W4287689466,https://openalex.org/W4287689466,accepted,2026-10-04T12:06:27.079166+00:00
https://example.org/aimodels/resource/paper/W4292779060,https://openalex.org/W4292779060,http://www.w3.org/2002/07/owl#sameAs,exact_openalex_id,https://openalex.org/W4292779060,https://openalex.org/W4292779060,accepted,2026-10-04T12:06:27.079166+00:00
https://example.org/aimodels/resource/paper/W4293718192,https://openalex.org/W4293718192,http://www.w3.org/2002/07/owl#sameAs,exact_openalex_id,https://openalex.org/W4293718192,https://openalex.org/W4293718192,accepted,2026-10-04T12:06:27.079166+00:00
https://example.org/aimodels/resource/paper/W4297801719,https://openalex.org/W4297801719,http://www.w3.org/2002/07/owl#sameAs,exact_openalex_id,https://openalex.org/W4297801719,https://openalex.org/W4297801719,accepted,2026-10-04T12:06:27.079166+00:00
https://example.org/aimodels/resource/paper/W4298289240,https://openalex.org/W4298289240,http://www.w3.org/2002/07/owl#sameAs,exact_openalex_id,https://openalex.org/W4298289240,https://openalex.org/W4298289240,accepted,2026-10-04T12:06:27.079166+00:00
https://example.org/aimodels/resource/paper/W4304195432,https://openalex.org/W4304195432,http://www.w3.org/2002/07/owl#sameAs,exact_openalex_id,https://openalex.org/W4304195432,https://openalex.org/W4304195432,accepted,2026-10-04T12:06:27.079166+00:00
https://example.org/aimodels/resource/paper/W4307079201,https://openalex.org/W4307079201,http://www.w3.org/2002/07/owl#sameAs,exact_openalex_id,https://openalex.org/W4307079201,https://openalex.org/W4307079201,accepted,2026-10-04T12:06:27.079166+00:00
https://example.org/aimodels/resource/paper/W4307888124,https://openalex.org/W4307888124,http://www.w3.org/2002/07/owl#sameAs,exact_openalex_id,https://openalex.org/W4307888124,https://openalex.org/W4307888124,accepted,2026-10-04T12:06:27.079166+00:00
https://example.org/aimodels/resource/paper/W4309674289,https://openalex.org/W4309674289,http://www.w3.org/2002/07/owl#sameAs,exact_openalex_id,https://openalex.org/W4309674289,https://openalex.org/W4309674289,accepted,2026-10-04T12:06:27.079166+00:00
https://example.org/aimodels/resource/paper/W4311642023,https://openalex.org/W4311642023,http://www.w3.org/2002/07/owl#sameAs,exact_openalex_id,https://openalex.org/W4311642023,https://openalex.org/W4311642023,accepted,2026-10-04T12:06:27.079166+00:00
https://example.org/aimodels/resource/paper/W4312220150,https://openalex.org/W4312220150,http://www.w3.org/2002/07/owl#sameAs,exact_openalex_id,https://openalex.org/W4312220150,https://openalex.org/W4312220150,accepted,2026-10-04T12:06:27.079166+00:00
https://example.org/aimodels/resource/paper/W4313485929,https://openalex.org/W4313485929,http://www.w3.org/2002/07/owl#sameAs,exact_openalex_id,https://openalex.org/W4313485929,https://openalex.org/W4313485929,accepted,2026-10-04T12:06:27.079166+00:00
https://example.org/aimodels/resource/paper/W4318014888,https://openalex.org/W4318014888,http://www.w3.org/2002/07/owl#sameAs,exact_openalex_id,https://openalex.org/W4318014888,https://openalex.org/W4318014888,accepted,2026-10-04T12:06:27.079166+00:00
https://example.org/aimodels/resource/paper/W4318464200,https://openalex.org/W4318464200,http://www.w3.org/2002/07/owl#sameAs,exact_openalex_id,https://openalex.org/W4318464200,https://openalex.org/W4318464200,accepted,2026-10-04T12:06:27.079166+00:00
https://example.org/aimodels/resource/paper/W4318718936,https://openalex.org/W4318718936,http://www.w3.org/2002/07/owl#sameAs,exact_openalex_id,https://openalex.org/W4318718936,https://openalex.org/W4318718936,accepted,2026-10-04T12:06:27.079166+00:00
https://example.org/aimodels/resource/paper/W4319831789,https://openalex.org/W4319831789,http://www.w3.org/2002/07/owl#sameAs,exact_openalex_id,https://openalex.org/W4319831789,https://openalex.org/W4319831789,accepted,2026-10-04T12:06:27.079166+00:00
https://example.org/aimodels/resource/paper/W4320495408,https://openalex.org/W4320495408,http://www.w3.org/2002/07/owl#sameAs,exact_openalex_id,https://openalex.org/W4320495408,https://openalex.org/W4320495408,accepted,2026-10-04T12:06:27.079166+00:00
https://example.org/aimodels/resource/paper/W4321649710,https://openalex.org/W4321649710,http://www.w3.org/2002/07/owl#sameAs,exact_openalex_id,https://openalex.org/W4321649710,https://openalex.org/W4321649710,accepted,2026-10-04T12:06:27.079166+00:00
https://example.org/aimodels/resource/paper/W4322718191,https://openalex.org/W4322718191,http://www.w3.org/2002/07/owl#sameAs,exact_openalex_id,https://openalex.org/W4322718191,https://openalex.org/W4322718191,accepted,2026-10-04T12:06:27.079166+00:00
https://example.org/aimodels/resource/paper/W4322766882,https://openalex.org/W4322766882,http://www.w3.org/2002/07/owl#sameAs,exact_openalex_id,https://openalex.org/W4322766882,https://openalex.org/W4322766882,accepted,2026-10-04T12:06:27.079166+00:00
https://example.org/aimodels/resource/paper/W4327810158,https://openalex.org/W4327810158,http://www.w3.org/2002/07/owl#sameAs,exact_openalex_id,https://openalex.org/W4327810158,https://openalex.org/W4327810158,accepted,2026-10-04T12:06:27.079166+00:00
https://example.org/aimodels/resource/paper/W4362466759,https://openalex.org/W4362466759,http://www.w3.org/2002/07/owl#sameAs,exact_openalex_id,https://openalex.org/W4362466759,https://openalex.org/W4362466759,accepted,2026-10-04T12:06:27.079166+00:00
https://example.org/aimodels/resource/paper/W4362515116,https://openalex.org/W4362515116,http://www.w3.org/2002/07/owl#sameAs,exact_openalex_id,https://openalex.org/W4362515116,https://openalex.org/W4362515116,accepted,2026-10-04T12:06:27.079166+00:00
https://example.org/aimodels/resource/paper/W4362581834,https://openalex.org/W4362581834,http://www.w3.org/2002/07/owl#sameAs,exact_openalex_id,https://openalex.org/W4362581834,https://openalex.org/W4362581834,accepted,2026-10-04T12:06:27.079166+00:00
https://example.org/aimodels/resource/paper/W4365143687,https://openalex.org/W4365143687,http://www.w3.org/2002/07/owl#sameAs,exact_openalex_id,https://openalex.org/W4365143687,https://openalex.org/W4365143687,accepted,2026-10-04T12:06:27.079166+00:00
https://example.org/aimodels/resource/paper/W4366208220,https://openalex.org/W4366208220,http://www.w3.org/2002/07/owl#sameAs,exact_openalex_id,https://openalex.org/W4366208220,https://openalex.org/W4366208220,accepted,2026-10-04T12:06:27.079166+00:00
https://example.org/aimodels/resource/paper/W4366330503,https://openalex.org/W4366330503,http://www.w3.org/2002/07/owl#sameAs,exact_openalex_id,https://openalex.org/W4366330503,https://openalex.org/W4366330503,accepted,2026-10-04T12:06:27.079166+00:00
https://example.org/aimodels/resource/paper/W4366850747,https://openalex.org/W4366850747,http://www.w3.org/2002/07/owl#sameAs,exact_openalex_id,https://openalex.org/W4366850747,https://openalex.org/W4366850747,accepted,2026-10-04T12:06:27.079166+00:00
https://example.org/aimodels/resource/paper/W4367055910,https://openalex.org/W4367055910,http://www.w3.org/2002/07/owl#sameAs,exact_openalex_id,https://openalex.org/W4367055910,https://openalex.org/W4367055910,accepted,2026-10-04T12:06:27.079166+00:00
https://example.org/aimodels/resource/paper/W4367595583,https://openalex.org/W4367595583,http://www.w3.org/2002/07/owl#sameAs,exact_openalex_id,https://openalex.org/W4367595583,https://openalex.org/W4367595583,accepted,2026-10-04T12:06:27.079166+00:00
https://example.org/aimodels/resource/paper/W4367678106,https://openalex.org/W4367678106,http://www.w3.org/2002/07/owl#sameAs,exact_openalex_id,https://openalex.org/W4367678106,https://openalex.org/W4367678106,accepted,2026-10-04T12:06:27.079166+00:00
https://example.org/aimodels/resource/paper/W4376226279,https://openalex.org/W4376226279,http://www.w3.org/2002/07/owl#sameAs,exact_openalex_id,https://openalex.org/W4376226279,https://openalex.org/W4376226279,accepted,2026-10-04T12:06:27.079166+00:00
https://example.org/aimodels/resource/paper/W4377130677,https://openalex.org/W4377130677,http://www.w3.org/2002/07/owl#sameAs,exact_openalex_id,https://openalex.org/W4377130677,https://openalex.org/W4377130677,accepted,2026-10-04T12:06:27.079166+00:00
https://example.org/aimodels/resource/paper/W4378189609,https://openalex.org/W4378189609,http://www.w3.org/2002/07/owl#sameAs,exact_openalex_id,https://openalex.org/W4378189609,https://openalex.org/W4378189609,accepted,2026-10-04T12:06:27.079166+00:00
https://example.org/aimodels/resource/paper/W4379598302,https://openalex.org/W4379598302,http://www.w3.org/2002/07/owl#sameAs,exact_openalex_id,https://openalex.org/W4379598302,https://openalex.org/W4379598302,accepted,2026-10-04T12:06:27.079166+00:00
https://example.org/aimodels/resource/paper/W4379769651,https://openalex.org/W4379769651,http://www.w3.org/2002/07/owl#sameAs,exact_openalex_id,https://openalex.org/W4379769651,https://openalex.org/W4379769651,accepted,2026-10-04T12:06:27.079166+00:00
https://example.org/aimodels/resource/paper/W4380353763,https://openalex.org/W4380353763,http://www.w3.org/2002/07/owl#sameAs,exact_openalex_id,https://openalex.org/W4380353763,https://openalex.org/W4380353763,accepted,2026-10-04T12:06:27.079166+00:00
https://example.org/aimodels/resource/paper/W4380874786,https://openalex.org/W4380874786,http://www.w3.org/2002/07/owl#sameAs,exact_openalex_id,https://openalex.org/W4380874786,https://openalex.org/W4380874786,accepted,2026-10-04T12:06:27.079166+00:00
https://example.org/aimodels/resource/paper/W4381252028,https://openalex.org/W4381252028,http://www.w3.org/2002/07/owl#sameAs,exact_openalex_id,https://openalex.org/W4381252028,https://openalex.org/W4381252028,accepted,2026-10-04T12:06:27.079166+00:00
https://example.org/aimodels/resource/paper/W4381511236,https://openalex.org/W4381511236,http://www.w3.org/2002/07/owl#sameAs,exact_openalex_id,https://openalex.org/W4381511236,https://openalex.org/W4381511236,accepted,2026-10-04T12:06:27.079166+00:00
https://example.org/aimodels/resource/paper/W4382246105,https://openalex.org/W4382246105,http://www.w3.org/2002/07/owl#sameAs,exact_openalex_id,https://openalex.org/W4382246105,https://openalex.org/W4382246105,accepted,2026-10-04T12:06:27.079166+00:00
https://example.org/aimodels/resource/paper/W4383097638,https://openalex.org/W4383097638,http://www.w3.org/2002/07/owl#sameAs,exact_openalex_id,https://openalex.org/W4383097638,https://openalex.org/W4383097638,accepted,2026-10-04T12:06:27.079166+00:00
https://example.org/aimodels/resource/paper/W4383108457,https://openalex.org/W4383108457,http://www.w3.org/2002/07/owl#sameAs,exact_openalex_id,https://openalex.org/W4383108457,https://openalex.org/W4383108457,accepted,2026-10-04T12:06:27.079166+00:00
https://example.org/aimodels/resource/paper/W4384071683,https://openalex.org/W4384071683,http://www.w3.org/2002/07/owl#sameAs,exact_openalex_id,https://openalex.org/W4384071683,https://openalex.org/W4384071683,accepted,2026-10-04T12:06:27.079166+00:00
https://example.org/aimodels/resource/paper/W4384662964,https://openalex.org/W4384662964,http://www.w3.org/2002/07/owl#sameAs,exact_openalex_id,https://openalex.org/W4384662964,https://openalex.org/W4384662964,accepted,2026-10-04T12:06:27.079166+00:00
https://example.org/aimodels/resource/paper/W4384918448,https://openalex.org/W4384918448,http://www.w3.org/2002/07/owl#sameAs,exact_openalex_id,https://openalex.org/W4384918448,https://openalex.org/W4384918448,accepted,2026-10-04T12:06:27.079166+00:00
https://example.org/aimodels/resource/paper/W4384934594,https://openalex.org/W4384934594,http://www.w3.org/2002/07/owl#sameAs,exact_openalex_id,https://openalex.org/W4384934594,https://openalex.org/W4384934594,accepted,2026-10-04T12:06:27.079166+00:00
https://example.org/aimodels/resource/paper/W4385245566,https://openalex.org/W4385245566,http://www.w3.org/2002/07/owl#sameAs,exact_openalex_id,https://openalex.org/W4385245566,https://openalex.org/W4385245566,accepted,2026-10-04T12:06:27.079166+00:00
https://example.org/aimodels/resource/paper/W4385416665,https://openalex.org/W4385416665,http://www.w3.org/2002/07/owl#sameAs,exact_openalex_id,https://openalex.org/W4385416665,https://openalex.org/W4385416665,accepted,2026-10-04T12:06:27.079166+00:00
https://example.org/aimodels/resource/paper/W4385452929,https://openalex.org/W4385452929,http://www.w3.org/2002/07/owl#sameAs,exact_openalex_id,https://openalex.org/W4385452929,https://openalex.org/W4385452929,accepted,2026-10-04T12:06:27.079166+00:00
https://example.org/aimodels/resource/paper/W4385567149,https://openalex.org/W4385567149,http://www.w3.org/2002/07/owl#sameAs,exact_openalex_id,https://openalex.org/W4385567149,https://openalex.org/W4385567149,accepted,2026-10-04T12:06:27.079166+00:00
https://example.org/aimodels/resource/paper/W4385572634,https://openalex.org/W4385572634,http://www.w3.org/2002/07/owl#sameAs,exact_openalex_id,https://openalex.org/W4385572634,https://openalex.org/W4385572634,accepted,2026-10-04T12:06:27.079166+00:00
https://example.org/aimodels/resource/paper/W4385988359,https://openalex.org/W4385988359,http://www.w3.org/2002/07/owl#sameAs,exact_openalex_id,https://openalex.org/W4385988359,https://openalex.org/W4385988359,accepted,2026-10-04T12:06:27.079166+00:00
https://example.org/aimodels/resource/paper/W4386417345,https://openalex.org/W4386417345,http://www.w3.org/2002/07/owl#sameAs,exact_openalex_id,https://openalex.org/W4386417345,https://openalex.org/W4386417345,accepted,2026-10-04T12:06:27.079166+00:00
https://example.org/aimodels/resource/paper/W4386693657,https://openalex.org/W4386693657,http://www.w3.org/2002/07/owl#sameAs,exact_openalex_id,https://openalex.org/W4386693657,https://openalex.org/W4386693657,accepted,2026-10-04T12:06:27.079166+00:00
https://example.org/aimodels/resource/paper/W4386728933,https://openalex.org/W4386728933,http://www.w3.org/2002/07/owl#sameAs,exact_openalex_id,https://openalex.org/W4386728933,https://openalex.org/W4386728933,accepted,2026-10-04T12:06:27.079166+00:00
https://example.org/aimodels/resource/paper/W4387321091,https://openalex.org/W4387321091,http://www.w3.org/2002/07/owl#sameAs,exact_openalex_id,https://openalex.org/W4387321091,https://openalex.org/W4387321091,accepted,2026-10-04T12:06:27.079166+00:00
https://example.org/aimodels/resource/paper/W4387356888,https://openalex.org/W4387356888,http://www.w3.org/2002/07/owl#sameAs,exact_openalex_id,https://openalex.org/W4387356888,https://openalex.org/W4387356888,accepted,2026-10-04T12:06:27.079166+00:00
https://example.org/aimodels/resource/paper/W4387835442,https://openalex.org/W4387835442,http://www.w3.org/2002/07/owl#sameAs,exact_openalex_id,https://openalex.org/W4387835442,https://openalex.org/W4387835442,accepted,2026-10-04T12:06:27.079166+00:00
https://example.org/aimodels/resource/paper/W4387954002,https://openalex.org/W4387954002,http://www.w3.org/2002/07/owl#sameAs,exact_openalex_id,https://openalex.org/W4387954002,https://openalex.org/W4387954002,accepted,2026-10-04T12:06:27.079166+00:00
https://example.org/aimodels/resource/paper/W4388488609,https://openalex.org/W4388488609,http://www.w3.org/2002/07/owl#sameAs,exact_openalex_id,https://openalex.org/W4388488609,https://openalex.org/W4388488609,accepted,2026-10-04T12:06:27.079166+00:00
https://example.org/aimodels/resource/paper/W4388886073,https://openalex.org/W4388886073,http://www.w3.org/2002/07/owl#sameAs,exact_openalex_id,https://openalex.org/W4388886073,https://openalex.org/W4388886073,accepted,2026-10-04T12:06:27.079166+00:00
https://example.org/aimodels/resource/paper/W4389210056,https://openalex.org/W4389210056,http://www.w3.org/2002/07/owl#sameAs,exact_openalex_id,https://openalex.org/W4389210056,https://openalex.org/W4389210056,accepted,2026-10-04T12:06:27.079166+00:00
https://example.org/aimodels/resource/paper/W4389326242,https://openalex.org/W4389326242,http://www.w3.org/2002/07/owl#sameAs,exact_openalex_id,https://openalex.org/W4389326242,https://openalex.org/W4389326242,accepted,2026-10-04T12:06:27.079166+00:00
https://example.org/aimodels/resource/paper/W4389359039,https://openalex.org/W4389359039,http://www.w3.org/2002/07/owl#sameAs,exact_openalex_id,https://openalex.org/W4389359039,https://openalex.org/W4389359039,accepted,2026-10-04T12:06:27.079166+00:00
https://example.org/aimodels/resource/paper/W4389519118,https://openalex.org/W4389519118,http://www.w3.org/2002/07/owl#sameAs,exact_openalex_id,https://openalex.org/W4389519118,https://openalex.org/W4389519118,accepted,2026-10-04T12:06:27.079166+00:00
https://example.org/aimodels/resource/paper/W4389519254,https://openalex.org/W4389519254,http://www.w3.org/2002/07/owl#sameAs,exact_openalex_id,https://openalex.org/W4389519254,https://openalex.org/W4389519254,accepted,2026-10-04T12:06:27.079166+00:00
https://example.org/aimodels/resource/paper/W4389519587,https://openalex.org/W4389519587,http://www.w3.org/2002/07/owl#sameAs,exact_openalex_id,https://openalex.org/W4389519587,https://openalex.org/W4389519587,accepted,2026-10-04T12:06:27.079166+00:00
https://example.org/aimodels/resource/paper/W4389520749,https://openalex.org/W4389520749,http://www.w3.org/2002/07/owl#sameAs,exact_openalex_id,https://openalex.org/W4389520749,https://openalex.org/W4389520749,accepted,2026-10-04T12:06:27.079166+00:00
https://example.org/aimodels/resource/paper/W4389523832,https://openalex.org/W4389523832,http://www.w3.org/2002/07/owl#sameAs,exact_openalex_id,https://openalex.org/W4389523832,https://openalex.org/W4389523832,accepted,2026-10-04T12:06:27.079166+00:00
https://example.org/aimodels/resource/paper/W4389523957,https://openalex.org/W4389523957,http://www.w3.org/2002/07/owl#sameAs,exact_openalex_id,https://openalex.org/W4389523957,https://openalex.org/W4389523957,accepted,2026-10-04T12:06:27.079166+00:00
https://example.org/aimodels/resource/paper/W4389636360,https://openalex.org/W4389636360,http://www.w3.org/2002/07/owl#sameAs,exact_openalex_id,https://openalex.org/W4389636360,https://openalex.org/W4389636360,accepted,2026-10-04T12:06:27.079166+00:00
https://example.org/aimodels/resource/paper/W4389727268,https://openalex.org/W4389727268,http://www.w3.org/2002/07/owl#sameAs,exact_openalex_id,https://openalex.org/W4389727268,https://openalex.org/W4389727268,accepted,2026-10-04T12:06:27.079166+00:00
https://example.org/aimodels/resource/paper/W4389984066,https://openalex.org/W4389984066,http://www.w3.org/2002/07/owl#sameAs,exact_openalex_id,https://openalex.org/W4389984066,https://openalex.org/W4389984066,accepted,2026-10-04T12:06:27.079166+00:00
https://example.org/aimodels/resource/paper/W4390490761,https://openalex.org/W4390490761,http://www.w3.org/2002/07/owl#sameAs,exact_openalex_id,https://openalex.org/W4390490761,https://openalex.org/W4390490761,accepted,2026-10-04T12:06:27.079166+00:00
https://example.org/aimodels/resource/paper/W4390692489,https://openalex.org/W4390692489,http://www.w3.org/2002/07/owl#sameAs,exact_openalex_id,https://openalex.org/W4390692489,https://openalex.org/W4390692489,accepted,2026-10-04T12:06:27.079166+00:00
https://example.org/aimodels/resource/paper/W4391136507,https://openalex.org/W4391136507,http://www.w3.org/2002/07/owl#sameAs,exact_openalex_id,https://openalex.org/W4391136507,https://openalex.org/W4391136507,accepted,2026-10-04T12:06:27.079166+00:00
https://example.org/aimodels/resource/paper/W4391848979,https://openalex.org/W4391848979,http://www.w3.org/2002/07/owl#sameAs,exact_openalex_id,https://openalex.org/W4391848979,https://openalex.org/W4391848979,accepted,2026-10-04T12:06:27.079166+00:00
https://example.org/aimodels/resource/paper/W4391855109,https://openalex.org/W4391855109,http://www.w3.org/2002/07/owl#sameAs,exact_openalex_id,https://openalex.org/W4391855109,https://openalex.org/W4391855109,accepted,2026-10-04T12:06:27.079166+00:00
https://example.org/aimodels/resource/paper/W4391876619,https://openalex.org/W4391876619,http://www.w3.org/2002/07/owl#sameAs,exact_openalex_id,https://openalex.org/W4391876619,https://openalex.org/W4391876619,accepted,2026-10-04T12:06:27.079166+00:00
https://example.org/aimodels/resource/paper/W4391974543,https://openalex.org/W4391974543,http://www.w3.org/2002/07/owl#sameAs,exact_openalex_id,https://openalex.org/W4391974543,https://openalex.org/W4391974543,accepted,2026-10-04T12:06:27.079166+00:00
https://example.org/aimodels/resource/paper/W4392193048,https://openalex.org/W4392193048,http://www.w3.org/2002/07/owl#sameAs,exact_openalex_id,https://openalex.org/W4392193048,https://openalex.org/W4392193048,accepted,2026-10-04T12:06:27.079166+00:00
https://example.org/aimodels/resource/paper/W4392353733,https://openalex.org/W4392353733,http://www.w3.org/2002/07/owl#sameAs,exact_openalex_id,https://openalex.org/W4392353733,https://openalex.org/W4392353733,accepted,2026-10-04T12:06:27.079166+00:00
https://example.org/aimodels/resource/paper/W4392773210,https://openalex.org/W4392773210,http://www.w3.org/2002/07/owl#sameAs,exact_openalex_id,https://openalex.org/W4392773210,https://openalex.org/W4392773210,accepted,2026-10-04T12:06:27.079166+00:00
https://example.org/aimodels/resource/paper/W4393065402,https://openalex.org/W4393065402,http://www.w3.org/2002/07/owl#sameAs,exact_openalex_id,https://openalex.org/W4393065402,https://openalex.org/W4393065402,accepted,2026-10-04T12:06:27.079166+00:00
https://example.org/aimodels/resource/paper/W4393148714,https://openalex.org/W4393148714,http://www.w3.org/2002/07/owl#sameAs,exact_openalex_id,https://openalex.org/W4393148714,https://openalex.org/W4393148714,accepted,2026-10-04T12:06:27.079166+00:00
https://example.org/aimodels/resource/paper/W4393160302,https://openalex.org/W4393160302,http://www.w3.org/2002/07/owl#sameAs,exact_openalex_id,https://openalex.org/W4393160302,https://openalex.org/W4393160302,accepted,2026-10-04T12:06:27.079166+00:00
https://example.org/aimodels/resource/paper/W4394828156,https://openalex.org/W4394828156,http://www.w3.org/2002/07/owl#sameAs,exact_openalex_id,https://openalex.org/W4394828156,https://openalex.org/W4394828156,accepted,2026-10-04T12:06:27.079166+00:00
https://example.org/aimodels/resource/paper/W4394828356,https://openalex.org/W4394828356,http://www.w3.org/2002/07/owl#sameAs,exact_openalex_id,https://openalex.org/W4394828356,https://openalex.org/W4394828356,accepted,2026-10-04T12:06:27.079166+00:00
https://example.org/aimodels/resource/paper/W4394994587,https://openalex.org/W4394994587,http://www.w3.org/2002/07/owl#sameAs,exact_openalex_id,https://openalex.org/W4394994587,https://openalex.org/W4394994587,accepted,2026-10-04T12:06:27.079166+00:00
https://example.org/aimodels/resource/paper/W4398201291,https://openalex.org/W4398201291,http://www.w3.org/2002/07/owl#sameAs,exact_openalex_id,https://openalex.org/W4398201291,https://openalex.org/W4398201291,accepted,2026-10-04T12:06:27.079166+00:00
https://example.org/aimodels/resource/paper/W4399083018,https://openalex.org/W4399083018,http://www.w3.org/2002/07/owl#sameAs,exact_openalex_id,https://openalex.org/W4399083018,https://openalex.org/W4399083018,accepted,2026-10-04T12:06:27.079166+00:00
https://example.org/aimodels/resource/paper/W4399528455,https://openalex.org/W4399528455,http://www.w3.org/2002/07/owl#sameAs,exact_openalex_id,https://openalex.org/W4399528455,https://openalex.org/W4399528455,accepted,2026-10-04T12:06:27.079166+00:00
https://example.org/aimodels/resource/paper/W4399567248,https://openalex.org/W4399567248,http://www.w3.org/2002/07/owl#sameAs,exact_openalex_id,https://openalex.org/W4399567248,https://openalex.org/W4399567248,accepted,2026-10-04T12:06:27.079166+00:00
https://example.org/aimodels/resource/paper/W4399803256,https://openalex.org/W4399803256,http://www.w3.org/2002/07/owl#sameAs,exact_openalex_id,https://openalex.org/W4399803256,https://openalex.org/W4399803256,accepted,2026-10-04T12:06:27.079166+00:00
https://example.org/aimodels/resource/paper/W4400949264,https://openalex.org/W4400949264,http://www.w3.org/2002/07/owl#sameAs,exact_openalex_id,https://openalex.org/W4400949264,https://openalex.org/W4400949264,accepted,2026-10-04T12:06:27.079166+00:00
https://example.org/aimodels/resource/paper/W4401306886,https://openalex.org/W4401306886,http://www.w3.org/2002/07/owl#sameAs,exact_openalex_id,https://openalex.org/W4401306886,https://openalex.org/W4401306886,accepted,2026-10-04T12:06:27.079166+00:00
https://example.org/aimodels/resource/paper/W4401726555,https://openalex.org/W4401726555,http://www.w3.org/2002/07/owl#sameAs,exact_openalex_id,https://openalex.org/W4401726555,https://openalex.org/W4401726555,accepted,2026-10-04T12:06:27.079166+00:00
https://example.org/aimodels/resource/paper/W4401834466,https://openalex.org/W4401834466,http://www.w3.org/2002/07/owl#sameAs,exact_openalex_id,https://openalex.org/W4401834466,https://openalex.org/W4401834466,accepted,2026-10-04T12:06:27.079166+00:00
https://example.org/aimodels/resource/paper/W4401857375,https://openalex.org/W4401857375,http://www.w3.org/2002/07/owl#sameAs,exact_openalex_id,https://openalex.org/W4401857375,https://openalex.org/W4401857375,accepted,2026-10-04T12:06:27.079166+00:00
https://example.org/aimodels/resource/paper/W4402128637,https://openalex.org/W4402128637,http://www.w3.org/2002/07/owl#sameAs,exact_openalex_id,https://openalex.org/W4402128637,https://openalex.org/W4402128637,accepted,2026-10-04T12:06:27.079166+00:00
https://example.org/aimodels/resource/paper/W4402665833,https://openalex.org/W4402665833,http://www.w3.org/2002/07/owl#sameAs,exact_openalex_id,https://openalex.org/W4402665833,https://openalex.org/W4402665833,accepted,2026-10-04T12:06:27.079166+00:00
https://example.org/aimodels/resource/paper/W4402670856,https://openalex.org/W4402670856,http://www.w3.org/2002/07/owl#sameAs,exact_openalex_id,https://openalex.org/W4402670856,https://openalex.org/W4402670856,accepted,2026-10-04T12:06:27.079166+00:00
https://example.org/aimodels/resource/paper/W4402713111,https://openalex.org/W4402713111,http://www.w3.org/2002/07/owl#sameAs,exact_openalex_id,https://openalex.org/W4402713111,https://openalex.org/W4402713111,accepted,2026-10-04T12:06:27.079166+00:00
https://example.org/aimodels/resource/paper/W4403102965,https://openalex.org/W4403102965,http://www.w3.org/2002/07/owl#sameAs,exact_openalex_id,https://openalex.org/W4403102965,https://openalex.org/W4403102965,accepted,2026-10-04T12:06:27.079166+00:00
https://example.org/aimodels/resource/paper/W4403402994,https://openalex.org/W4403402994,http://www.w3.org/2002/07/owl#sameAs,exact_openalex_id,https://openalex.org/W4403402994,https://openalex.org/W4403402994,accepted,2026-10-04T12:06:27.079166+00:00
https://example.org/aimodels/resource/paper/W4404046121,https://openalex.org/W4404046121,http://www.w3.org/2002/07/owl#sameAs,exact_openalex_id,https://openalex.org/W4404046121,https://openalex.org/W4404046121,accepted,2026-10-04T12:06:27.079166+00:00
https://example.org/aimodels/resource/paper/W4404356490,https://openalex.org/W4404356490,http://www.w3.org/2002/07/owl#sameAs,exact_openalex_id,https://openalex.org/W4404356490,https://openalex.org/W4404356490,accepted,2026-10-04T12:06:27.079166+00:00
https://example.org/aimodels/resource/paper/W4404534210,https://openalex.org/W4404534210,http://www.w3.org/2002/07/owl#sameAs,exact_openalex_id,https://openalex.org/W4404534210,https://openalex.org/W4404534210,accepted,2026-10-04T12:06:27.079166+00:00
https://example.org/aimodels/resource/paper/W4404782964,https://openalex.org/W4404782964,http://www.w3.org/2002/07/owl#sameAs,exact_openalex_id,https://openalex.org/W4404782964,https://openalex.org/W4404782964,accepted,2026-10-04T12:06:27.079166+00:00
https://example.org/aimodels/resource/paper/W4405211386,https://openalex.org/W4405211386,http://www.w3.org/2002/07/owl#sameAs,exact_openalex_id,https://openalex.org/W4405211386,https://openalex.org/W4405211386,accepted,2026-10-04T12:06:27.079166+00:00
https://example.org/aimodels/resource/paper/W4405318562,https://openalex.org/W4405318562,http://www.w3.org/2002/07/owl#sameAs,exact_openalex_id,https://openalex.org/W4405318562,https://openalex.org/W4405318562,accepted,2026-10-04T12:06:27.079166+00:00
https://example.org/aimodels/resource/paper/W4406152279,https://openalex.org/W4406152279,http://www.w3.org/2002/07/owl#sameAs,exact_openalex_id,https://openalex.org/W4406152279,https://openalex.org/W4406152279,accepted,2026-10-04T12:06:27.079166+00:00
https://example.org/aimodels/resource/paper/W4406170795,https://openalex.org/W4406170795,http://www.w3.org/2002/07/owl#sameAs,exact_openalex_id,https://openalex.org/W4406170795,https://openalex.org/W4406170795,accepted,2026-10-04T12:06:27.079166+00:00
https://example.org/aimodels/resource/paper/W4406633314,https://openalex.org/W4406633314,http://www.w3.org/2002/07/owl#sameAs,exact_openalex_id,https://openalex.org/W4406633314,https://openalex.org/W4406633314,accepted,2026-10-04T12:06:27.079166+00:00
https://example.org/aimodels/resource/paper/W4406779522,https://openalex.org/W4406779522,http://www.w3.org/2002/07/owl#sameAs,exact_openalex_id,https://openalex.org/W4406779522,https://openalex.org/W4406779522,accepted,2026-10-04T12:06:27.079166+00:00
https://example.org/aimodels/resource/paper/W4406800520,https://openalex.org/W4406800520,http://www.w3.org/2002/07/owl#sameAs,exact_openalex_id,https://openalex.org/W4406800520,https://openalex.org/W4406800520,accepted,2026-10-04T12:06:27.079166+00:00
https://example.org/aimodels/resource/paper/W4409885395,https://openalex.org/W4409885395,http://www.w3.org/2002/07/owl#sameAs,exact_openalex_id,https://openalex.org/W4409885395,https://openalex.org/W4409885395,accepted,2026-10-04T12:06:27.079166+00:00
https://example.org/aimodels/resource/paper/W4411403346,https://openalex.org/W4411403346,http://www.w3.org/2002/07/owl#sameAs,exact_openalex_id,https://openalex.org/W4411403346,https://openalex.org/W4411403346,accepted,2026-10-04T12:06:27.079166+00:00
https://example.org/aimodels/resource/paper/W4411630045,https://openalex.org/W4411630045,http://www.w3.org/2002/07/owl#sameAs,exact_openalex_id,https://openalex.org/W4411630045,https://openalex.org/W4411630045,accepted,2026-10-04T12:06:27.079166+00:00
https://example.org/aimodels/resource/paper/W4414281281,https://openalex.org/W4414281281,http://www.w3.org/2002/07/owl#sameAs,exact_openalex_id,https://openalex.org/W4414281281,https://openalex.org/W4414281281,accepted,2026-10-04T12:06:27.079166+00:00
https://example.org/aimodels/resource/paper/W7133211372,https://openalex.org/W7133211372,http://www.w3.org/2002/07/owl#sameAs,exact_openalex_id,https://openalex.org/W7133211372,https://openalex.org/W7133211372,accepted,2026-10-04T12:06:27.079166+00:00
https://example.org/aimodels/resource/paper/W7133224126,https://openalex.org/W7133224126,http://www.w3.org/2002/07/owl#sameAs,exact_openalex_id,https://openalex.org/W7133224126,https://openalex.org/W7133224126,accepted,2026-10-04T12:06:27.079166+00:00
https://example.org/aimodels/resource/paper/W7133227460,https://openalex.org/W7133227460,http://www.w3.org/2002/07/owl#sameAs,exact_openalex_id,https://openalex.org/W7133227460,https://openalex.org/W7133227460,accepted,2026-10-04T12:06:27.079166+00:00
https://example.org/aimodels/resource/paper/W7133231369,https://openalex.org/W7133231369,http://www.w3.org/2002/07/owl#sameAs,exact_openalex_id,https://openalex.org/W7133231369,https://openalex.org/W7133231369,accepted,2026-10-04T12:06:27.079166+00:00
https://example.org/aimodels/resource/person/A5000043237,https://openalex.org/A5000043237,http://www.w3.org/2002/07/owl#sameAs,exact_openalex_id,https://openalex.org/A5000043237,https://openalex.org/A5000043237,accepted,2026-10-04T12:06:27.079166+00:00
https://example.org/aimodels/resource/person/A5000080119,https://openalex.org/A5000080119,http://www.w3.org/2002/07/owl#sameAs,exact_openalex_id,https://openalex.org/A5000080119,https://openalex.org/A5000080119,accepted,2026-10-04T12:06:27.079166+00:00
https://example.org/aimodels/resource/person/A5000115067,https://openalex.org/A5000115067,http://www.w3.org/2002/07/owl#sameAs,exact_openalex_id,https://openalex.org/A5000115067,https://openalex.org/A5000115067,accepted,2026-10-04T12:06:27.079166+00:00
https://example.org/aimodels/resource/person/A5000126238,https://openalex.org/A5000126238,http://www.w3.org/2002/07/owl#sameAs,exact_openalex_id,https://openalex.org/A5000126238,https://openalex.org/A5000126238,accepted,2026-10-04T12:06:27.079166+00:00
https://example.org/aimodels/resource/person/A5000326689,https://openalex.org/A5000326689,http://www.w3.org/2002/07/owl#sameAs,exact_openalex_id,https://openalex.org/A5000326689,https://openalex.org/A5000326689,accepted,2026-10-04T12:06:27.079166+00:00
https://example.org/aimodels/resource/person/A5000432413,https://openalex.org/A5000432413,http://www.w3.org/2002/07/owl#sameAs,exact_openalex_id,https://openalex.org/A5000432413,https://openalex.org/A5000432413,accepted,2026-10-04T12:06:27.079166+00:00
https://example.org/aimodels/resource/person/A5000474748,https://openalex.org/A5000474748,http://www.w3.org/2002/07/owl#sameAs,exact_openalex_id,https://openalex.org/A5000474748,https://openalex.org/A5000474748,accepted,2026-10-04T12:06:27.079166+00:00
https://example.org/aimodels/resource/person/A5000623592,https://openalex.org/A5000623592,http://www.w3.org/2002/07/owl#sameAs,exact_openalex_id,https://openalex.org/A5000623592,https://openalex.org/A5000623592,accepted,2026-10-04T12:06:27.079166+00:00
https://example.org/aimodels/resource/person/A5000640247,https://openalex.org/A5000640247,http://www.w3.org/2002/07/owl#sameAs,exact_openalex_id,https://openalex.org/A5000640247,https://openalex.org/A5000640247,accepted,2026-10-04T12:06:27.079166+00:00
https://example.org/aimodels/resource/person/A5000668964,https://openalex.org/A5000668964,http://www.w3.org/2002/07/owl#sameAs,exact_openalex_id,https://openalex.org/A5000668964,https://openalex.org/A5000668964,accepted,2026-10-04T12:06:27.079166+00:00
https://example.org/aimodels/resource/person/A5000713520,https://openalex.org/A5000713520,http://www.w3.org/2002/07/owl#sameAs,exact_openalex_id,https://openalex.org/A5000713520,https://openalex.org/A5000713520,accepted,2026-10-04T12:06:27.079166+00:00
https://example.org/aimodels/resource/person/A5000775746,https://openalex.org/A5000775746,http://www.w3.org/2002/07/owl#sameAs,exact_openalex_id,https://openalex.org/A5000775746,https://openalex.org/A5000775746,accepted,2026-10-04T12:06:27.079166+00:00
https://example.org/aimodels/resource/person/A5000819439,https://openalex.org/A5000819439,http://www.w3.org/2002/07/owl#sameAs,exact_openalex_id,https://openalex.org/A5000819439,https://openalex.org/A5000819439,accepted,2026-10-04T12:06:27.079166+00:00
https://example.org/aimodels/resource/person/A5000991839,https://openalex.org/A5000991839,http://www.w3.org/2002/07/owl#sameAs,exact_openalex_id,https://openalex.org/A5000991839,https://openalex.org/A5000991839,accepted,2026-10-04T12:06:27.079166+00:00
https://example.org/aimodels/resource/person/A5001041485,https://openalex.org/A5001041485,http://www.w3.org/2002/07/owl#sameAs,exact_openalex_id,https://openalex.org/A5001041485,https://openalex.org/A5001041485,accepted,2026-10-04T12:06:27.079166+00:00
https://example.org/aimodels/resource/person/A5001058167,https://openalex.org/A5001058167,http://www.w3.org/2002/07/owl#sameAs,exact_openalex_id,https://openalex.org/A5001058167,https://openalex.org/A5001058167,accepted,2026-10-04T12:06:27.079166+00:00
https://example.org/aimodels/resource/person/A5001087250,https://openalex.org/A5001087250,http://www.w3.org/2002/07/owl#sameAs,exact_openalex_id,https://openalex.org/A5001087250,https://openalex.org/A5001087250,accepted,2026-10-04T12:06:27.079166+00:00
https://example.org/aimodels/resource/person/A5001094226,https://openalex.org/A5001094226,http://www.w3.org/2002/07/owl#sameAs,exact_openalex_id,https://openalex.org/A5001094226,https://openalex.org/A5001094226,accepted,2026-10-04T12:06:27.079166+00:00
https://example.org/aimodels/resource/person/A5001178359,https://openalex.org/A5001178359,http://www.w3.org/2002/07/owl#sameAs,exact_openalex_id,https://openalex.org/A5001178359,https://openalex.org/A5001178359,accepted,2026-10-04T12:06:27.079166+00:00
https://example.org/aimodels/resource/person/A5001467212,https://openalex.org/A5001467212,http://www.w3.org/2002/07/owl#sameAs,exact_openalex_id,https://openalex.org/A5001467212,https://openalex.org/A5001467212,accepted,2026-10-04T12:06:27.079166+00:00
https://example.org/aimodels/resource/person/A5001482492,https://openalex.org/A5001482492,http://www.w3.org/2002/07/owl#sameAs,exact_openalex_id,https://openalex.org/A5001482492,https://openalex.org/A5001482492,accepted,2026-10-04T12:06:27.079166+00:00
https://example.org/aimodels/resource/person/A5001562064,https://openalex.org/A5001562064,http://www.w3.org/2002/07/owl#sameAs,exact_openalex_id,https://openalex.org/A5001562064,https://openalex.org/A5001562064,accepted,2026-10-04T12:06:27.079166+00:00
https://example.org/aimodels/resource/person/A5001662671,https://openalex.org/A5001662671,http://www.w3.org/2002/07/owl#sameAs,exact_openalex_id,https://openalex.org/A5001662671,https://openalex.org/A5001662671,accepted,2026-10-04T12:06:27.079166+00:00
https://example.org/aimodels/resource/person/A5001689321,https://openalex.org/A5001689321,http://www.w3.org/2002/07/owl#sameAs,exact_openalex_id,https://openalex.org/A5001689321,https://openalex.org/A5001689321,accepted,2026-10-04T12:06:27.079166+00:00
https://example.org/aimodels/resource/person/A5001778694,https://openalex.org/A5001778694,http://www.w3.org/2002/07/owl#sameAs,exact_openalex_id,https://openalex.org/A5001778694,https://openalex.org/A5001778694,accepted,2026-10-04T12:06:27.079166+00:00
https://example.org/aimodels/resource/person/A5001848205,https://openalex.org/A5001848205,http://www.w3.org/2002/07/owl#sameAs,exact_openalex_id,https://openalex.org/A5001848205,https://openalex.org/A5001848205,accepted,2026-10-04T12:06:27.079166+00:00
https://example.org/aimodels/resource/person/A5001877137,https://openalex.org/A5001877137,http://www.w3.org/2002/07/owl#sameAs,exact_openalex_id,https://openalex.org/A5001877137,https://openalex.org/A5001877137,accepted,2026-10-04T12:06:27.079166+00:00
https://example.org/aimodels/resource/person/A5001884064,https://openalex.org/A5001884064,http://www.w3.org/2002/07/owl#sameAs,exact_openalex_id,https://openalex.org/A5001884064,https://openalex.org/A5001884064,accepted,2026-10-04T12:06:27.079166+00:00
https://example.org/aimodels/resource/person/A5001944487,https://openalex.org/A5001944487,http://www.w3.org/2002/07/owl#sameAs,exact_openalex_id,https://openalex.org/A5001944487,https://openalex.org/A5001944487,accepted,2026-10-04T12:06:27.079166+00:00
https://example.org/aimodels/resource/person/A5001961716,https://openalex.org/A5001961716,http://www.w3.org/2002/07/owl#sameAs,exact_openalex_id,https://openalex.org/A5001961716,https://openalex.org/A5001961716,accepted,2026-10-04T12:06:27.079166+00:00
https://example.org/aimodels/resource/person/A5001994692,https://openalex.org/A5001994692,http://www.w3.org/2002/07/owl#sameAs,exact_openalex_id,https://openalex.org/A5001994692,https://openalex.org/A5001994692,accepted,2026-10-04T12:06:27.079166+00:00
https://example.org/aimodels/resource/person/A5002088849,https://openalex.org/A5002088849,http://www.w3.org/2002/07/owl#sameAs,exact_openalex_id,https://openalex.org/A5002088849,https://openalex.org/A5002088849,accepted,2026-10-04T12:06:27.079166+00:00
https://example.org/aimodels/resource/person/A5002141677,https://openalex.org/A5002141677,http://www.w3.org/2002/07/owl#sameAs,exact_openalex_id,https://openalex.org/A5002141677,https://openalex.org/A5002141677,accepted,2026-10-04T12:06:27.079166+00:00
https://example.org/aimodels/resource/person/A5002204723,https://openalex.org/A5002204723,http://www.w3.org/2002/07/owl#sameAs,exact_openalex_id,https://openalex.org/A5002204723,https://openalex.org/A5002204723,accepted,2026-10-04T12:06:27.079166+00:00
https://example.org/aimodels/resource/person/A5002251783,https://openalex.org/A5002251783,http://www.w3.org/2002/07/owl#sameAs,exact_openalex_id,https://openalex.org/A5002251783,https://openalex.org/A5002251783,accepted,2026-10-04T12:06:27.079166+00:00
https://example.org/aimodels/resource/person/A5002349953,https://openalex.org/A5002349953,http://www.w3.org/2002/07/owl#sameAs,exact_openalex_id,https://openalex.org/A5002349953,https://openalex.org/A5002349953,accepted,2026-10-04T12:06:27.079166+00:00
https://example.org/aimodels/resource/person/A5002426346,https://openalex.org/A5002426346,http://www.w3.org/2002/07/owl#sameAs,exact_openalex_id,https://openalex.org/A5002426346,https://openalex.org/A5002426346,accepted,2026-10-04T12:06:27.079166+00:00
https://example.org/aimodels/resource/person/A5002438859,https://openalex.org/A5002438859,http://www.w3.org/2002/07/owl#sameAs,exact_openalex_id,https://openalex.org/A5002438859,https://openalex.org/A5002438859,accepted,2026-10-04T12:06:27.079166+00:00
https://example.org/aimodels/resource/person/A5002478369,https://openalex.org/A5002478369,http://www.w3.org/2002/07/owl#sameAs,exact_openalex_id,https://openalex.org/A5002478369,https://openalex.org/A5002478369,accepted,2026-10-04T12:06:27.079166+00:00
https://example.org/aimodels/resource/person/A5002621773,https://openalex.org/A5002621773,http://www.w3.org/2002/07/owl#sameAs,exact_openalex_id,https://openalex.org/A5002621773,https://openalex.org/A5002621773,accepted,2026-10-04T12:06:27.079166+00:00
https://example.org/aimodels/resource/person/A5002661723,https://openalex.org/A5002661723,http://www.w3.org/2002/07/owl#sameAs,exact_openalex_id,https://openalex.org/A5002661723,https://openalex.org/A5002661723,accepted,2026-10-04T12:06:27.079166+00:00
https://example.org/aimodels/resource/person/A5002715190,https://openalex.org/A5002715190,http://www.w3.org/2002/07/owl#sameAs,exact_openalex_id,https://openalex.org/A5002715190,https://openalex.org/A5002715190,accepted,2026-10-04T12:06:27.079166+00:00
https://example.org/aimodels/resource/person/A5002839718,https://openalex.org/A5002839718,http://www.w3.org/2002/07/owl#sameAs,exact_openalex_id,https://openalex.org/A5002839718,https://openalex.org/A5002839718,accepted,2026-10-04T12:06:27.079166+00:00
https://example.org/aimodels/resource/person/A5002878202,https://openalex.org/A5002878202,http://www.w3.org/2002/07/owl#sameAs,exact_openalex_id,https://openalex.org/A5002878202,https://openalex.org/A5002878202,accepted,2026-10-04T12:06:27.079166+00:00
https://example.org/aimodels/resource/person/A5002922045,https://openalex.org/A5002922045,http://www.w3.org/2002/07/owl#sameAs,exact_openalex_id,https://openalex.org/A5002922045,https://openalex.org/A5002922045,accepted,2026-10-04T12:06:27.079166+00:00
https://example.org/aimodels/resource/person/A5002960442,https://openalex.org/A5002960442,http://www.w3.org/2002/07/owl#sameAs,exact_openalex_id,https://openalex.org/A5002960442,https://openalex.org/A5002960442,accepted,2026-10-04T12:06:27.079166+00:00
https://example.org/aimodels/resource/person/A5003112970,https://openalex.org/A5003112970,http://www.w3.org/2002/07/owl#sameAs,exact_openalex_id,https://openalex.org/A5003112970,https://openalex.org/A5003112970,accepted,2026-10-04T12:06:27.079166+00:00
https://example.org/aimodels/resource/person/A5003324011,https://openalex.org/A5003324011,http://www.w3.org/2002/07/owl#sameAs,exact_openalex_id,https://openalex.org/A5003324011,https://openalex.org/A5003324011,accepted,2026-10-04T12:06:27.079166+00:00
https://example.org/aimodels/resource/person/A5003364006,https://openalex.org/A5003364006,http://www.w3.org/2002/07/owl#sameAs,exact_openalex_id,https://openalex.org/A5003364006,https://openalex.org/A5003364006,accepted,2026-10-04T12:06:27.079166+00:00
https://example.org/aimodels/resource/person/A5003424548,https://openalex.org/A5003424548,http://www.w3.org/2002/07/owl#sameAs,exact_openalex_id,https://openalex.org/A5003424548,https://openalex.org/A5003424548,accepted,2026-10-04T12:06:27.079166+00:00
https://example.org/aimodels/resource/person/A5003509342,https://openalex.org/A5003509342,http://www.w3.org/2002/07/owl#sameAs,exact_openalex_id,https://openalex.org/A5003509342,https://openalex.org/A5003509342,accepted,2026-10-04T12:06:27.079166+00:00
https://example.org/aimodels/resource/person/A5003562101,https://openalex.org/A5003562101,http://www.w3.org/2002/07/owl#sameAs,exact_openalex_id,https://openalex.org/A5003562101,https://openalex.org/A5003562101,accepted,2026-10-04T12:06:27.079166+00:00
https://example.org/aimodels/resource/person/A5003566311,https://openalex.org/A5003566311,http://www.w3.org/2002/07/owl#sameAs,exact_openalex_id,https://openalex.org/A5003566311,https://openalex.org/A5003566311,accepted,2026-10-04T12:06:27.079166+00:00
https://example.org/aimodels/resource/person/A5003696778,https://openalex.org/A5003696778,http://www.w3.org/2002/07/owl#sameAs,exact_openalex_id,https://openalex.org/A5003696778,https://openalex.org/A5003696778,accepted,2026-10-04T12:06:27.079166+00:00
https://example.org/aimodels/resource/person/A5003807260,https://openalex.org/A5003807260,http://www.w3.org/2002/07/owl#sameAs,exact_openalex_id,https://openalex.org/A5003807260,https://openalex.org/A5003807260,accepted,2026-10-04T12:06:27.079166+00:00
https://example.org/aimodels/resource/person/A5003887059,https://openalex.org/A5003887059,http://www.w3.org/2002/07/owl#sameAs,exact_openalex_id,https://openalex.org/A5003887059,https://openalex.org/A5003887059,accepted,2026-10-04T12:06:27.079166+00:00
https://example.org/aimodels/resource/person/A5003936190,https://openalex.org/A5003936190,http://www.w3.org/2002/07/owl#sameAs,exact_openalex_id,https://openalex.org/A5003936190,https://openalex.org/A5003936190,accepted,2026-10-04T12:06:27.079166+00:00
https://example.org/aimodels/resource/person/A5003995646,https://openalex.org/A5003995646,http://www.w3.org/2002/07/owl#sameAs,exact_openalex_id,https://openalex.org/A5003995646,https://openalex.org/A5003995646,accepted,2026-10-04T12:06:27.079166+00:00
https://example.org/aimodels/resource/person/A5004215755,https://openalex.org/A5004215755,http://www.w3.org/2002/07/owl#sameAs,exact_openalex_id,https://openalex.org/A5004215755,https://openalex.org/A5004215755,accepted,2026-10-04T12:06:27.079166+00:00
https://example.org/aimodels/resource/person/A5004225142,https://openalex.org/A5004225142,http://www.w3.org/2002/07/owl#sameAs,exact_openalex_id,https://openalex.org/A5004225142,https://openalex.org/A5004225142,accepted,2026-10-04T12:06:27.079166+00:00
https://example.org/aimodels/resource/person/A5004227278,https://openalex.org/A5004227278,http://www.w3.org/2002/07/owl#sameAs,exact_openalex_id,https://openalex.org/A5004227278,https://openalex.org/A5004227278,accepted,2026-10-04T12:06:27.079166+00:00
https://example.org/aimodels/resource/person/A5004271128,https://openalex.org/A5004271128,http://www.w3.org/2002/07/owl#sameAs,exact_openalex_id,https://openalex.org/A5004271128,https://openalex.org/A5004271128,accepted,2026-10-04T12:06:27.079166+00:00
https://example.org/aimodels/resource/person/A5004295653,https://openalex.org/A5004295653,http://www.w3.org/2002/07/owl#sameAs,exact_openalex_id,https://openalex.org/A5004295653,https://openalex.org/A5004295653,accepted,2026-10-04T12:06:27.079166+00:00
https://example.org/aimodels/resource/person/A5004353092,https://openalex.org/A5004353092,http://www.w3.org/2002/07/owl#sameAs,exact_openalex_id,https://openalex.org/A5004353092,https://openalex.org/A5004353092,accepted,2026-10-04T12:06:27.079166+00:00
https://example.org/aimodels/resource/person/A5004387910,https://openalex.org/A5004387910,http://www.w3.org/2002/07/owl#sameAs,exact_openalex_id,https://openalex.org/A5004387910,https://openalex.org/A5004387910,accepted,2026-10-04T12:06:27.079166+00:00
https://example.org/aimodels/resource/person/A5004394456,https://openalex.org/A5004394456,http://www.w3.org/2002/07/owl#sameAs,exact_openalex_id,https://openalex.org/A5004394456,https://openalex.org/A5004394456,accepted,2026-10-04T12:06:27.079166+00:00
https://example.org/aimodels/resource/person/A5004398345,https://openalex.org/A5004398345,http://www.w3.org/2002/07/owl#sameAs,exact_openalex_id,https://openalex.org/A5004398345,https://openalex.org/A5004398345,accepted,2026-10-04T12:06:27.079166+00:00
https://example.org/aimodels/resource/person/A5004412943,https://openalex.org/A5004412943,http://www.w3.org/2002/07/owl#sameAs,exact_openalex_id,https://openalex.org/A5004412943,https://openalex.org/A5004412943,accepted,2026-10-04T12:06:27.079166+00:00
https://example.org/aimodels/resource/person/A5004455756,https://openalex.org/A5004455756,http://www.w3.org/2002/07/owl#sameAs,exact_openalex_id,https://openalex.org/A5004455756,https://openalex.org/A5004455756,accepted,2026-10-04T12:06:27.079166+00:00
https://example.org/aimodels/resource/person/A5004483523,https://openalex.org/A5004483523,http://www.w3.org/2002/07/owl#sameAs,exact_openalex_id,https://openalex.org/A5004483523,https://openalex.org/A5004483523,accepted,2026-10-04T12:06:27.079166+00:00
https://example.org/aimodels/resource/person/A5004607650,https://openalex.org/A5004607650,http://www.w3.org/2002/07/owl#sameAs,exact_openalex_id,https://openalex.org/A5004607650,https://openalex.org/A5004607650,accepted,2026-10-04T12:06:27.079166+00:00
https://example.org/aimodels/resource/person/A5004625775,https://openalex.org/A5004625775,http://www.w3.org/2002/07/owl#sameAs,exact_openalex_id,https://openalex.org/A5004625775,https://openalex.org/A5004625775,accepted,2026-10-04T12:06:27.079166+00:00
https://example.org/aimodels/resource/person/A5004880532,https://openalex.org/A5004880532,http://www.w3.org/2002/07/owl#sameAs,exact_openalex_id,https://openalex.org/A5004880532,https://openalex.org/A5004880532,accepted,2026-10-04T12:06:27.079166+00:00
https://example.org/aimodels/resource/person/A5005117726,https://openalex.org/A5005117726,http://www.w3.org/2002/07/owl#sameAs,exact_openalex_id,https://openalex.org/A5005117726,https://openalex.org/A5005117726,accepted,2026-10-04T12:06:27.079166+00:00
https://example.org/aimodels/resource/person/A5005308034,https://openalex.org/A5005308034,http://www.w3.org/2002/07/owl#sameAs,exact_openalex_id,https://openalex.org/A5005308034,https://openalex.org/A5005308034,accepted,2026-10-04T12:06:27.079166+00:00
https://example.org/aimodels/resource/person/A5005308581,https://openalex.org/A5005308581,http://www.w3.org/2002/07/owl#sameAs,exact_openalex_id,https://openalex.org/A5005308581,https://openalex.org/A5005308581,accepted,2026-10-04T12:06:27.079166+00:00
https://example.org/aimodels/resource/person/A5005316349,https://openalex.org/A5005316349,http://www.w3.org/2002/07/owl#sameAs,exact_openalex_id,https://openalex.org/A5005316349,https://openalex.org/A5005316349,accepted,2026-10-04T12:06:27.079166+00:00
https://example.org/aimodels/resource/person/A5005349853,https://openalex.org/A5005349853,http://www.w3.org/2002/07/owl#sameAs,exact_openalex_id,https://openalex.org/A5005349853,https://openalex.org/A5005349853,accepted,2026-10-04T12:06:27.079166+00:00
https://example.org/aimodels/resource/person/A5005398538,https://openalex.org/A5005398538,http://www.w3.org/2002/07/owl#sameAs,exact_openalex_id,https://openalex.org/A5005398538,https://openalex.org/A5005398538,accepted,2026-10-04T12:06:27.079166+00:00
https://example.org/aimodels/resource/person/A5005431772,https://openalex.org/A5005431772,http://www.w3.org/2002/07/owl#sameAs,exact_openalex_id,https://openalex.org/A5005431772,https://openalex.org/A5005431772,accepted,2026-10-04T12:06:27.079166+00:00
https://example.org/aimodels/resource/person/A5005443526,https://openalex.org/A5005443526,http://www.w3.org/2002/07/owl#sameAs,exact_openalex_id,https://openalex.org/A5005443526,https://openalex.org/A5005443526,accepted,2026-10-04T12:06:27.079166+00:00
https://example.org/aimodels/resource/person/A5005530395,https://openalex.org/A5005530395,http://www.w3.org/2002/07/owl#sameAs,exact_openalex_id,https://openalex.org/A5005530395,https://openalex.org/A5005530395,accepted,2026-10-04T12:06:27.079166+00:00
https://example.org/aimodels/resource/person/A5005549348,https://openalex.org/A5005549348,http://www.w3.org/2002/07/owl#sameAs,exact_openalex_id,https://openalex.org/A5005549348,https://openalex.org/A5005549348,accepted,2026-10-04T12:06:27.079166+00:00
https://example.org/aimodels/resource/person/A5005554337,https://openalex.org/A5005554337,http://www.w3.org/2002/07/owl#sameAs,exact_openalex_id,https://openalex.org/A5005554337,https://openalex.org/A5005554337,accepted,2026-10-04T12:06:27.079166+00:00
https://example.org/aimodels/resource/person/A5005561269,https://openalex.org/A5005561269,http://www.w3.org/2002/07/owl#sameAs,exact_openalex_id,https://openalex.org/A5005561269,https://openalex.org/A5005561269,accepted,2026-10-04T12:06:27.079166+00:00
https://example.org/aimodels/resource/person/A5005577303,https://openalex.org/A5005577303,http://www.w3.org/2002/07/owl#sameAs,exact_openalex_id,https://openalex.org/A5005577303,https://openalex.org/A5005577303,accepted,2026-10-04T12:06:27.079166+00:00
https://example.org/aimodels/resource/person/A5005608407,https://openalex.org/A5005608407,http://www.w3.org/2002/07/owl#sameAs,exact_openalex_id,https://openalex.org/A5005608407,https://openalex.org/A5005608407,accepted,2026-10-04T12:06:27.079166+00:00
https://example.org/aimodels/resource/person/A5005750167,https://openalex.org/A5005750167,http://www.w3.org/2002/07/owl#sameAs,exact_openalex_id,https://openalex.org/A5005750167,https://openalex.org/A5005750167,accepted,2026-10-04T12:06:27.079166+00:00
https://example.org/aimodels/resource/person/A5005779128,https://openalex.org/A5005779128,http://www.w3.org/2002/07/owl#sameAs,exact_openalex_id,https://openalex.org/A5005779128,https://openalex.org/A5005779128,accepted,2026-10-04T12:06:27.079166+00:00
https://example.org/aimodels/resource/person/A5005779176,https://openalex.org/A5005779176,http://www.w3.org/2002/07/owl#sameAs,exact_openalex_id,https://openalex.org/A5005779176,https://openalex.org/A5005779176,accepted,2026-10-04T12:06:27.079166+00:00
https://example.org/aimodels/resource/person/A5005898634,https://openalex.org/A5005898634,http://www.w3.org/2002/07/owl#sameAs,exact_openalex_id,https://openalex.org/A5005898634,https://openalex.org/A5005898634,accepted,2026-10-04T12:06:27.079166+00:00
https://example.org/aimodels/resource/person/A5005985316,https://openalex.org/A5005985316,http://www.w3.org/2002/07/owl#sameAs,exact_openalex_id,https://openalex.org/A5005985316,https://openalex.org/A5005985316,accepted,2026-10-04T12:06:27.079166+00:00
https://example.org/aimodels/resource/person/A5005995116,https://openalex.org/A5005995116,http://www.w3.org/2002/07/owl#sameAs,exact_openalex_id,https://openalex.org/A5005995116,https://openalex.org/A5005995116,accepted,2026-10-04T12:06:27.079166+00:00
https://example.org/aimodels/resource/person/A5006006903,https://openalex.org/A5006006903,http://www.w3.org/2002/07/owl#sameAs,exact_openalex_id,https://openalex.org/A5006006903,https://openalex.org/A5006006903,accepted,2026-10-04T12:06:27.079166+00:00
https://example.org/aimodels/resource/person/A5006088176,https://openalex.org/A5006088176,http://www.w3.org/2002/07/owl#sameAs,exact_openalex_id,https://openalex.org/A5006088176,https://openalex.org/A5006088176,accepted,2026-10-04T12:06:27.079166+00:00
https://example.org/aimodels/resource/person/A5006305255,https://openalex.org/A5006305255,http://www.w3.org/2002/07/owl#sameAs,exact_openalex_id,https://openalex.org/A5006305255,https://openalex.org/A5006305255,accepted,2026-10-04T12:06:27.079166+00:00
https://example.org/aimodels/resource/person/A5006446297,https://openalex.org/A5006446297,http://www.w3.org/2002/07/owl#sameAs,exact_openalex_id,https://openalex.org/A5006446297,https://openalex.org/A5006446297,accepted,2026-10-04T12:06:27.079166+00:00
https://example.org/aimodels/resource/person/A5006520100,https://openalex.org/A5006520100,http://www.w3.org/2002/07/owl#sameAs,exact_openalex_id,https://openalex.org/A5006520100,https://openalex.org/A5006520100,accepted,2026-10-04T12:06:27.079166+00:00
https://example.org/aimodels/resource/person/A5006532556,https://openalex.org/A5006532556,http://www.w3.org/2002/07/owl#sameAs,exact_openalex_id,https://openalex.org/A5006532556,https://openalex.org/A5006532556,accepted,2026-10-04T12:06:27.079166+00:00
https://example.org/aimodels/resource/person/A5006611401,https://openalex.org/A5006611401,http://www.w3.org/2002/07/owl#sameAs,exact_openalex_id,https://openalex.org/A5006611401,https://openalex.org/A5006611401,accepted,2026-10-04T12:06:27.079166+00:00
https://example.org/aimodels/resource/person/A5006675504,https://openalex.org/A5006675504,http://www.w3.org/2002/07/owl#sameAs,exact_openalex_id,https://openalex.org/A5006675504,https://openalex.org/A5006675504,accepted,2026-10-04T12:06:27.079166+00:00
https://example.org/aimodels/resource/person/A5006851333,https://openalex.org/A5006851333,http://www.w3.org/2002/07/owl#sameAs,exact_openalex_id,https://openalex.org/A5006851333,https://openalex.org/A5006851333,accepted,2026-10-04T12:06:27.079166+00:00
https://example.org/aimodels/resource/person/A5006965739,https://openalex.org/A5006965739,http://www.w3.org/2002/07/owl#sameAs,exact_openalex_id,https://openalex.org/A5006965739,https://openalex.org/A5006965739,accepted,2026-10-04T12:06:27.079166+00:00
https://example.org/aimodels/resource/person/A5007059246,https://openalex.org/A5007059246,http://www.w3.org/2002/07/owl#sameAs,exact_openalex_id,https://openalex.org/A5007059246,https://openalex.org/A5007059246,accepted,2026-10-04T12:06:27.079166+00:00
https://example.org/aimodels/resource/person/A5007067645,https://openalex.org/A5007067645,http://www.w3.org/2002/07/owl#sameAs,exact_openalex_id,https://openalex.org/A5007067645,https://openalex.org/A5007067645,accepted,2026-10-04T12:06:27.079166+00:00
https://example.org/aimodels/resource/person/A5007112220,https://openalex.org/A5007112220,http://www.w3.org/2002/07/owl#sameAs,exact_openalex_id,https://openalex.org/A5007112220,https://openalex.org/A5007112220,accepted,2026-10-04T12:06:27.079166+00:00
https://example.org/aimodels/resource/person/A5007213257,https://openalex.org/A5007213257,http://www.w3.org/2002/07/owl#sameAs,exact_openalex_id,https://openalex.org/A5007213257,https://openalex.org/A5007213257,accepted,2026-10-04T12:06:27.079166+00:00
https://example.org/aimodels/resource/person/A5007262492,https://openalex.org/A5007262492,http://www.w3.org/2002/07/owl#sameAs,exact_openalex_id,https://openalex.org/A5007262492,https://openalex.org/A5007262492,accepted,2026-10-04T12:06:27.079166+00:00
https://example.org/aimodels/resource/person/A5007266986,https://openalex.org/A5007266986,http://www.w3.org/2002/07/owl#sameAs,exact_openalex_id,https://openalex.org/A5007266986,https://openalex.org/A5007266986,accepted,2026-10-04T12:06:27.079166+00:00
https://example.org/aimodels/resource/person/A5007325624,https://openalex.org/A5007325624,http://www.w3.org/2002/07/owl#sameAs,exact_openalex_id,https://openalex.org/A5007325624,https://openalex.org/A5007325624,accepted,2026-10-04T12:06:27.079166+00:00
https://example.org/aimodels/resource/person/A5007394281,https://openalex.org/A5007394281,http://www.w3.org/2002/07/owl#sameAs,exact_openalex_id,https://openalex.org/A5007394281,https://openalex.org/A5007394281,accepted,2026-10-04T12:06:27.079166+00:00
https://example.org/aimodels/resource/person/A5007489034,https://openalex.org/A5007489034,http://www.w3.org/2002/07/owl#sameAs,exact_openalex_id,https://openalex.org/A5007489034,https://openalex.org/A5007489034,accepted,2026-10-04T12:06:27.079166+00:00
https://example.org/aimodels/resource/person/A5007503912,https://openalex.org/A5007503912,http://www.w3.org/2002/07/owl#sameAs,exact_openalex_id,https://openalex.org/A5007503912,https://openalex.org/A5007503912,accepted,2026-10-04T12:06:27.079166+00:00
https://example.org/aimodels/resource/person/A5007570707,https://openalex.org/A5007570707,http://www.w3.org/2002/07/owl#sameAs,exact_openalex_id,https://openalex.org/A5007570707,https://openalex.org/A5007570707,accepted,2026-10-04T12:06:27.079166+00:00
https://example.org/aimodels/resource/person/A5007588003,https://openalex.org/A5007588003,http://www.w3.org/2002/07/owl#sameAs,exact_openalex_id,https://openalex.org/A5007588003,https://openalex.org/A5007588003,accepted,2026-10-04T12:06:27.079166+00:00
https://example.org/aimodels/resource/person/A5007631351,https://openalex.org/A5007631351,http://www.w3.org/2002/07/owl#sameAs,exact_openalex_id,https://openalex.org/A5007631351,https://openalex.org/A5007631351,accepted,2026-10-04T12:06:27.079166+00:00
https://example.org/aimodels/resource/person/A5007704896,https://openalex.org/A5007704896,http://www.w3.org/2002/07/owl#sameAs,exact_openalex_id,https://openalex.org/A5007704896,https://openalex.org/A5007704896,accepted,2026-10-04T12:06:27.079166+00:00
https://example.org/aimodels/resource/person/A5007815326,https://openalex.org/A5007815326,http://www.w3.org/2002/07/owl#sameAs,exact_openalex_id,https://openalex.org/A5007815326,https://openalex.org/A5007815326,accepted,2026-10-04T12:06:27.079166+00:00
https://example.org/aimodels/resource/person/A5007861777,https://openalex.org/A5007861777,http://www.w3.org/2002/07/owl#sameAs,exact_openalex_id,https://openalex.org/A5007861777,https://openalex.org/A5007861777,accepted,2026-10-04T12:06:27.079166+00:00
https://example.org/aimodels/resource/person/A5007916691,https://openalex.org/A5007916691,http://www.w3.org/2002/07/owl#sameAs,exact_openalex_id,https://openalex.org/A5007916691,https://openalex.org/A5007916691,accepted,2026-10-04T12:06:27.079166+00:00
https://example.org/aimodels/resource/person/A5008013895,https://openalex.org/A5008013895,http://www.w3.org/2002/07/owl#sameAs,exact_openalex_id,https://openalex.org/A5008013895,https://openalex.org/A5008013895,accepted,2026-10-04T12:06:27.079166+00:00
https://example.org/aimodels/resource/person/A5008056593,https://openalex.org/A5008056593,http://www.w3.org/2002/07/owl#sameAs,exact_openalex_id,https://openalex.org/A5008056593,https://openalex.org/A5008056593,accepted,2026-10-04T12:06:27.079166+00:00
https://example.org/aimodels/resource/person/A5008127936,https://openalex.org/A5008127936,http://www.w3.org/2002/07/owl#sameAs,exact_openalex_id,https://openalex.org/A5008127936,https://openalex.org/A5008127936,accepted,2026-10-04T12:06:27.079166+00:00
https://example.org/aimodels/resource/person/A5008158115,https://openalex.org/A5008158115,http://www.w3.org/2002/07/owl#sameAs,exact_openalex_id,https://openalex.org/A5008158115,https://openalex.org/A5008158115,accepted,2026-10-04T12:06:27.079166+00:00
https://example.org/aimodels/resource/person/A5008187090,https://openalex.org/A5008187090,http://www.w3.org/2002/07/owl#sameAs,exact_openalex_id,https://openalex.org/A5008187090,https://openalex.org/A5008187090,accepted,2026-10-04T12:06:27.079166+00:00
https://example.org/aimodels/resource/person/A5008230088,https://openalex.org/A5008230088,http://www.w3.org/2002/07/owl#sameAs,exact_openalex_id,https://openalex.org/A5008230088,https://openalex.org/A5008230088,accepted,2026-10-04T12:06:27.079166+00:00
https://example.org/aimodels/resource/person/A5008270789,https://openalex.org/A5008270789,http://www.w3.org/2002/07/owl#sameAs,exact_openalex_id,https://openalex.org/A5008270789,https://openalex.org/A5008270789,accepted,2026-10-04T12:06:27.079166+00:00
https://example.org/aimodels/resource/person/A5008293262,https://openalex.org/A5008293262,http://www.w3.org/2002/07/owl#sameAs,exact_openalex_id,https://openalex.org/A5008293262,https://openalex.org/A5008293262,accepted,2026-10-04T12:06:27.079166+00:00
https://example.org/aimodels/resource/person/A5008339199,https://openalex.org/A5008339199,http://www.w3.org/2002/07/owl#sameAs,exact_openalex_id,https://openalex.org/A5008339199,https://openalex.org/A5008339199,accepted,2026-10-04T12:06:27.079166+00:00
https://example.org/aimodels/resource/person/A5008348052,https://openalex.org/A5008348052,http://www.w3.org/2002/07/owl#sameAs,exact_openalex_id,https://openalex.org/A5008348052,https://openalex.org/A5008348052,accepted,2026-10-04T12:06:27.079166+00:00
https://example.org/aimodels/resource/person/A5008355834,https://openalex.org/A5008355834,http://www.w3.org/2002/07/owl#sameAs,exact_openalex_id,https://openalex.org/A5008355834,https://openalex.org/A5008355834,accepted,2026-10-04T12:06:27.079166+00:00
https://example.org/aimodels/resource/person/A5008410925,https://openalex.org/A5008410925,http://www.w3.org/2002/07/owl#sameAs,exact_openalex_id,https://openalex.org/A5008410925,https://openalex.org/A5008410925,accepted,2026-10-04T12:06:27.079166+00:00
https://example.org/aimodels/resource/person/A5008545107,https://openalex.org/A5008545107,http://www.w3.org/2002/07/owl#sameAs,exact_openalex_id,https://openalex.org/A5008545107,https://openalex.org/A5008545107,accepted,2026-10-04T12:06:27.079166+00:00
https://example.org/aimodels/resource/person/A5008561615,https://openalex.org/A5008561615,http://www.w3.org/2002/07/owl#sameAs,exact_openalex_id,https://openalex.org/A5008561615,https://openalex.org/A5008561615,accepted,2026-10-04T12:06:27.079166+00:00
https://example.org/aimodels/resource/person/A5008633310,https://openalex.org/A5008633310,http://www.w3.org/2002/07/owl#sameAs,exact_openalex_id,https://openalex.org/A5008633310,https://openalex.org/A5008633310,accepted,2026-10-04T12:06:27.079166+00:00
https://example.org/aimodels/resource/person/A5008695791,https://openalex.org/A5008695791,http://www.w3.org/2002/07/owl#sameAs,exact_openalex_id,https://openalex.org/A5008695791,https://openalex.org/A5008695791,accepted,2026-10-04T12:06:27.079166+00:00
https://example.org/aimodels/resource/person/A5008809634,https://openalex.org/A5008809634,http://www.w3.org/2002/07/owl#sameAs,exact_openalex_id,https://openalex.org/A5008809634,https://openalex.org/A5008809634,accepted,2026-10-04T12:06:27.079166+00:00
https://example.org/aimodels/resource/person/A5008882566,https://openalex.org/A5008882566,http://www.w3.org/2002/07/owl#sameAs,exact_openalex_id,https://openalex.org/A5008882566,https://openalex.org/A5008882566,accepted,2026-10-04T12:06:27.079166+00:00
https://example.org/aimodels/resource/person/A5008892246,https://openalex.org/A5008892246,http://www.w3.org/2002/07/owl#sameAs,exact_openalex_id,https://openalex.org/A5008892246,https://openalex.org/A5008892246,accepted,2026-10-04T12:06:27.079166+00:00
https://example.org/aimodels/resource/person/A5008962923,https://openalex.org/A5008962923,http://www.w3.org/2002/07/owl#sameAs,exact_openalex_id,https://openalex.org/A5008962923,https://openalex.org/A5008962923,accepted,2026-10-04T12:06:27.079166+00:00
https://example.org/aimodels/resource/person/A5008974593,https://openalex.org/A5008974593,http://www.w3.org/2002/07/owl#sameAs,exact_openalex_id,https://openalex.org/A5008974593,https://openalex.org/A5008974593,accepted,2026-10-04T12:06:27.079166+00:00
https://example.org/aimodels/resource/person/A5008979133,https://openalex.org/A5008979133,http://www.w3.org/2002/07/owl#sameAs,exact_openalex_id,https://openalex.org/A5008979133,https://openalex.org/A5008979133,accepted,2026-10-04T12:06:27.079166+00:00
https://example.org/aimodels/resource/person/A5009037058,https://openalex.org/A5009037058,http://www.w3.org/2002/07/owl#sameAs,exact_openalex_id,https://openalex.org/A5009037058,https://openalex.org/A5009037058,accepted,2026-10-04T12:06:27.079166+00:00
https://example.org/aimodels/resource/person/A5009065821,https://openalex.org/A5009065821,http://www.w3.org/2002/07/owl#sameAs,exact_openalex_id,https://openalex.org/A5009065821,https://openalex.org/A5009065821,accepted,2026-10-04T12:06:27.079166+00:00
https://example.org/aimodels/resource/person/A5009091910,https://openalex.org/A5009091910,http://www.w3.org/2002/07/owl#sameAs,exact_openalex_id,https://openalex.org/A5009091910,https://openalex.org/A5009091910,accepted,2026-10-04T12:06:27.079166+00:00
https://example.org/aimodels/resource/person/A5009345506,https://openalex.org/A5009345506,http://www.w3.org/2002/07/owl#sameAs,exact_openalex_id,https://openalex.org/A5009345506,https://openalex.org/A5009345506,accepted,2026-10-04T12:06:27.079166+00:00
https://example.org/aimodels/resource/person/A5009362721,https://openalex.org/A5009362721,http://www.w3.org/2002/07/owl#sameAs,exact_openalex_id,https://openalex.org/A5009362721,https://openalex.org/A5009362721,accepted,2026-10-04T12:06:27.079166+00:00
https://example.org/aimodels/resource/person/A5009408707,https://openalex.org/A5009408707,http://www.w3.org/2002/07/owl#sameAs,exact_openalex_id,https://openalex.org/A5009408707,https://openalex.org/A5009408707,accepted,2026-10-04T12:06:27.079166+00:00
https://example.org/aimodels/resource/person/A5009504223,https://openalex.org/A5009504223,http://www.w3.org/2002/07/owl#sameAs,exact_openalex_id,https://openalex.org/A5009504223,https://openalex.org/A5009504223,accepted,2026-10-04T12:06:27.079166+00:00
https://example.org/aimodels/resource/person/A5009547049,https://openalex.org/A5009547049,http://www.w3.org/2002/07/owl#sameAs,exact_openalex_id,https://openalex.org/A5009547049,https://openalex.org/A5009547049,accepted,2026-10-04T12:06:27.079166+00:00
https://example.org/aimodels/resource/person/A5009578714,https://openalex.org/A5009578714,http://www.w3.org/2002/07/owl#sameAs,exact_openalex_id,https://openalex.org/A5009578714,https://openalex.org/A5009578714,accepted,2026-10-04T12:06:27.079166+00:00
https://example.org/aimodels/resource/person/A5009640963,https://openalex.org/A5009640963,http://www.w3.org/2002/07/owl#sameAs,exact_openalex_id,https://openalex.org/A5009640963,https://openalex.org/A5009640963,accepted,2026-10-04T12:06:27.079166+00:00
https://example.org/aimodels/resource/person/A5009648800,https://openalex.org/A5009648800,http://www.w3.org/2002/07/owl#sameAs,exact_openalex_id,https://openalex.org/A5009648800,https://openalex.org/A5009648800,accepted,2026-10-04T12:06:27.079166+00:00
https://example.org/aimodels/resource/person/A5009679905,https://openalex.org/A5009679905,http://www.w3.org/2002/07/owl#sameAs,exact_openalex_id,https://openalex.org/A5009679905,https://openalex.org/A5009679905,accepted,2026-10-04T12:06:27.079166+00:00
https://example.org/aimodels/resource/person/A5009828979,https://openalex.org/A5009828979,http://www.w3.org/2002/07/owl#sameAs,exact_openalex_id,https://openalex.org/A5009828979,https://openalex.org/A5009828979,accepted,2026-10-04T12:06:27.079166+00:00
https://example.org/aimodels/resource/person/A5009879041,https://openalex.org/A5009879041,http://www.w3.org/2002/07/owl#sameAs,exact_openalex_id,https://openalex.org/A5009879041,https://openalex.org/A5009879041,accepted,2026-10-04T12:06:27.079166+00:00
https://example.org/aimodels/resource/person/A5009928314,https://openalex.org/A5009928314,http://www.w3.org/2002/07/owl#sameAs,exact_openalex_id,https://openalex.org/A5009928314,https://openalex.org/A5009928314,accepted,2026-10-04T12:06:27.079166+00:00
https://example.org/aimodels/resource/person/A5009957887,https://openalex.org/A5009957887,http://www.w3.org/2002/07/owl#sameAs,exact_openalex_id,https://openalex.org/A5009957887,https://openalex.org/A5009957887,accepted,2026-10-04T12:06:27.079166+00:00
https://example.org/aimodels/resource/person/A5009980324,https://openalex.org/A5009980324,http://www.w3.org/2002/07/owl#sameAs,exact_openalex_id,https://openalex.org/A5009980324,https://openalex.org/A5009980324,accepted,2026-10-04T12:06:27.079166+00:00
https://example.org/aimodels/resource/person/A5010121592,https://openalex.org/A5010121592,http://www.w3.org/2002/07/owl#sameAs,exact_openalex_id,https://openalex.org/A5010121592,https://openalex.org/A5010121592,accepted,2026-10-04T12:06:27.079166+00:00
https://example.org/aimodels/resource/person/A5010171106,https://openalex.org/A5010171106,http://www.w3.org/2002/07/owl#sameAs,exact_openalex_id,https://openalex.org/A5010171106,https://openalex.org/A5010171106,accepted,2026-10-04T12:06:27.079166+00:00
https://example.org/aimodels/resource/person/A5010253402,https://openalex.org/A5010253402,http://www.w3.org/2002/07/owl#sameAs,exact_openalex_id,https://openalex.org/A5010253402,https://openalex.org/A5010253402,accepted,2026-10-04T12:06:27.079166+00:00
https://example.org/aimodels/resource/person/A5010285399,https://openalex.org/A5010285399,http://www.w3.org/2002/07/owl#sameAs,exact_openalex_id,https://openalex.org/A5010285399,https://openalex.org/A5010285399,accepted,2026-10-04T12:06:27.079166+00:00
https://example.org/aimodels/resource/person/A5010396318,https://openalex.org/A5010396318,http://www.w3.org/2002/07/owl#sameAs,exact_openalex_id,https://openalex.org/A5010396318,https://openalex.org/A5010396318,accepted,2026-10-04T12:06:27.079166+00:00
https://example.org/aimodels/resource/person/A5010444468,https://openalex.org/A5010444468,http://www.w3.org/2002/07/owl#sameAs,exact_openalex_id,https://openalex.org/A5010444468,https://openalex.org/A5010444468,accepted,2026-10-04T12:06:27.079166+00:00
https://example.org/aimodels/resource/person/A5010557815,https://openalex.org/A5010557815,http://www.w3.org/2002/07/owl#sameAs,exact_openalex_id,https://openalex.org/A5010557815,https://openalex.org/A5010557815,accepted,2026-10-04T12:06:27.079166+00:00
https://example.org/aimodels/resource/person/A5010571977,https://openalex.org/A5010571977,http://www.w3.org/2002/07/owl#sameAs,exact_openalex_id,https://openalex.org/A5010571977,https://openalex.org/A5010571977,accepted,2026-10-04T12:06:27.079166+00:00
https://example.org/aimodels/resource/person/A5010575626,https://openalex.org/A5010575626,http://www.w3.org/2002/07/owl#sameAs,exact_openalex_id,https://openalex.org/A5010575626,https://openalex.org/A5010575626,accepted,2026-10-04T12:06:27.079166+00:00
https://example.org/aimodels/resource/person/A5010674841,https://openalex.org/A5010674841,http://www.w3.org/2002/07/owl#sameAs,exact_openalex_id,https://openalex.org/A5010674841,https://openalex.org/A5010674841,accepted,2026-10-04T12:06:27.079166+00:00
https://example.org/aimodels/resource/person/A5010726815,https://openalex.org/A5010726815,http://www.w3.org/2002/07/owl#sameAs,exact_openalex_id,https://openalex.org/A5010726815,https://openalex.org/A5010726815,accepted,2026-10-04T12:06:27.079166+00:00
https://example.org/aimodels/resource/person/A5010756260,https://openalex.org/A5010756260,http://www.w3.org/2002/07/owl#sameAs,exact_openalex_id,https://openalex.org/A5010756260,https://openalex.org/A5010756260,accepted,2026-10-04T12:06:27.079166+00:00
https://example.org/aimodels/resource/person/A5010757894,https://openalex.org/A5010757894,http://www.w3.org/2002/07/owl#sameAs,exact_openalex_id,https://openalex.org/A5010757894,https://openalex.org/A5010757894,accepted,2026-10-04T12:06:27.079166+00:00
https://example.org/aimodels/resource/person/A5010758235,https://openalex.org/A5010758235,http://www.w3.org/2002/07/owl#sameAs,exact_openalex_id,https://openalex.org/A5010758235,https://openalex.org/A5010758235,accepted,2026-10-04T12:06:27.079166+00:00
https://example.org/aimodels/resource/person/A5010956082,https://openalex.org/A5010956082,http://www.w3.org/2002/07/owl#sameAs,exact_openalex_id,https://openalex.org/A5010956082,https://openalex.org/A5010956082,accepted,2026-10-04T12:06:27.079166+00:00
https://example.org/aimodels/resource/person/A5011102459,https://openalex.org/A5011102459,http://www.w3.org/2002/07/owl#sameAs,exact_openalex_id,https://openalex.org/A5011102459,https://openalex.org/A5011102459,accepted,2026-10-04T12:06:27.079166+00:00
https://example.org/aimodels/resource/person/A5011117177,https://openalex.org/A5011117177,http://www.w3.org/2002/07/owl#sameAs,exact_openalex_id,https://openalex.org/A5011117177,https://openalex.org/A5011117177,accepted,2026-10-04T12:06:27.079166+00:00
https://example.org/aimodels/resource/person/A5011207305,https://openalex.org/A5011207305,http://www.w3.org/2002/07/owl#sameAs,exact_openalex_id,https://openalex.org/A5011207305,https://openalex.org/A5011207305,accepted,2026-10-04T12:06:27.079166+00:00
https://example.org/aimodels/resource/person/A5011369765,https://openalex.org/A5011369765,http://www.w3.org/2002/07/owl#sameAs,exact_openalex_id,https://openalex.org/A5011369765,https://openalex.org/A5011369765,accepted,2026-10-04T12:06:27.079166+00:00
https://example.org/aimodels/resource/person/A5011548998,https://openalex.org/A5011548998,http://www.w3.org/2002/07/owl#sameAs,exact_openalex_id,https://openalex.org/A5011548998,https://openalex.org/A5011548998,accepted,2026-10-04T12:06:27.079166+00:00
https://example.org/aimodels/resource/person/A5011569714,https://openalex.org/A5011569714,http://www.w3.org/2002/07/owl#sameAs,exact_openalex_id,https://openalex.org/A5011569714,https://openalex.org/A5011569714,accepted,2026-10-04T12:06:27.079166+00:00
https://example.org/aimodels/resource/person/A5011674202,https://openalex.org/A5011674202,http://www.w3.org/2002/07/owl#sameAs,exact_openalex_id,https://openalex.org/A5011674202,https://openalex.org/A5011674202,accepted,2026-10-04T12:06:27.079166+00:00
https://example.org/aimodels/resource/person/A5011684148,https://openalex.org/A5011684148,http://www.w3.org/2002/07/owl#sameAs,exact_openalex_id,https://openalex.org/A5011684148,https://openalex.org/A5011684148,accepted,2026-10-04T12:06:27.079166+00:00
https://example.org/aimodels/resource/person/A5011719782,https://openalex.org/A5011719782,http://www.w3.org/2002/07/owl#sameAs,exact_openalex_id,https://openalex.org/A5011719782,https://openalex.org/A5011719782,accepted,2026-10-04T12:06:27.079166+00:00
https://example.org/aimodels/resource/person/A5011821424,https://openalex.org/A5011821424,http://www.w3.org/2002/07/owl#sameAs,exact_openalex_id,https://openalex.org/A5011821424,https://openalex.org/A5011821424,accepted,2026-10-04T12:06:27.079166+00:00
https://example.org/aimodels/resource/person/A5011889606,https://openalex.org/A5011889606,http://www.w3.org/2002/07/owl#sameAs,exact_openalex_id,https://openalex.org/A5011889606,https://openalex.org/A5011889606,accepted,2026-10-04T12:06:27.079166+00:00
https://example.org/aimodels/resource/person/A5011907463,https://openalex.org/A5011907463,http://www.w3.org/2002/07/owl#sameAs,exact_openalex_id,https://openalex.org/A5011907463,https://openalex.org/A5011907463,accepted,2026-10-04T12:06:27.079166+00:00
https://example.org/aimodels/resource/person/A5011974509,https://openalex.org/A5011974509,http://www.w3.org/2002/07/owl#sameAs,exact_openalex_id,https://openalex.org/A5011974509,https://openalex.org/A5011974509,accepted,2026-10-04T12:06:27.079166+00:00
https://example.org/aimodels/resource/person/A5012090900,https://openalex.org/A5012090900,http://www.w3.org/2002/07/owl#sameAs,exact_openalex_id,https://openalex.org/A5012090900,https://openalex.org/A5012090900,accepted,2026-10-04T12:06:27.079166+00:00
https://example.org/aimodels/resource/person/A5012137935,https://openalex.org/A5012137935,http://www.w3.org/2002/07/owl#sameAs,exact_openalex_id,https://openalex.org/A5012137935,https://openalex.org/A5012137935,accepted,2026-10-04T12:06:27.079166+00:00
https://example.org/aimodels/resource/person/A5012181086,https://openalex.org/A5012181086,http://www.w3.org/2002/07/owl#sameAs,exact_openalex_id,https://openalex.org/A5012181086,https://openalex.org/A5012181086,accepted,2026-10-04T12:06:27.079166+00:00
https://example.org/aimodels/resource/person/A5012247196,https://openalex.org/A5012247196,http://www.w3.org/2002/07/owl#sameAs,exact_openalex_id,https://openalex.org/A5012247196,https://openalex.org/A5012247196,accepted,2026-10-04T12:06:27.079166+00:00
https://example.org/aimodels/resource/person/A5012370787,https://openalex.org/A5012370787,http://www.w3.org/2002/07/owl#sameAs,exact_openalex_id,https://openalex.org/A5012370787,https://openalex.org/A5012370787,accepted,2026-10-04T12:06:27.079166+00:00
https://example.org/aimodels/resource/person/A5012552350,https://openalex.org/A5012552350,http://www.w3.org/2002/07/owl#sameAs,exact_openalex_id,https://openalex.org/A5012552350,https://openalex.org/A5012552350,accepted,2026-10-04T12:06:27.079166+00:00
https://example.org/aimodels/resource/person/A5012652561,https://openalex.org/A5012652561,http://www.w3.org/2002/07/owl#sameAs,exact_openalex_id,https://openalex.org/A5012652561,https://openalex.org/A5012652561,accepted,2026-10-04T12:06:27.079166+00:00
https://example.org/aimodels/resource/person/A5012682441,https://openalex.org/A5012682441,http://www.w3.org/2002/07/owl#sameAs,exact_openalex_id,https://openalex.org/A5012682441,https://openalex.org/A5012682441,accepted,2026-10-04T12:06:27.079166+00:00
https://example.org/aimodels/resource/person/A5012706153,https://openalex.org/A5012706153,http://www.w3.org/2002/07/owl#sameAs,exact_openalex_id,https://openalex.org/A5012706153,https://openalex.org/A5012706153,accepted,2026-10-04T12:06:27.079166+00:00
https://example.org/aimodels/resource/person/A5012939002,https://openalex.org/A5012939002,http://www.w3.org/2002/07/owl#sameAs,exact_openalex_id,https://openalex.org/A5012939002,https://openalex.org/A5012939002,accepted,2026-10-04T12:06:27.079166+00:00
https://example.org/aimodels/resource/person/A5012998255,https://openalex.org/A5012998255,http://www.w3.org/2002/07/owl#sameAs,exact_openalex_id,https://openalex.org/A5012998255,https://openalex.org/A5012998255,accepted,2026-10-04T12:06:27.079166+00:00
https://example.org/aimodels/resource/person/A5013014454,https://openalex.org/A5013014454,http://www.w3.org/2002/07/owl#sameAs,exact_openalex_id,https://openalex.org/A5013014454,https://openalex.org/A5013014454,accepted,2026-10-04T12:06:27.079166+00:00
https://example.org/aimodels/resource/person/A5013041264,https://openalex.org/A5013041264,http://www.w3.org/2002/07/owl#sameAs,exact_openalex_id,https://openalex.org/A5013041264,https://openalex.org/A5013041264,accepted,2026-10-04T12:06:27.079166+00:00
https://example.org/aimodels/resource/person/A5013170605,https://openalex.org/A5013170605,http://www.w3.org/2002/07/owl#sameAs,exact_openalex_id,https://openalex.org/A5013170605,https://openalex.org/A5013170605,accepted,2026-10-04T12:06:27.079166+00:00
https://example.org/aimodels/resource/person/A5013238957,https://openalex.org/A5013238957,http://www.w3.org/2002/07/owl#sameAs,exact_openalex_id,https://openalex.org/A5013238957,https://openalex.org/A5013238957,accepted,2026-10-04T12:06:27.079166+00:00
https://example.org/aimodels/resource/person/A5013248082,https://openalex.org/A5013248082,http://www.w3.org/2002/07/owl#sameAs,exact_openalex_id,https://openalex.org/A5013248082,https://openalex.org/A5013248082,accepted,2026-10-04T12:06:27.079166+00:00
https://example.org/aimodels/resource/person/A5013258788,https://openalex.org/A5013258788,http://www.w3.org/2002/07/owl#sameAs,exact_openalex_id,https://openalex.org/A5013258788,https://openalex.org/A5013258788,accepted,2026-10-04T12:06:27.079166+00:00
https://example.org/aimodels/resource/person/A5013346660,https://openalex.org/A5013346660,http://www.w3.org/2002/07/owl#sameAs,exact_openalex_id,https://openalex.org/A5013346660,https://openalex.org/A5013346660,accepted,2026-10-04T12:06:27.079166+00:00
https://example.org/aimodels/resource/person/A5013500109,https://openalex.org/A5013500109,http://www.w3.org/2002/07/owl#sameAs,exact_openalex_id,https://openalex.org/A5013500109,https://openalex.org/A5013500109,accepted,2026-10-04T12:06:27.079166+00:00
https://example.org/aimodels/resource/person/A5013573244,https://openalex.org/A5013573244,http://www.w3.org/2002/07/owl#sameAs,exact_openalex_id,https://openalex.org/A5013573244,https://openalex.org/A5013573244,accepted,2026-10-04T12:06:27.079166+00:00
https://example.org/aimodels/resource/person/A5013723114,https://openalex.org/A5013723114,http://www.w3.org/2002/07/owl#sameAs,exact_openalex_id,https://openalex.org/A5013723114,https://openalex.org/A5013723114,accepted,2026-10-04T12:06:27.079166+00:00
https://example.org/aimodels/resource/person/A5013813527,https://openalex.org/A5013813527,http://www.w3.org/2002/07/owl#sameAs,exact_openalex_id,https://openalex.org/A5013813527,https://openalex.org/A5013813527,accepted,2026-10-04T12:06:27.079166+00:00
https://example.org/aimodels/resource/person/A5013834379,https://openalex.org/A5013834379,http://www.w3.org/2002/07/owl#sameAs,exact_openalex_id,https://openalex.org/A5013834379,https://openalex.org/A5013834379,accepted,2026-10-04T12:06:27.079166+00:00
https://example.org/aimodels/resource/person/A5013954858,https://openalex.org/A5013954858,http://www.w3.org/2002/07/owl#sameAs,exact_openalex_id,https://openalex.org/A5013954858,https://openalex.org/A5013954858,accepted,2026-10-04T12:06:27.079166+00:00
https://example.org/aimodels/resource/person/A5014055962,https://openalex.org/A5014055962,http://www.w3.org/2002/07/owl#sameAs,exact_openalex_id,https://openalex.org/A5014055962,https://openalex.org/A5014055962,accepted,2026-10-04T12:06:27.079166+00:00
https://example.org/aimodels/resource/person/A5014172220,https://openalex.org/A5014172220,http://www.w3.org/2002/07/owl#sameAs,exact_openalex_id,https://openalex.org/A5014172220,https://openalex.org/A5014172220,accepted,2026-10-04T12:06:27.079166+00:00
https://example.org/aimodels/resource/person/A5014379995,https://openalex.org/A5014379995,http://www.w3.org/2002/07/owl#sameAs,exact_openalex_id,https://openalex.org/A5014379995,https://openalex.org/A5014379995,accepted,2026-10-04T12:06:27.079166+00:00
https://example.org/aimodels/resource/person/A5014400463,https://openalex.org/A5014400463,http://www.w3.org/2002/07/owl#sameAs,exact_openalex_id,https://openalex.org/A5014400463,https://openalex.org/A5014400463,accepted,2026-10-04T12:06:27.079166+00:00
https://example.org/aimodels/resource/person/A5014637990,https://openalex.org/A5014637990,http://www.w3.org/2002/07/owl#sameAs,exact_openalex_id,https://openalex.org/A5014637990,https://openalex.org/A5014637990,accepted,2026-10-04T12:06:27.079166+00:00
https://example.org/aimodels/resource/person/A5014662947,https://openalex.org/A5014662947,http://www.w3.org/2002/07/owl#sameAs,exact_openalex_id,https://openalex.org/A5014662947,https://openalex.org/A5014662947,accepted,2026-10-04T12:06:27.079166+00:00
https://example.org/aimodels/resource/person/A5014688346,https://openalex.org/A5014688346,http://www.w3.org/2002/07/owl#sameAs,exact_openalex_id,https://openalex.org/A5014688346,https://openalex.org/A5014688346,accepted,2026-10-04T12:06:27.079166+00:00
https://example.org/aimodels/resource/person/A5014724876,https://openalex.org/A5014724876,http://www.w3.org/2002/07/owl#sameAs,exact_openalex_id,https://openalex.org/A5014724876,https://openalex.org/A5014724876,accepted,2026-10-04T12:06:27.079166+00:00
https://example.org/aimodels/resource/person/A5014846205,https://openalex.org/A5014846205,http://www.w3.org/2002/07/owl#sameAs,exact_openalex_id,https://openalex.org/A5014846205,https://openalex.org/A5014846205,accepted,2026-10-04T12:06:27.079166+00:00
https://example.org/aimodels/resource/person/A5014866912,https://openalex.org/A5014866912,http://www.w3.org/2002/07/owl#sameAs,exact_openalex_id,https://openalex.org/A5014866912,https://openalex.org/A5014866912,accepted,2026-10-04T12:06:27.079166+00:00
https://example.org/aimodels/resource/person/A5014898885,https://openalex.org/A5014898885,http://www.w3.org/2002/07/owl#sameAs,exact_openalex_id,https://openalex.org/A5014898885,https://openalex.org/A5014898885,accepted,2026-10-04T12:06:27.079166+00:00
https://example.org/aimodels/resource/person/A5015078816,https://openalex.org/A5015078816,http://www.w3.org/2002/07/owl#sameAs,exact_openalex_id,https://openalex.org/A5015078816,https://openalex.org/A5015078816,accepted,2026-10-04T12:06:27.079166+00:00
https://example.org/aimodels/resource/person/A5015105117,https://openalex.org/A5015105117,http://www.w3.org/2002/07/owl#sameAs,exact_openalex_id,https://openalex.org/A5015105117,https://openalex.org/A5015105117,accepted,2026-10-04T12:06:27.079166+00:00
https://example.org/aimodels/resource/person/A5015128745,https://openalex.org/A5015128745,http://www.w3.org/2002/07/owl#sameAs,exact_openalex_id,https://openalex.org/A5015128745,https://openalex.org/A5015128745,accepted,2026-10-04T12:06:27.079166+00:00
https://example.org/aimodels/resource/person/A5015201177,https://openalex.org/A5015201177,http://www.w3.org/2002/07/owl#sameAs,exact_openalex_id,https://openalex.org/A5015201177,https://openalex.org/A5015201177,accepted,2026-10-04T12:06:27.079166+00:00
https://example.org/aimodels/resource/person/A5015355317,https://openalex.org/A5015355317,http://www.w3.org/2002/07/owl#sameAs,exact_openalex_id,https://openalex.org/A5015355317,https://openalex.org/A5015355317,accepted,2026-10-04T12:06:27.079166+00:00
https://example.org/aimodels/resource/person/A5015445950,https://openalex.org/A5015445950,http://www.w3.org/2002/07/owl#sameAs,exact_openalex_id,https://openalex.org/A5015445950,https://openalex.org/A5015445950,accepted,2026-10-04T12:06:27.079166+00:00
https://example.org/aimodels/resource/person/A5015483503,https://openalex.org/A5015483503,http://www.w3.org/2002/07/owl#sameAs,exact_openalex_id,https://openalex.org/A5015483503,https://openalex.org/A5015483503,accepted,2026-10-04T12:06:27.079166+00:00
https://example.org/aimodels/resource/person/A5015493447,https://openalex.org/A5015493447,http://www.w3.org/2002/07/owl#sameAs,exact_openalex_id,https://openalex.org/A5015493447,https://openalex.org/A5015493447,accepted,2026-10-04T12:06:27.079166+00:00
https://example.org/aimodels/resource/person/A5015508892,https://openalex.org/A5015508892,http://www.w3.org/2002/07/owl#sameAs,exact_openalex_id,https://openalex.org/A5015508892,https://openalex.org/A5015508892,accepted,2026-10-04T12:06:27.079166+00:00
https://example.org/aimodels/resource/person/A5015518638,https://openalex.org/A5015518638,http://www.w3.org/2002/07/owl#sameAs,exact_openalex_id,https://openalex.org/A5015518638,https://openalex.org/A5015518638,accepted,2026-10-04T12:06:27.079166+00:00
https://example.org/aimodels/resource/person/A5015581915,https://openalex.org/A5015581915,http://www.w3.org/2002/07/owl#sameAs,exact_openalex_id,https://openalex.org/A5015581915,https://openalex.org/A5015581915,accepted,2026-10-04T12:06:27.079166+00:00
https://example.org/aimodels/resource/person/A5015609539,https://openalex.org/A5015609539,http://www.w3.org/2002/07/owl#sameAs,exact_openalex_id,https://openalex.org/A5015609539,https://openalex.org/A5015609539,accepted,2026-10-04T12:06:27.079166+00:00
https://example.org/aimodels/resource/person/A5015685241,https://openalex.org/A5015685241,http://www.w3.org/2002/07/owl#sameAs,exact_openalex_id,https://openalex.org/A5015685241,https://openalex.org/A5015685241,accepted,2026-10-04T12:06:27.079166+00:00
https://example.org/aimodels/resource/person/A5015776030,https://openalex.org/A5015776030,http://www.w3.org/2002/07/owl#sameAs,exact_openalex_id,https://openalex.org/A5015776030,https://openalex.org/A5015776030,accepted,2026-10-04T12:06:27.079166+00:00
https://example.org/aimodels/resource/person/A5016013231,https://openalex.org/A5016013231,http://www.w3.org/2002/07/owl#sameAs,exact_openalex_id,https://openalex.org/A5016013231,https://openalex.org/A5016013231,accepted,2026-10-04T12:06:27.079166+00:00
https://example.org/aimodels/resource/person/A5016017027,https://openalex.org/A5016017027,http://www.w3.org/2002/07/owl#sameAs,exact_openalex_id,https://openalex.org/A5016017027,https://openalex.org/A5016017027,accepted,2026-10-04T12:06:27.079166+00:00
https://example.org/aimodels/resource/person/A5016073978,https://openalex.org/A5016073978,http://www.w3.org/2002/07/owl#sameAs,exact_openalex_id,https://openalex.org/A5016073978,https://openalex.org/A5016073978,accepted,2026-10-04T12:06:27.079166+00:00
https://example.org/aimodels/resource/person/A5016113002,https://openalex.org/A5016113002,http://www.w3.org/2002/07/owl#sameAs,exact_openalex_id,https://openalex.org/A5016113002,https://openalex.org/A5016113002,accepted,2026-10-04T12:06:27.079166+00:00
https://example.org/aimodels/resource/person/A5016115576,https://openalex.org/A5016115576,http://www.w3.org/2002/07/owl#sameAs,exact_openalex_id,https://openalex.org/A5016115576,https://openalex.org/A5016115576,accepted,2026-10-04T12:06:27.079166+00:00
https://example.org/aimodels/resource/person/A5016284649,https://openalex.org/A5016284649,http://www.w3.org/2002/07/owl#sameAs,exact_openalex_id,https://openalex.org/A5016284649,https://openalex.org/A5016284649,accepted,2026-10-04T12:06:27.079166+00:00
https://example.org/aimodels/resource/person/A5016302450,https://openalex.org/A5016302450,http://www.w3.org/2002/07/owl#sameAs,exact_openalex_id,https://openalex.org/A5016302450,https://openalex.org/A5016302450,accepted,2026-10-04T12:06:27.079166+00:00
https://example.org/aimodels/resource/person/A5016374079,https://openalex.org/A5016374079,http://www.w3.org/2002/07/owl#sameAs,exact_openalex_id,https://openalex.org/A5016374079,https://openalex.org/A5016374079,accepted,2026-10-04T12:06:27.079166+00:00
https://example.org/aimodels/resource/person/A5016381010,https://openalex.org/A5016381010,http://www.w3.org/2002/07/owl#sameAs,exact_openalex_id,https://openalex.org/A5016381010,https://openalex.org/A5016381010,accepted,2026-10-04T12:06:27.079166+00:00
https://example.org/aimodels/resource/person/A5016423432,https://openalex.org/A5016423432,http://www.w3.org/2002/07/owl#sameAs,exact_openalex_id,https://openalex.org/A5016423432,https://openalex.org/A5016423432,accepted,2026-10-04T12:06:27.079166+00:00
https://example.org/aimodels/resource/person/A5016448581,https://openalex.org/A5016448581,http://www.w3.org/2002/07/owl#sameAs,exact_openalex_id,https://openalex.org/A5016448581,https://openalex.org/A5016448581,accepted,2026-10-04T12:06:27.079166+00:00
https://example.org/aimodels/resource/person/A5016524466,https://openalex.org/A5016524466,http://www.w3.org/2002/07/owl#sameAs,exact_openalex_id,https://openalex.org/A5016524466,https://openalex.org/A5016524466,accepted,2026-10-04T12:06:27.079166+00:00
https://example.org/aimodels/resource/person/A5016560150,https://openalex.org/A5016560150,http://www.w3.org/2002/07/owl#sameAs,exact_openalex_id,https://openalex.org/A5016560150,https://openalex.org/A5016560150,accepted,2026-10-04T12:06:27.079166+00:00
https://example.org/aimodels/resource/person/A5016665033,https://openalex.org/A5016665033,http://www.w3.org/2002/07/owl#sameAs,exact_openalex_id,https://openalex.org/A5016665033,https://openalex.org/A5016665033,accepted,2026-10-04T12:06:27.079166+00:00
https://example.org/aimodels/resource/person/A5016796548,https://openalex.org/A5016796548,http://www.w3.org/2002/07/owl#sameAs,exact_openalex_id,https://openalex.org/A5016796548,https://openalex.org/A5016796548,accepted,2026-10-04T12:06:27.079166+00:00
https://example.org/aimodels/resource/person/A5016826392,https://openalex.org/A5016826392,http://www.w3.org/2002/07/owl#sameAs,exact_openalex_id,https://openalex.org/A5016826392,https://openalex.org/A5016826392,accepted,2026-10-04T12:06:27.079166+00:00
https://example.org/aimodels/resource/person/A5016857737,https://openalex.org/A5016857737,http://www.w3.org/2002/07/owl#sameAs,exact_openalex_id,https://openalex.org/A5016857737,https://openalex.org/A5016857737,accepted,2026-10-04T12:06:27.079166+00:00
https://example.org/aimodels/resource/person/A5016956470,https://openalex.org/A5016956470,http://www.w3.org/2002/07/owl#sameAs,exact_openalex_id,https://openalex.org/A5016956470,https://openalex.org/A5016956470,accepted,2026-10-04T12:06:27.079166+00:00
https://example.org/aimodels/resource/person/A5016963158,https://openalex.org/A5016963158,http://www.w3.org/2002/07/owl#sameAs,exact_openalex_id,https://openalex.org/A5016963158,https://openalex.org/A5016963158,accepted,2026-10-04T12:06:27.079166+00:00
https://example.org/aimodels/resource/person/A5016998074,https://openalex.org/A5016998074,http://www.w3.org/2002/07/owl#sameAs,exact_openalex_id,https://openalex.org/A5016998074,https://openalex.org/A5016998074,accepted,2026-10-04T12:06:27.079166+00:00
https://example.org/aimodels/resource/person/A5017223053,https://openalex.org/A5017223053,http://www.w3.org/2002/07/owl#sameAs,exact_openalex_id,https://openalex.org/A5017223053,https://openalex.org/A5017223053,accepted,2026-10-04T12:06:27.079166+00:00
https://example.org/aimodels/resource/person/A5017248470,https://openalex.org/A5017248470,http://www.w3.org/2002/07/owl#sameAs,exact_openalex_id,https://openalex.org/A5017248470,https://openalex.org/A5017248470,accepted,2026-10-04T12:06:27.079166+00:00
https://example.org/aimodels/resource/person/A5017274462,https://openalex.org/A5017274462,http://www.w3.org/2002/07/owl#sameAs,exact_openalex_id,https://openalex.org/A5017274462,https://openalex.org/A5017274462,accepted,2026-10-04T12:06:27.079166+00:00
https://example.org/aimodels/resource/person/A5017326471,https://openalex.org/A5017326471,http://www.w3.org/2002/07/owl#sameAs,exact_openalex_id,https://openalex.org/A5017326471,https://openalex.org/A5017326471,accepted,2026-10-04T12:06:27.079166+00:00
https://example.org/aimodels/resource/person/A5017349449,https://openalex.org/A5017349449,http://www.w3.org/2002/07/owl#sameAs,exact_openalex_id,https://openalex.org/A5017349449,https://openalex.org/A5017349449,accepted,2026-10-04T12:06:27.079166+00:00
https://example.org/aimodels/resource/person/A5017394465,https://openalex.org/A5017394465,http://www.w3.org/2002/07/owl#sameAs,exact_openalex_id,https://openalex.org/A5017394465,https://openalex.org/A5017394465,accepted,2026-10-04T12:06:27.079166+00:00
https://example.org/aimodels/resource/person/A5017514239,https://openalex.org/A5017514239,http://www.w3.org/2002/07/owl#sameAs,exact_openalex_id,https://openalex.org/A5017514239,https://openalex.org/A5017514239,accepted,2026-10-04T12:06:27.079166+00:00
https://example.org/aimodels/resource/person/A5017575883,https://openalex.org/A5017575883,http://www.w3.org/2002/07/owl#sameAs,exact_openalex_id,https://openalex.org/A5017575883,https://openalex.org/A5017575883,accepted,2026-10-04T12:06:27.079166+00:00
https://example.org/aimodels/resource/person/A5017599308,https://openalex.org/A5017599308,http://www.w3.org/2002/07/owl#sameAs,exact_openalex_id,https://openalex.org/A5017599308,https://openalex.org/A5017599308,accepted,2026-10-04T12:06:27.079166+00:00
https://example.org/aimodels/resource/person/A5017671620,https://openalex.org/A5017671620,http://www.w3.org/2002/07/owl#sameAs,exact_openalex_id,https://openalex.org/A5017671620,https://openalex.org/A5017671620,accepted,2026-10-04T12:06:27.079166+00:00
https://example.org/aimodels/resource/person/A5017688180,https://openalex.org/A5017688180,http://www.w3.org/2002/07/owl#sameAs,exact_openalex_id,https://openalex.org/A5017688180,https://openalex.org/A5017688180,accepted,2026-10-04T12:06:27.079166+00:00
https://example.org/aimodels/resource/person/A5017734452,https://openalex.org/A5017734452,http://www.w3.org/2002/07/owl#sameAs,exact_openalex_id,https://openalex.org/A5017734452,https://openalex.org/A5017734452,accepted,2026-10-04T12:06:27.079166+00:00
https://example.org/aimodels/resource/person/A5017766297,https://openalex.org/A5017766297,http://www.w3.org/2002/07/owl#sameAs,exact_openalex_id,https://openalex.org/A5017766297,https://openalex.org/A5017766297,accepted,2026-10-04T12:06:27.079166+00:00
https://example.org/aimodels/resource/person/A5017940830,https://openalex.org/A5017940830,http://www.w3.org/2002/07/owl#sameAs,exact_openalex_id,https://openalex.org/A5017940830,https://openalex.org/A5017940830,accepted,2026-10-04T12:06:27.079166+00:00
https://example.org/aimodels/resource/person/A5017949971,https://openalex.org/A5017949971,http://www.w3.org/2002/07/owl#sameAs,exact_openalex_id,https://openalex.org/A5017949971,https://openalex.org/A5017949971,accepted,2026-10-04T12:06:27.079166+00:00
https://example.org/aimodels/resource/person/A5018113047,https://openalex.org/A5018113047,http://www.w3.org/2002/07/owl#sameAs,exact_openalex_id,https://openalex.org/A5018113047,https://openalex.org/A5018113047,accepted,2026-10-04T12:06:27.079166+00:00
https://example.org/aimodels/resource/person/A5018131113,https://openalex.org/A5018131113,http://www.w3.org/2002/07/owl#sameAs,exact_openalex_id,https://openalex.org/A5018131113,https://openalex.org/A5018131113,accepted,2026-10-04T12:06:27.079166+00:00
https://example.org/aimodels/resource/person/A5018225836,https://openalex.org/A5018225836,http://www.w3.org/2002/07/owl#sameAs,exact_openalex_id,https://openalex.org/A5018225836,https://openalex.org/A5018225836,accepted,2026-10-04T12:06:27.079166+00:00
https://example.org/aimodels/resource/person/A5018257829,https://openalex.org/A5018257829,http://www.w3.org/2002/07/owl#sameAs,exact_openalex_id,https://openalex.org/A5018257829,https://openalex.org/A5018257829,accepted,2026-10-04T12:06:27.079166+00:00
https://example.org/aimodels/resource/person/A5018507768,https://openalex.org/A5018507768,http://www.w3.org/2002/07/owl#sameAs,exact_openalex_id,https://openalex.org/A5018507768,https://openalex.org/A5018507768,accepted,2026-10-04T12:06:27.079166+00:00
https://example.org/aimodels/resource/person/A5018515711,https://openalex.org/A5018515711,http://www.w3.org/2002/07/owl#sameAs,exact_openalex_id,https://openalex.org/A5018515711,https://openalex.org/A5018515711,accepted,2026-10-04T12:06:27.079166+00:00
https://example.org/aimodels/resource/person/A5018518655,https://openalex.org/A5018518655,http://www.w3.org/2002/07/owl#sameAs,exact_openalex_id,https://openalex.org/A5018518655,https://openalex.org/A5018518655,accepted,2026-10-04T12:06:27.079166+00:00
https://example.org/aimodels/resource/person/A5018535992,https://openalex.org/A5018535992,http://www.w3.org/2002/07/owl#sameAs,exact_openalex_id,https://openalex.org/A5018535992,https://openalex.org/A5018535992,accepted,2026-10-04T12:06:27.079166+00:00
https://example.org/aimodels/resource/person/A5018609918,https://openalex.org/A5018609918,http://www.w3.org/2002/07/owl#sameAs,exact_openalex_id,https://openalex.org/A5018609918,https://openalex.org/A5018609918,accepted,2026-10-04T12:06:27.079166+00:00
https://example.org/aimodels/resource/person/A5018728658,https://openalex.org/A5018728658,http://www.w3.org/2002/07/owl#sameAs,exact_openalex_id,https://openalex.org/A5018728658,https://openalex.org/A5018728658,accepted,2026-10-04T12:06:27.079166+00:00
https://example.org/aimodels/resource/person/A5018789011,https://openalex.org/A5018789011,http://www.w3.org/2002/07/owl#sameAs,exact_openalex_id,https://openalex.org/A5018789011,https://openalex.org/A5018789011,accepted,2026-10-04T12:06:27.079166+00:00
https://example.org/aimodels/resource/person/A5018809423,https://openalex.org/A5018809423,http://www.w3.org/2002/07/owl#sameAs,exact_openalex_id,https://openalex.org/A5018809423,https://openalex.org/A5018809423,accepted,2026-10-04T12:06:27.079166+00:00
https://example.org/aimodels/resource/person/A5018864006,https://openalex.org/A5018864006,http://www.w3.org/2002/07/owl#sameAs,exact_openalex_id,https://openalex.org/A5018864006,https://openalex.org/A5018864006,accepted,2026-10-04T12:06:27.079166+00:00
https://example.org/aimodels/resource/person/A5018977183,https://openalex.org/A5018977183,http://www.w3.org/2002/07/owl#sameAs,exact_openalex_id,https://openalex.org/A5018977183,https://openalex.org/A5018977183,accepted,2026-10-04T12:06:27.079166+00:00
https://example.org/aimodels/resource/person/A5019081674,https://openalex.org/A5019081674,http://www.w3.org/2002/07/owl#sameAs,exact_openalex_id,https://openalex.org/A5019081674,https://openalex.org/A5019081674,accepted,2026-10-04T12:06:27.079166+00:00
https://example.org/aimodels/resource/person/A5019129523,https://openalex.org/A5019129523,http://www.w3.org/2002/07/owl#sameAs,exact_openalex_id,https://openalex.org/A5019129523,https://openalex.org/A5019129523,accepted,2026-10-04T12:06:27.079166+00:00
https://example.org/aimodels/resource/person/A5019206666,https://openalex.org/A5019206666,http://www.w3.org/2002/07/owl#sameAs,exact_openalex_id,https://openalex.org/A5019206666,https://openalex.org/A5019206666,accepted,2026-10-04T12:06:27.079166+00:00
https://example.org/aimodels/resource/person/A5019210292,https://openalex.org/A5019210292,http://www.w3.org/2002/07/owl#sameAs,exact_openalex_id,https://openalex.org/A5019210292,https://openalex.org/A5019210292,accepted,2026-10-04T12:06:27.079166+00:00
https://example.org/aimodels/resource/person/A5019212451,https://openalex.org/A5019212451,http://www.w3.org/2002/07/owl#sameAs,exact_openalex_id,https://openalex.org/A5019212451,https://openalex.org/A5019212451,accepted,2026-10-04T12:06:27.079166+00:00
https://example.org/aimodels/resource/person/A5019297976,https://openalex.org/A5019297976,http://www.w3.org/2002/07/owl#sameAs,exact_openalex_id,https://openalex.org/A5019297976,https://openalex.org/A5019297976,accepted,2026-10-04T12:06:27.079166+00:00
https://example.org/aimodels/resource/person/A5019337496,https://openalex.org/A5019337496,http://www.w3.org/2002/07/owl#sameAs,exact_openalex_id,https://openalex.org/A5019337496,https://openalex.org/A5019337496,accepted,2026-10-04T12:06:27.079166+00:00
https://example.org/aimodels/resource/person/A5019426968,https://openalex.org/A5019426968,http://www.w3.org/2002/07/owl#sameAs,exact_openalex_id,https://openalex.org/A5019426968,https://openalex.org/A5019426968,accepted,2026-10-04T12:06:27.079166+00:00
https://example.org/aimodels/resource/person/A5019471288,https://openalex.org/A5019471288,http://www.w3.org/2002/07/owl#sameAs,exact_openalex_id,https://openalex.org/A5019471288,https://openalex.org/A5019471288,accepted,2026-10-04T12:06:27.079166+00:00
https://example.org/aimodels/resource/person/A5019482456,https://openalex.org/A5019482456,http://www.w3.org/2002/07/owl#sameAs,exact_openalex_id,https://openalex.org/A5019482456,https://openalex.org/A5019482456,accepted,2026-10-04T12:06:27.079166+00:00
https://example.org/aimodels/resource/person/A5019494985,https://openalex.org/A5019494985,http://www.w3.org/2002/07/owl#sameAs,exact_openalex_id,https://openalex.org/A5019494985,https://openalex.org/A5019494985,accepted,2026-10-04T12:06:27.079166+00:00
https://example.org/aimodels/resource/person/A5019579257,https://openalex.org/A5019579257,http://www.w3.org/2002/07/owl#sameAs,exact_openalex_id,https://openalex.org/A5019579257,https://openalex.org/A5019579257,accepted,2026-10-04T12:06:27.079166+00:00
https://example.org/aimodels/resource/person/A5019599571,https://openalex.org/A5019599571,http://www.w3.org/2002/07/owl#sameAs,exact_openalex_id,https://openalex.org/A5019599571,https://openalex.org/A5019599571,accepted,2026-10-04T12:06:27.079166+00:00
https://example.org/aimodels/resource/person/A5019674079,https://openalex.org/A5019674079,http://www.w3.org/2002/07/owl#sameAs,exact_openalex_id,https://openalex.org/A5019674079,https://openalex.org/A5019674079,accepted,2026-10-04T12:06:27.079166+00:00
https://example.org/aimodels/resource/person/A5019675338,https://openalex.org/A5019675338,http://www.w3.org/2002/07/owl#sameAs,exact_openalex_id,https://openalex.org/A5019675338,https://openalex.org/A5019675338,accepted,2026-10-04T12:06:27.079166+00:00
https://example.org/aimodels/resource/person/A5019722690,https://openalex.org/A5019722690,http://www.w3.org/2002/07/owl#sameAs,exact_openalex_id,https://openalex.org/A5019722690,https://openalex.org/A5019722690,accepted,2026-10-04T12:06:27.079166+00:00
https://example.org/aimodels/resource/person/A5019737566,https://openalex.org/A5019737566,http://www.w3.org/2002/07/owl#sameAs,exact_openalex_id,https://openalex.org/A5019737566,https://openalex.org/A5019737566,accepted,2026-10-04T12:06:27.079166+00:00
https://example.org/aimodels/resource/person/A5019880413,https://openalex.org/A5019880413,http://www.w3.org/2002/07/owl#sameAs,exact_openalex_id,https://openalex.org/A5019880413,https://openalex.org/A5019880413,accepted,2026-10-04T12:06:27.079166+00:00
https://example.org/aimodels/resource/person/A5019971035,https://openalex.org/A5019971035,http://www.w3.org/2002/07/owl#sameAs,exact_openalex_id,https://openalex.org/A5019971035,https://openalex.org/A5019971035,accepted,2026-10-04T12:06:27.079166+00:00
https://example.org/aimodels/resource/person/A5019973471,https://openalex.org/A5019973471,http://www.w3.org/2002/07/owl#sameAs,exact_openalex_id,https://openalex.org/A5019973471,https://openalex.org/A5019973471,accepted,2026-10-04T12:06:27.079166+00:00
https://example.org/aimodels/resource/person/A5020032572,https://openalex.org/A5020032572,http://www.w3.org/2002/07/owl#sameAs,exact_openalex_id,https://openalex.org/A5020032572,https://openalex.org/A5020032572,accepted,2026-10-04T12:06:27.079166+00:00
https://example.org/aimodels/resource/person/A5020049212,https://openalex.org/A5020049212,http://www.w3.org/2002/07/owl#sameAs,exact_openalex_id,https://openalex.org/A5020049212,https://openalex.org/A5020049212,accepted,2026-10-04T12:06:27.079166+00:00
https://example.org/aimodels/resource/person/A5020400986,https://openalex.org/A5020400986,http://www.w3.org/2002/07/owl#sameAs,exact_openalex_id,https://openalex.org/A5020400986,https://openalex.org/A5020400986,accepted,2026-10-04T12:06:27.079166+00:00
https://example.org/aimodels/resource/person/A5020446219,https://openalex.org/A5020446219,http://www.w3.org/2002/07/owl#sameAs,exact_openalex_id,https://openalex.org/A5020446219,https://openalex.org/A5020446219,accepted,2026-10-04T12:06:27.079166+00:00
https://example.org/aimodels/resource/person/A5020456783,https://openalex.org/A5020456783,http://www.w3.org/2002/07/owl#sameAs,exact_openalex_id,https://openalex.org/A5020456783,https://openalex.org/A5020456783,accepted,2026-10-04T12:06:27.079166+00:00
https://example.org/aimodels/resource/person/A5020476329,https://openalex.org/A5020476329,http://www.w3.org/2002/07/owl#sameAs,exact_openalex_id,https://openalex.org/A5020476329,https://openalex.org/A5020476329,accepted,2026-10-04T12:06:27.079166+00:00
https://example.org/aimodels/resource/person/A5020511969,https://openalex.org/A5020511969,http://www.w3.org/2002/07/owl#sameAs,exact_openalex_id,https://openalex.org/A5020511969,https://openalex.org/A5020511969,accepted,2026-10-04T12:06:27.079166+00:00
https://example.org/aimodels/resource/person/A5020676803,https://openalex.org/A5020676803,http://www.w3.org/2002/07/owl#sameAs,exact_openalex_id,https://openalex.org/A5020676803,https://openalex.org/A5020676803,accepted,2026-10-04T12:06:27.079166+00:00
https://example.org/aimodels/resource/person/A5020758501,https://openalex.org/A5020758501,http://www.w3.org/2002/07/owl#sameAs,exact_openalex_id,https://openalex.org/A5020758501,https://openalex.org/A5020758501,accepted,2026-10-04T12:06:27.079166+00:00
https://example.org/aimodels/resource/person/A5020917394,https://openalex.org/A5020917394,http://www.w3.org/2002/07/owl#sameAs,exact_openalex_id,https://openalex.org/A5020917394,https://openalex.org/A5020917394,accepted,2026-10-04T12:06:27.079166+00:00
https://example.org/aimodels/resource/person/A5021143474,https://openalex.org/A5021143474,http://www.w3.org/2002/07/owl#sameAs,exact_openalex_id,https://openalex.org/A5021143474,https://openalex.org/A5021143474,accepted,2026-10-04T12:06:27.079166+00:00
https://example.org/aimodels/resource/person/A5021289514,https://openalex.org/A5021289514,http://www.w3.org/2002/07/owl#sameAs,exact_openalex_id,https://openalex.org/A5021289514,https://openalex.org/A5021289514,accepted,2026-10-04T12:06:27.079166+00:00
https://example.org/aimodels/resource/person/A5021326990,https://openalex.org/A5021326990,http://www.w3.org/2002/07/owl#sameAs,exact_openalex_id,https://openalex.org/A5021326990,https://openalex.org/A5021326990,accepted,2026-10-04T12:06:27.079166+00:00
https://example.org/aimodels/resource/person/A5021334672,https://openalex.org/A5021334672,http://www.w3.org/2002/07/owl#sameAs,exact_openalex_id,https://openalex.org/A5021334672,https://openalex.org/A5021334672,accepted,2026-10-04T12:06:27.079166+00:00
https://example.org/aimodels/resource/person/A5021398250,https://openalex.org/A5021398250,http://www.w3.org/2002/07/owl#sameAs,exact_openalex_id,https://openalex.org/A5021398250,https://openalex.org/A5021398250,accepted,2026-10-04T12:06:27.079166+00:00
https://example.org/aimodels/resource/person/A5021403340,https://openalex.org/A5021403340,http://www.w3.org/2002/07/owl#sameAs,exact_openalex_id,https://openalex.org/A5021403340,https://openalex.org/A5021403340,accepted,2026-10-04T12:06:27.079166+00:00
https://example.org/aimodels/resource/person/A5021459300,https://openalex.org/A5021459300,http://www.w3.org/2002/07/owl#sameAs,exact_openalex_id,https://openalex.org/A5021459300,https://openalex.org/A5021459300,accepted,2026-10-04T12:06:27.079166+00:00
https://example.org/aimodels/resource/person/A5021523670,https://openalex.org/A5021523670,http://www.w3.org/2002/07/owl#sameAs,exact_openalex_id,https://openalex.org/A5021523670,https://openalex.org/A5021523670,accepted,2026-10-04T12:06:27.079166+00:00
https://example.org/aimodels/resource/person/A5021626481,https://openalex.org/A5021626481,http://www.w3.org/2002/07/owl#sameAs,exact_openalex_id,https://openalex.org/A5021626481,https://openalex.org/A5021626481,accepted,2026-10-04T12:06:27.079166+00:00
https://example.org/aimodels/resource/person/A5021676288,https://openalex.org/A5021676288,http://www.w3.org/2002/07/owl#sameAs,exact_openalex_id,https://openalex.org/A5021676288,https://openalex.org/A5021676288,accepted,2026-10-04T12:06:27.079166+00:00
https://example.org/aimodels/resource/person/A5021728625,https://openalex.org/A5021728625,http://www.w3.org/2002/07/owl#sameAs,exact_openalex_id,https://openalex.org/A5021728625,https://openalex.org/A5021728625,accepted,2026-10-04T12:06:27.079166+00:00
https://example.org/aimodels/resource/person/A5021766835,https://openalex.org/A5021766835,http://www.w3.org/2002/07/owl#sameAs,exact_openalex_id,https://openalex.org/A5021766835,https://openalex.org/A5021766835,accepted,2026-10-04T12:06:27.079166+00:00
https://example.org/aimodels/resource/person/A5021806010,https://openalex.org/A5021806010,http://www.w3.org/2002/07/owl#sameAs,exact_openalex_id,https://openalex.org/A5021806010,https://openalex.org/A5021806010,accepted,2026-10-04T12:06:27.079166+00:00
https://example.org/aimodels/resource/person/A5021812637,https://openalex.org/A5021812637,http://www.w3.org/2002/07/owl#sameAs,exact_openalex_id,https://openalex.org/A5021812637,https://openalex.org/A5021812637,accepted,2026-10-04T12:06:27.079166+00:00
https://example.org/aimodels/resource/person/A5021817200,https://openalex.org/A5021817200,http://www.w3.org/2002/07/owl#sameAs,exact_openalex_id,https://openalex.org/A5021817200,https://openalex.org/A5021817200,accepted,2026-10-04T12:06:27.079166+00:00
https://example.org/aimodels/resource/person/A5021817941,https://openalex.org/A5021817941,http://www.w3.org/2002/07/owl#sameAs,exact_openalex_id,https://openalex.org/A5021817941,https://openalex.org/A5021817941,accepted,2026-10-04T12:06:27.079166+00:00
https://example.org/aimodels/resource/person/A5021878400,https://openalex.org/A5021878400,http://www.w3.org/2002/07/owl#sameAs,exact_openalex_id,https://openalex.org/A5021878400,https://openalex.org/A5021878400,accepted,2026-10-04T12:06:27.079166+00:00
https://example.org/aimodels/resource/person/A5022032374,https://openalex.org/A5022032374,http://www.w3.org/2002/07/owl#sameAs,exact_openalex_id,https://openalex.org/A5022032374,https://openalex.org/A5022032374,accepted,2026-10-04T12:06:27.079166+00:00
https://example.org/aimodels/resource/person/A5022036537,https://openalex.org/A5022036537,http://www.w3.org/2002/07/owl#sameAs,exact_openalex_id,https://openalex.org/A5022036537,https://openalex.org/A5022036537,accepted,2026-10-04T12:06:27.079166+00:00
https://example.org/aimodels/resource/person/A5022076965,https://openalex.org/A5022076965,http://www.w3.org/2002/07/owl#sameAs,exact_openalex_id,https://openalex.org/A5022076965,https://openalex.org/A5022076965,accepted,2026-10-04T12:06:27.079166+00:00
https://example.org/aimodels/resource/person/A5022200342,https://openalex.org/A5022200342,http://www.w3.org/2002/07/owl#sameAs,exact_openalex_id,https://openalex.org/A5022200342,https://openalex.org/A5022200342,accepted,2026-10-04T12:06:27.079166+00:00
https://example.org/aimodels/resource/person/A5022205442,https://openalex.org/A5022205442,http://www.w3.org/2002/07/owl#sameAs,exact_openalex_id,https://openalex.org/A5022205442,https://openalex.org/A5022205442,accepted,2026-10-04T12:06:27.079166+00:00
https://example.org/aimodels/resource/person/A5022225777,https://openalex.org/A5022225777,http://www.w3.org/2002/07/owl#sameAs,exact_openalex_id,https://openalex.org/A5022225777,https://openalex.org/A5022225777,accepted,2026-10-04T12:06:27.079166+00:00
https://example.org/aimodels/resource/person/A5022256468,https://openalex.org/A5022256468,http://www.w3.org/2002/07/owl#sameAs,exact_openalex_id,https://openalex.org/A5022256468,https://openalex.org/A5022256468,accepted,2026-10-04T12:06:27.079166+00:00
https://example.org/aimodels/resource/person/A5022328505,https://openalex.org/A5022328505,http://www.w3.org/2002/07/owl#sameAs,exact_openalex_id,https://openalex.org/A5022328505,https://openalex.org/A5022328505,accepted,2026-10-04T12:06:27.079166+00:00
https://example.org/aimodels/resource/person/A5022388476,https://openalex.org/A5022388476,http://www.w3.org/2002/07/owl#sameAs,exact_openalex_id,https://openalex.org/A5022388476,https://openalex.org/A5022388476,accepted,2026-10-04T12:06:27.079166+00:00
https://example.org/aimodels/resource/person/A5022455158,https://openalex.org/A5022455158,http://www.w3.org/2002/07/owl#sameAs,exact_openalex_id,https://openalex.org/A5022455158,https://openalex.org/A5022455158,accepted,2026-10-04T12:06:27.079166+00:00
https://example.org/aimodels/resource/person/A5022540761,https://openalex.org/A5022540761,http://www.w3.org/2002/07/owl#sameAs,exact_openalex_id,https://openalex.org/A5022540761,https://openalex.org/A5022540761,accepted,2026-10-04T12:06:27.079166+00:00
https://example.org/aimodels/resource/person/A5022644245,https://openalex.org/A5022644245,http://www.w3.org/2002/07/owl#sameAs,exact_openalex_id,https://openalex.org/A5022644245,https://openalex.org/A5022644245,accepted,2026-10-04T12:06:27.079166+00:00
https://example.org/aimodels/resource/person/A5022672030,https://openalex.org/A5022672030,http://www.w3.org/2002/07/owl#sameAs,exact_openalex_id,https://openalex.org/A5022672030,https://openalex.org/A5022672030,accepted,2026-10-04T12:06:27.079166+00:00
https://example.org/aimodels/resource/person/A5022674572,https://openalex.org/A5022674572,http://www.w3.org/2002/07/owl#sameAs,exact_openalex_id,https://openalex.org/A5022674572,https://openalex.org/A5022674572,accepted,2026-10-04T12:06:27.079166+00:00
https://example.org/aimodels/resource/person/A5022702389,https://openalex.org/A5022702389,http://www.w3.org/2002/07/owl#sameAs,exact_openalex_id,https://openalex.org/A5022702389,https://openalex.org/A5022702389,accepted,2026-10-04T12:06:27.079166+00:00
https://example.org/aimodels/resource/person/A5022730878,https://openalex.org/A5022730878,http://www.w3.org/2002/07/owl#sameAs,exact_openalex_id,https://openalex.org/A5022730878,https://openalex.org/A5022730878,accepted,2026-10-04T12:06:27.079166+00:00
https://example.org/aimodels/resource/person/A5022918060,https://openalex.org/A5022918060,http://www.w3.org/2002/07/owl#sameAs,exact_openalex_id,https://openalex.org/A5022918060,https://openalex.org/A5022918060,accepted,2026-10-04T12:06:27.079166+00:00
https://example.org/aimodels/resource/person/A5022920014,https://openalex.org/A5022920014,http://www.w3.org/2002/07/owl#sameAs,exact_openalex_id,https://openalex.org/A5022920014,https://openalex.org/A5022920014,accepted,2026-10-04T12:06:27.079166+00:00
https://example.org/aimodels/resource/person/A5022994077,https://openalex.org/A5022994077,http://www.w3.org/2002/07/owl#sameAs,exact_openalex_id,https://openalex.org/A5022994077,https://openalex.org/A5022994077,accepted,2026-10-04T12:06:27.079166+00:00
https://example.org/aimodels/resource/person/A5023026501,https://openalex.org/A5023026501,http://www.w3.org/2002/07/owl#sameAs,exact_openalex_id,https://openalex.org/A5023026501,https://openalex.org/A5023026501,accepted,2026-10-04T12:06:27.079166+00:00
https://example.org/aimodels/resource/person/A5023079707,https://openalex.org/A5023079707,http://www.w3.org/2002/07/owl#sameAs,exact_openalex_id,https://openalex.org/A5023079707,https://openalex.org/A5023079707,accepted,2026-10-04T12:06:27.079166+00:00
https://example.org/aimodels/resource/person/A5023123863,https://openalex.org/A5023123863,http://www.w3.org/2002/07/owl#sameAs,exact_openalex_id,https://openalex.org/A5023123863,https://openalex.org/A5023123863,accepted,2026-10-04T12:06:27.079166+00:00
https://example.org/aimodels/resource/person/A5023341622,https://openalex.org/A5023341622,http://www.w3.org/2002/07/owl#sameAs,exact_openalex_id,https://openalex.org/A5023341622,https://openalex.org/A5023341622,accepted,2026-10-04T12:06:27.079166+00:00
https://example.org/aimodels/resource/person/A5023470556,https://openalex.org/A5023470556,http://www.w3.org/2002/07/owl#sameAs,exact_openalex_id,https://openalex.org/A5023470556,https://openalex.org/A5023470556,accepted,2026-10-04T12:06:27.079166+00:00
https://example.org/aimodels/resource/person/A5023494325,https://openalex.org/A5023494325,http://www.w3.org/2002/07/owl#sameAs,exact_openalex_id,https://openalex.org/A5023494325,https://openalex.org/A5023494325,accepted,2026-10-04T12:06:27.079166+00:00
https://example.org/aimodels/resource/person/A5023501811,https://openalex.org/A5023501811,http://www.w3.org/2002/07/owl#sameAs,exact_openalex_id,https://openalex.org/A5023501811,https://openalex.org/A5023501811,accepted,2026-10-04T12:06:27.079166+00:00
https://example.org/aimodels/resource/person/A5023504178,https://openalex.org/A5023504178,http://www.w3.org/2002/07/owl#sameAs,exact_openalex_id,https://openalex.org/A5023504178,https://openalex.org/A5023504178,accepted,2026-10-04T12:06:27.079166+00:00
https://example.org/aimodels/resource/person/A5023562540,https://openalex.org/A5023562540,http://www.w3.org/2002/07/owl#sameAs,exact_openalex_id,https://openalex.org/A5023562540,https://openalex.org/A5023562540,accepted,2026-10-04T12:06:27.079166+00:00
https://example.org/aimodels/resource/person/A5023591414,https://openalex.org/A5023591414,http://www.w3.org/2002/07/owl#sameAs,exact_openalex_id,https://openalex.org/A5023591414,https://openalex.org/A5023591414,accepted,2026-10-04T12:06:27.079166+00:00
https://example.org/aimodels/resource/person/A5023594937,https://openalex.org/A5023594937,http://www.w3.org/2002/07/owl#sameAs,exact_openalex_id,https://openalex.org/A5023594937,https://openalex.org/A5023594937,accepted,2026-10-04T12:06:27.079166+00:00
https://example.org/aimodels/resource/person/A5023621106,https://openalex.org/A5023621106,http://www.w3.org/2002/07/owl#sameAs,exact_openalex_id,https://openalex.org/A5023621106,https://openalex.org/A5023621106,accepted,2026-10-04T12:06:27.079166+00:00
https://example.org/aimodels/resource/person/A5023660419,https://openalex.org/A5023660419,http://www.w3.org/2002/07/owl#sameAs,exact_openalex_id,https://openalex.org/A5023660419,https://openalex.org/A5023660419,accepted,2026-10-04T12:06:27.079166+00:00
https://example.org/aimodels/resource/person/A5023705881,https://openalex.org/A5023705881,http://www.w3.org/2002/07/owl#sameAs,exact_openalex_id,https://openalex.org/A5023705881,https://openalex.org/A5023705881,accepted,2026-10-04T12:06:27.079166+00:00
https://example.org/aimodels/resource/person/A5023750515,https://openalex.org/A5023750515,http://www.w3.org/2002/07/owl#sameAs,exact_openalex_id,https://openalex.org/A5023750515,https://openalex.org/A5023750515,accepted,2026-10-04T12:06:27.079166+00:00
https://example.org/aimodels/resource/person/A5023777406,https://openalex.org/A5023777406,http://www.w3.org/2002/07/owl#sameAs,exact_openalex_id,https://openalex.org/A5023777406,https://openalex.org/A5023777406,accepted,2026-10-04T12:06:27.079166+00:00
https://example.org/aimodels/resource/person/A5023802054,https://openalex.org/A5023802054,http://www.w3.org/2002/07/owl#sameAs,exact_openalex_id,https://openalex.org/A5023802054,https://openalex.org/A5023802054,accepted,2026-10-04T12:06:27.079166+00:00
https://example.org/aimodels/resource/person/A5023849668,https://openalex.org/A5023849668,http://www.w3.org/2002/07/owl#sameAs,exact_openalex_id,https://openalex.org/A5023849668,https://openalex.org/A5023849668,accepted,2026-10-04T12:06:27.079166+00:00
https://example.org/aimodels/resource/person/A5023880578,https://openalex.org/A5023880578,http://www.w3.org/2002/07/owl#sameAs,exact_openalex_id,https://openalex.org/A5023880578,https://openalex.org/A5023880578,accepted,2026-10-04T12:06:27.079166+00:00
https://example.org/aimodels/resource/person/A5023970004,https://openalex.org/A5023970004,http://www.w3.org/2002/07/owl#sameAs,exact_openalex_id,https://openalex.org/A5023970004,https://openalex.org/A5023970004,accepted,2026-10-04T12:06:27.079166+00:00
https://example.org/aimodels/resource/person/A5024300524,https://openalex.org/A5024300524,http://www.w3.org/2002/07/owl#sameAs,exact_openalex_id,https://openalex.org/A5024300524,https://openalex.org/A5024300524,accepted,2026-10-04T12:06:27.079166+00:00
https://example.org/aimodels/resource/person/A5024311574,https://openalex.org/A5024311574,http://www.w3.org/2002/07/owl#sameAs,exact_openalex_id,https://openalex.org/A5024311574,https://openalex.org/A5024311574,accepted,2026-10-04T12:06:27.079166+00:00
https://example.org/aimodels/resource/person/A5024324107,https://openalex.org/A5024324107,http://www.w3.org/2002/07/owl#sameAs,exact_openalex_id,https://openalex.org/A5024324107,https://openalex.org/A5024324107,accepted,2026-10-04T12:06:27.079166+00:00
https://example.org/aimodels/resource/person/A5024347376,https://openalex.org/A5024347376,http://www.w3.org/2002/07/owl#sameAs,exact_openalex_id,https://openalex.org/A5024347376,https://openalex.org/A5024347376,accepted,2026-10-04T12:06:27.079166+00:00
https://example.org/aimodels/resource/person/A5024434748,https://openalex.org/A5024434748,http://www.w3.org/2002/07/owl#sameAs,exact_openalex_id,https://openalex.org/A5024434748,https://openalex.org/A5024434748,accepted,2026-10-04T12:06:27.079166+00:00
https://example.org/aimodels/resource/person/A5024447363,https://openalex.org/A5024447363,http://www.w3.org/2002/07/owl#sameAs,exact_openalex_id,https://openalex.org/A5024447363,https://openalex.org/A5024447363,accepted,2026-10-04T12:06:27.079166+00:00
https://example.org/aimodels/resource/person/A5024458365,https://openalex.org/A5024458365,http://www.w3.org/2002/07/owl#sameAs,exact_openalex_id,https://openalex.org/A5024458365,https://openalex.org/A5024458365,accepted,2026-10-04T12:06:27.079166+00:00
https://example.org/aimodels/resource/person/A5024481540,https://openalex.org/A5024481540,http://www.w3.org/2002/07/owl#sameAs,exact_openalex_id,https://openalex.org/A5024481540,https://openalex.org/A5024481540,accepted,2026-10-04T12:06:27.079166+00:00
https://example.org/aimodels/resource/person/A5024510591,https://openalex.org/A5024510591,http://www.w3.org/2002/07/owl#sameAs,exact_openalex_id,https://openalex.org/A5024510591,https://openalex.org/A5024510591,accepted,2026-10-04T12:06:27.079166+00:00
https://example.org/aimodels/resource/person/A5024723282,https://openalex.org/A5024723282,http://www.w3.org/2002/07/owl#sameAs,exact_openalex_id,https://openalex.org/A5024723282,https://openalex.org/A5024723282,accepted,2026-10-04T12:06:27.079166+00:00
https://example.org/aimodels/resource/person/A5024731885,https://openalex.org/A5024731885,http://www.w3.org/2002/07/owl#sameAs,exact_openalex_id,https://openalex.org/A5024731885,https://openalex.org/A5024731885,accepted,2026-10-04T12:06:27.079166+00:00
https://example.org/aimodels/resource/person/A5024842018,https://openalex.org/A5024842018,http://www.w3.org/2002/07/owl#sameAs,exact_openalex_id,https://openalex.org/A5024842018,https://openalex.org/A5024842018,accepted,2026-10-04T12:06:27.079166+00:00
https://example.org/aimodels/resource/person/A5024845063,https://openalex.org/A5024845063,http://www.w3.org/2002/07/owl#sameAs,exact_openalex_id,https://openalex.org/A5024845063,https://openalex.org/A5024845063,accepted,2026-10-04T12:06:27.079166+00:00
https://example.org/aimodels/resource/person/A5024882131,https://openalex.org/A5024882131,http://www.w3.org/2002/07/owl#sameAs,exact_openalex_id,https://openalex.org/A5024882131,https://openalex.org/A5024882131,accepted,2026-10-04T12:06:27.079166+00:00
https://example.org/aimodels/resource/person/A5024983536,https://openalex.org/A5024983536,http://www.w3.org/2002/07/owl#sameAs,exact_openalex_id,https://openalex.org/A5024983536,https://openalex.org/A5024983536,accepted,2026-10-04T12:06:27.079166+00:00
https://example.org/aimodels/resource/person/A5025008210,https://openalex.org/A5025008210,http://www.w3.org/2002/07/owl#sameAs,exact_openalex_id,https://openalex.org/A5025008210,https://openalex.org/A5025008210,accepted,2026-10-04T12:06:27.079166+00:00
https://example.org/aimodels/resource/person/A5025016495,https://openalex.org/A5025016495,http://www.w3.org/2002/07/owl#sameAs,exact_openalex_id,https://openalex.org/A5025016495,https://openalex.org/A5025016495,accepted,2026-10-04T12:06:27.079166+00:00
https://example.org/aimodels/resource/person/A5025171334,https://openalex.org/A5025171334,http://www.w3.org/2002/07/owl#sameAs,exact_openalex_id,https://openalex.org/A5025171334,https://openalex.org/A5025171334,accepted,2026-10-04T12:06:27.079166+00:00
https://example.org/aimodels/resource/person/A5025205227,https://openalex.org/A5025205227,http://www.w3.org/2002/07/owl#sameAs,exact_openalex_id,https://openalex.org/A5025205227,https://openalex.org/A5025205227,accepted,2026-10-04T12:06:27.079166+00:00
https://example.org/aimodels/resource/person/A5025210358,https://openalex.org/A5025210358,http://www.w3.org/2002/07/owl#sameAs,exact_openalex_id,https://openalex.org/A5025210358,https://openalex.org/A5025210358,accepted,2026-10-04T12:06:27.079166+00:00
https://example.org/aimodels/resource/person/A5025234902,https://openalex.org/A5025234902,http://www.w3.org/2002/07/owl#sameAs,exact_openalex_id,https://openalex.org/A5025234902,https://openalex.org/A5025234902,accepted,2026-10-04T12:06:27.079166+00:00
https://example.org/aimodels/resource/person/A5025255782,https://openalex.org/A5025255782,http://www.w3.org/2002/07/owl#sameAs,exact_openalex_id,https://openalex.org/A5025255782,https://openalex.org/A5025255782,accepted,2026-10-04T12:06:27.079166+00:00
https://example.org/aimodels/resource/person/A5025292786,https://openalex.org/A5025292786,http://www.w3.org/2002/07/owl#sameAs,exact_openalex_id,https://openalex.org/A5025292786,https://openalex.org/A5025292786,accepted,2026-10-04T12:06:27.079166+00:00
https://example.org/aimodels/resource/person/A5025304724,https://openalex.org/A5025304724,http://www.w3.org/2002/07/owl#sameAs,exact_openalex_id,https://openalex.org/A5025304724,https://openalex.org/A5025304724,accepted,2026-10-04T12:06:27.079166+00:00
https://example.org/aimodels/resource/person/A5025386668,https://openalex.org/A5025386668,http://www.w3.org/2002/07/owl#sameAs,exact_openalex_id,https://openalex.org/A5025386668,https://openalex.org/A5025386668,accepted,2026-10-04T12:06:27.079166+00:00
https://example.org/aimodels/resource/person/A5025388406,https://openalex.org/A5025388406,http://www.w3.org/2002/07/owl#sameAs,exact_openalex_id,https://openalex.org/A5025388406,https://openalex.org/A5025388406,accepted,2026-10-04T12:06:27.079166+00:00
https://example.org/aimodels/resource/person/A5025419994,https://openalex.org/A5025419994,http://www.w3.org/2002/07/owl#sameAs,exact_openalex_id,https://openalex.org/A5025419994,https://openalex.org/A5025419994,accepted,2026-10-04T12:06:27.079166+00:00
https://example.org/aimodels/resource/person/A5025427198,https://openalex.org/A5025427198,http://www.w3.org/2002/07/owl#sameAs,exact_openalex_id,https://openalex.org/A5025427198,https://openalex.org/A5025427198,accepted,2026-10-04T12:06:27.079166+00:00
https://example.org/aimodels/resource/person/A5025626087,https://openalex.org/A5025626087,http://www.w3.org/2002/07/owl#sameAs,exact_openalex_id,https://openalex.org/A5025626087,https://openalex.org/A5025626087,accepted,2026-10-04T12:06:27.079166+00:00
https://example.org/aimodels/resource/person/A5025631695,https://openalex.org/A5025631695,http://www.w3.org/2002/07/owl#sameAs,exact_openalex_id,https://openalex.org/A5025631695,https://openalex.org/A5025631695,accepted,2026-10-04T12:06:27.079166+00:00
https://example.org/aimodels/resource/person/A5025662871,https://openalex.org/A5025662871,http://www.w3.org/2002/07/owl#sameAs,exact_openalex_id,https://openalex.org/A5025662871,https://openalex.org/A5025662871,accepted,2026-10-04T12:06:27.079166+00:00
https://example.org/aimodels/resource/person/A5025695094,https://openalex.org/A5025695094,http://www.w3.org/2002/07/owl#sameAs,exact_openalex_id,https://openalex.org/A5025695094,https://openalex.org/A5025695094,accepted,2026-10-04T12:06:27.079166+00:00
https://example.org/aimodels/resource/person/A5025860921,https://openalex.org/A5025860921,http://www.w3.org/2002/07/owl#sameAs,exact_openalex_id,https://openalex.org/A5025860921,https://openalex.org/A5025860921,accepted,2026-10-04T12:06:27.079166+00:00
https://example.org/aimodels/resource/person/A5025890612,https://openalex.org/A5025890612,http://www.w3.org/2002/07/owl#sameAs,exact_openalex_id,https://openalex.org/A5025890612,https://openalex.org/A5025890612,accepted,2026-10-04T12:06:27.079166+00:00
https://example.org/aimodels/resource/person/A5025965777,https://openalex.org/A5025965777,http://www.w3.org/2002/07/owl#sameAs,exact_openalex_id,https://openalex.org/A5025965777,https://openalex.org/A5025965777,accepted,2026-10-04T12:06:27.079166+00:00
https://example.org/aimodels/resource/person/A5026064427,https://openalex.org/A5026064427,http://www.w3.org/2002/07/owl#sameAs,exact_openalex_id,https://openalex.org/A5026064427,https://openalex.org/A5026064427,accepted,2026-10-04T12:06:27.079166+00:00
https://example.org/aimodels/resource/person/A5026113034,https://openalex.org/A5026113034,http://www.w3.org/2002/07/owl#sameAs,exact_openalex_id,https://openalex.org/A5026113034,https://openalex.org/A5026113034,accepted,2026-10-04T12:06:27.079166+00:00
https://example.org/aimodels/resource/person/A5026220115,https://openalex.org/A5026220115,http://www.w3.org/2002/07/owl#sameAs,exact_openalex_id,https://openalex.org/A5026220115,https://openalex.org/A5026220115,accepted,2026-10-04T12:06:27.079166+00:00
https://example.org/aimodels/resource/person/A5026235451,https://openalex.org/A5026235451,http://www.w3.org/2002/07/owl#sameAs,exact_openalex_id,https://openalex.org/A5026235451,https://openalex.org/A5026235451,accepted,2026-10-04T12:06:27.079166+00:00
https://example.org/aimodels/resource/person/A5026315595,https://openalex.org/A5026315595,http://www.w3.org/2002/07/owl#sameAs,exact_openalex_id,https://openalex.org/A5026315595,https://openalex.org/A5026315595,accepted,2026-10-04T12:06:27.079166+00:00
https://example.org/aimodels/resource/person/A5026322200,https://openalex.org/A5026322200,http://www.w3.org/2002/07/owl#sameAs,exact_openalex_id,https://openalex.org/A5026322200,https://openalex.org/A5026322200,accepted,2026-10-04T12:06:27.079166+00:00
https://example.org/aimodels/resource/person/A5026325208,https://openalex.org/A5026325208,http://www.w3.org/2002/07/owl#sameAs,exact_openalex_id,https://openalex.org/A5026325208,https://openalex.org/A5026325208,accepted,2026-10-04T12:06:27.079166+00:00
https://example.org/aimodels/resource/person/A5026328731,https://openalex.org/A5026328731,http://www.w3.org/2002/07/owl#sameAs,exact_openalex_id,https://openalex.org/A5026328731,https://openalex.org/A5026328731,accepted,2026-10-04T12:06:27.079166+00:00
https://example.org/aimodels/resource/person/A5026363324,https://openalex.org/A5026363324,http://www.w3.org/2002/07/owl#sameAs,exact_openalex_id,https://openalex.org/A5026363324,https://openalex.org/A5026363324,accepted,2026-10-04T12:06:27.079166+00:00
https://example.org/aimodels/resource/person/A5026451495,https://openalex.org/A5026451495,http://www.w3.org/2002/07/owl#sameAs,exact_openalex_id,https://openalex.org/A5026451495,https://openalex.org/A5026451495,accepted,2026-10-04T12:06:27.079166+00:00
https://example.org/aimodels/resource/person/A5026521456,https://openalex.org/A5026521456,http://www.w3.org/2002/07/owl#sameAs,exact_openalex_id,https://openalex.org/A5026521456,https://openalex.org/A5026521456,accepted,2026-10-04T12:06:27.079166+00:00
https://example.org/aimodels/resource/person/A5026540467,https://openalex.org/A5026540467,http://www.w3.org/2002/07/owl#sameAs,exact_openalex_id,https://openalex.org/A5026540467,https://openalex.org/A5026540467,accepted,2026-10-04T12:06:27.079166+00:00
https://example.org/aimodels/resource/person/A5026541761,https://openalex.org/A5026541761,http://www.w3.org/2002/07/owl#sameAs,exact_openalex_id,https://openalex.org/A5026541761,https://openalex.org/A5026541761,accepted,2026-10-04T12:06:27.079166+00:00
https://example.org/aimodels/resource/person/A5026579341,https://openalex.org/A5026579341,http://www.w3.org/2002/07/owl#sameAs,exact_openalex_id,https://openalex.org/A5026579341,https://openalex.org/A5026579341,accepted,2026-10-04T12:06:27.079166+00:00
https://example.org/aimodels/resource/person/A5026789962,https://openalex.org/A5026789962,http://www.w3.org/2002/07/owl#sameAs,exact_openalex_id,https://openalex.org/A5026789962,https://openalex.org/A5026789962,accepted,2026-10-04T12:06:27.079166+00:00
https://example.org/aimodels/resource/person/A5026803588,https://openalex.org/A5026803588,http://www.w3.org/2002/07/owl#sameAs,exact_openalex_id,https://openalex.org/A5026803588,https://openalex.org/A5026803588,accepted,2026-10-04T12:06:27.079166+00:00
https://example.org/aimodels/resource/person/A5026829243,https://openalex.org/A5026829243,http://www.w3.org/2002/07/owl#sameAs,exact_openalex_id,https://openalex.org/A5026829243,https://openalex.org/A5026829243,accepted,2026-10-04T12:06:27.079166+00:00
https://example.org/aimodels/resource/person/A5026887485,https://openalex.org/A5026887485,http://www.w3.org/2002/07/owl#sameAs,exact_openalex_id,https://openalex.org/A5026887485,https://openalex.org/A5026887485,accepted,2026-10-04T12:06:27.079166+00:00
https://example.org/aimodels/resource/person/A5026907508,https://openalex.org/A5026907508,http://www.w3.org/2002/07/owl#sameAs,exact_openalex_id,https://openalex.org/A5026907508,https://openalex.org/A5026907508,accepted,2026-10-04T12:06:27.079166+00:00
https://example.org/aimodels/resource/person/A5026929519,https://openalex.org/A5026929519,http://www.w3.org/2002/07/owl#sameAs,exact_openalex_id,https://openalex.org/A5026929519,https://openalex.org/A5026929519,accepted,2026-10-04T12:06:27.079166+00:00
https://example.org/aimodels/resource/person/A5026990786,https://openalex.org/A5026990786,http://www.w3.org/2002/07/owl#sameAs,exact_openalex_id,https://openalex.org/A5026990786,https://openalex.org/A5026990786,accepted,2026-10-04T12:06:27.079166+00:00
https://example.org/aimodels/resource/person/A5027230259,https://openalex.org/A5027230259,http://www.w3.org/2002/07/owl#sameAs,exact_openalex_id,https://openalex.org/A5027230259,https://openalex.org/A5027230259,accepted,2026-10-04T12:06:27.079166+00:00
https://example.org/aimodels/resource/person/A5027383005,https://openalex.org/A5027383005,http://www.w3.org/2002/07/owl#sameAs,exact_openalex_id,https://openalex.org/A5027383005,https://openalex.org/A5027383005,accepted,2026-10-04T12:06:27.079166+00:00
https://example.org/aimodels/resource/person/A5027450194,https://openalex.org/A5027450194,http://www.w3.org/2002/07/owl#sameAs,exact_openalex_id,https://openalex.org/A5027450194,https://openalex.org/A5027450194,accepted,2026-10-04T12:06:27.079166+00:00
https://example.org/aimodels/resource/person/A5027454515,https://openalex.org/A5027454515,http://www.w3.org/2002/07/owl#sameAs,exact_openalex_id,https://openalex.org/A5027454515,https://openalex.org/A5027454515,accepted,2026-10-04T12:06:27.079166+00:00
https://example.org/aimodels/resource/person/A5027632940,https://openalex.org/A5027632940,http://www.w3.org/2002/07/owl#sameAs,exact_openalex_id,https://openalex.org/A5027632940,https://openalex.org/A5027632940,accepted,2026-10-04T12:06:27.079166+00:00
https://example.org/aimodels/resource/person/A5027693232,https://openalex.org/A5027693232,http://www.w3.org/2002/07/owl#sameAs,exact_openalex_id,https://openalex.org/A5027693232,https://openalex.org/A5027693232,accepted,2026-10-04T12:06:27.079166+00:00
https://example.org/aimodels/resource/person/A5027729448,https://openalex.org/A5027729448,http://www.w3.org/2002/07/owl#sameAs,exact_openalex_id,https://openalex.org/A5027729448,https://openalex.org/A5027729448,accepted,2026-10-04T12:06:27.079166+00:00
https://example.org/aimodels/resource/person/A5027836854,https://openalex.org/A5027836854,http://www.w3.org/2002/07/owl#sameAs,exact_openalex_id,https://openalex.org/A5027836854,https://openalex.org/A5027836854,accepted,2026-10-04T12:06:27.079166+00:00
https://example.org/aimodels/resource/person/A5027861933,https://openalex.org/A5027861933,http://www.w3.org/2002/07/owl#sameAs,exact_openalex_id,https://openalex.org/A5027861933,https://openalex.org/A5027861933,accepted,2026-10-04T12:06:27.079166+00:00
https://example.org/aimodels/resource/person/A5027915931,https://openalex.org/A5027915931,http://www.w3.org/2002/07/owl#sameAs,exact_openalex_id,https://openalex.org/A5027915931,https://openalex.org/A5027915931,accepted,2026-10-04T12:06:27.079166+00:00
https://example.org/aimodels/resource/person/A5027985796,https://openalex.org/A5027985796,http://www.w3.org/2002/07/owl#sameAs,exact_openalex_id,https://openalex.org/A5027985796,https://openalex.org/A5027985796,accepted,2026-10-04T12:06:27.079166+00:00
https://example.org/aimodels/resource/person/A5028001282,https://openalex.org/A5028001282,http://www.w3.org/2002/07/owl#sameAs,exact_openalex_id,https://openalex.org/A5028001282,https://openalex.org/A5028001282,accepted,2026-10-04T12:06:27.079166+00:00
https://example.org/aimodels/resource/person/A5028125399,https://openalex.org/A5028125399,http://www.w3.org/2002/07/owl#sameAs,exact_openalex_id,https://openalex.org/A5028125399,https://openalex.org/A5028125399,accepted,2026-10-04T12:06:27.079166+00:00
https://example.org/aimodels/resource/person/A5028178741,https://openalex.org/A5028178741,http://www.w3.org/2002/07/owl#sameAs,exact_openalex_id,https://openalex.org/A5028178741,https://openalex.org/A5028178741,accepted,2026-10-04T12:06:27.079166+00:00
https://example.org/aimodels/resource/person/A5028269821,https://openalex.org/A5028269821,http://www.w3.org/2002/07/owl#sameAs,exact_openalex_id,https://openalex.org/A5028269821,https://openalex.org/A5028269821,accepted,2026-10-04T12:06:27.079166+00:00
https://example.org/aimodels/resource/person/A5028277225,https://openalex.org/A5028277225,http://www.w3.org/2002/07/owl#sameAs,exact_openalex_id,https://openalex.org/A5028277225,https://openalex.org/A5028277225,accepted,2026-10-04T12:06:27.079166+00:00
https://example.org/aimodels/resource/person/A5028298718,https://openalex.org/A5028298718,http://www.w3.org/2002/07/owl#sameAs,exact_openalex_id,https://openalex.org/A5028298718,https://openalex.org/A5028298718,accepted,2026-10-04T12:06:27.079166+00:00
https://example.org/aimodels/resource/person/A5028501178,https://openalex.org/A5028501178,http://www.w3.org/2002/07/owl#sameAs,exact_openalex_id,https://openalex.org/A5028501178,https://openalex.org/A5028501178,accepted,2026-10-04T12:06:27.079166+00:00
https://example.org/aimodels/resource/person/A5028570509,https://openalex.org/A5028570509,http://www.w3.org/2002/07/owl#sameAs,exact_openalex_id,https://openalex.org/A5028570509,https://openalex.org/A5028570509,accepted,2026-10-04T12:06:27.079166+00:00
https://example.org/aimodels/resource/person/A5028588421,https://openalex.org/A5028588421,http://www.w3.org/2002/07/owl#sameAs,exact_openalex_id,https://openalex.org/A5028588421,https://openalex.org/A5028588421,accepted,2026-10-04T12:06:27.079166+00:00
https://example.org/aimodels/resource/person/A5028643592,https://openalex.org/A5028643592,http://www.w3.org/2002/07/owl#sameAs,exact_openalex_id,https://openalex.org/A5028643592,https://openalex.org/A5028643592,accepted,2026-10-04T12:06:27.079166+00:00
https://example.org/aimodels/resource/person/A5028645925,https://openalex.org/A5028645925,http://www.w3.org/2002/07/owl#sameAs,exact_openalex_id,https://openalex.org/A5028645925,https://openalex.org/A5028645925,accepted,2026-10-04T12:06:27.079166+00:00
https://example.org/aimodels/resource/person/A5028709336,https://openalex.org/A5028709336,http://www.w3.org/2002/07/owl#sameAs,exact_openalex_id,https://openalex.org/A5028709336,https://openalex.org/A5028709336,accepted,2026-10-04T12:06:27.079166+00:00
https://example.org/aimodels/resource/person/A5028765069,https://openalex.org/A5028765069,http://www.w3.org/2002/07/owl#sameAs,exact_openalex_id,https://openalex.org/A5028765069,https://openalex.org/A5028765069,accepted,2026-10-04T12:06:27.079166+00:00
https://example.org/aimodels/resource/person/A5028772381,https://openalex.org/A5028772381,http://www.w3.org/2002/07/owl#sameAs,exact_openalex_id,https://openalex.org/A5028772381,https://openalex.org/A5028772381,accepted,2026-10-04T12:06:27.079166+00:00
https://example.org/aimodels/resource/person/A5028780139,https://openalex.org/A5028780139,http://www.w3.org/2002/07/owl#sameAs,exact_openalex_id,https://openalex.org/A5028780139,https://openalex.org/A5028780139,accepted,2026-10-04T12:06:27.079166+00:00
https://example.org/aimodels/resource/person/A5028830229,https://openalex.org/A5028830229,http://www.w3.org/2002/07/owl#sameAs,exact_openalex_id,https://openalex.org/A5028830229,https://openalex.org/A5028830229,accepted,2026-10-04T12:06:27.079166+00:00
https://example.org/aimodels/resource/person/A5028834865,https://openalex.org/A5028834865,http://www.w3.org/2002/07/owl#sameAs,exact_openalex_id,https://openalex.org/A5028834865,https://openalex.org/A5028834865,accepted,2026-10-04T12:06:27.079166+00:00
https://example.org/aimodels/resource/person/A5028858668,https://openalex.org/A5028858668,http://www.w3.org/2002/07/owl#sameAs,exact_openalex_id,https://openalex.org/A5028858668,https://openalex.org/A5028858668,accepted,2026-10-04T12:06:27.079166+00:00
https://example.org/aimodels/resource/person/A5028863551,https://openalex.org/A5028863551,http://www.w3.org/2002/07/owl#sameAs,exact_openalex_id,https://openalex.org/A5028863551,https://openalex.org/A5028863551,accepted,2026-10-04T12:06:27.079166+00:00
https://example.org/aimodels/resource/person/A5028891032,https://openalex.org/A5028891032,http://www.w3.org/2002/07/owl#sameAs,exact_openalex_id,https://openalex.org/A5028891032,https://openalex.org/A5028891032,accepted,2026-10-04T12:06:27.079166+00:00
https://example.org/aimodels/resource/person/A5028992249,https://openalex.org/A5028992249,http://www.w3.org/2002/07/owl#sameAs,exact_openalex_id,https://openalex.org/A5028992249,https://openalex.org/A5028992249,accepted,2026-10-04T12:06:27.079166+00:00
https://example.org/aimodels/resource/person/A5029083198,https://openalex.org/A5029083198,http://www.w3.org/2002/07/owl#sameAs,exact_openalex_id,https://openalex.org/A5029083198,https://openalex.org/A5029083198,accepted,2026-10-04T12:06:27.079166+00:00
https://example.org/aimodels/resource/person/A5029105520,https://openalex.org/A5029105520,http://www.w3.org/2002/07/owl#sameAs,exact_openalex_id,https://openalex.org/A5029105520,https://openalex.org/A5029105520,accepted,2026-10-04T12:06:27.079166+00:00
https://example.org/aimodels/resource/person/A5029160764,https://openalex.org/A5029160764,http://www.w3.org/2002/07/owl#sameAs,exact_openalex_id,https://openalex.org/A5029160764,https://openalex.org/A5029160764,accepted,2026-10-04T12:06:27.079166+00:00
https://example.org/aimodels/resource/person/A5029186201,https://openalex.org/A5029186201,http://www.w3.org/2002/07/owl#sameAs,exact_openalex_id,https://openalex.org/A5029186201,https://openalex.org/A5029186201,accepted,2026-10-04T12:06:27.079166+00:00
https://example.org/aimodels/resource/person/A5029392006,https://openalex.org/A5029392006,http://www.w3.org/2002/07/owl#sameAs,exact_openalex_id,https://openalex.org/A5029392006,https://openalex.org/A5029392006,accepted,2026-10-04T12:06:27.079166+00:00
https://example.org/aimodels/resource/person/A5029469707,https://openalex.org/A5029469707,http://www.w3.org/2002/07/owl#sameAs,exact_openalex_id,https://openalex.org/A5029469707,https://openalex.org/A5029469707,accepted,2026-10-04T12:06:27.079166+00:00
https://example.org/aimodels/resource/person/A5029566548,https://openalex.org/A5029566548,http://www.w3.org/2002/07/owl#sameAs,exact_openalex_id,https://openalex.org/A5029566548,https://openalex.org/A5029566548,accepted,2026-10-04T12:06:27.079166+00:00
https://example.org/aimodels/resource/person/A5029611587,https://openalex.org/A5029611587,http://www.w3.org/2002/07/owl#sameAs,exact_openalex_id,https://openalex.org/A5029611587,https://openalex.org/A5029611587,accepted,2026-10-04T12:06:27.079166+00:00
https://example.org/aimodels/resource/person/A5029678131,https://openalex.org/A5029678131,http://www.w3.org/2002/07/owl#sameAs,exact_openalex_id,https://openalex.org/A5029678131,https://openalex.org/A5029678131,accepted,2026-10-04T12:06:27.079166+00:00
https://example.org/aimodels/resource/person/A5029691314,https://openalex.org/A5029691314,http://www.w3.org/2002/07/owl#sameAs,exact_openalex_id,https://openalex.org/A5029691314,https://openalex.org/A5029691314,accepted,2026-10-04T12:06:27.079166+00:00
https://example.org/aimodels/resource/person/A5029699414,https://openalex.org/A5029699414,http://www.w3.org/2002/07/owl#sameAs,exact_openalex_id,https://openalex.org/A5029699414,https://openalex.org/A5029699414,accepted,2026-10-04T12:06:27.079166+00:00
https://example.org/aimodels/resource/person/A5029793899,https://openalex.org/A5029793899,http://www.w3.org/2002/07/owl#sameAs,exact_openalex_id,https://openalex.org/A5029793899,https://openalex.org/A5029793899,accepted,2026-10-04T12:06:27.079166+00:00
https://example.org/aimodels/resource/person/A5029924588,https://openalex.org/A5029924588,http://www.w3.org/2002/07/owl#sameAs,exact_openalex_id,https://openalex.org/A5029924588,https://openalex.org/A5029924588,accepted,2026-10-04T12:06:27.079166+00:00
https://example.org/aimodels/resource/person/A5029977269,https://openalex.org/A5029977269,http://www.w3.org/2002/07/owl#sameAs,exact_openalex_id,https://openalex.org/A5029977269,https://openalex.org/A5029977269,accepted,2026-10-04T12:06:27.079166+00:00
https://example.org/aimodels/resource/person/A5029998947,https://openalex.org/A5029998947,http://www.w3.org/2002/07/owl#sameAs,exact_openalex_id,https://openalex.org/A5029998947,https://openalex.org/A5029998947,accepted,2026-10-04T12:06:27.079166+00:00
https://example.org/aimodels/resource/person/A5030015839,https://openalex.org/A5030015839,http://www.w3.org/2002/07/owl#sameAs,exact_openalex_id,https://openalex.org/A5030015839,https://openalex.org/A5030015839,accepted,2026-10-04T12:06:27.079166+00:00
https://example.org/aimodels/resource/person/A5030018356,https://openalex.org/A5030018356,http://www.w3.org/2002/07/owl#sameAs,exact_openalex_id,https://openalex.org/A5030018356,https://openalex.org/A5030018356,accepted,2026-10-04T12:06:27.079166+00:00
https://example.org/aimodels/resource/person/A5030125352,https://openalex.org/A5030125352,http://www.w3.org/2002/07/owl#sameAs,exact_openalex_id,https://openalex.org/A5030125352,https://openalex.org/A5030125352,accepted,2026-10-04T12:06:27.079166+00:00
https://example.org/aimodels/resource/person/A5030304225,https://openalex.org/A5030304225,http://www.w3.org/2002/07/owl#sameAs,exact_openalex_id,https://openalex.org/A5030304225,https://openalex.org/A5030304225,accepted,2026-10-04T12:06:27.079166+00:00
https://example.org/aimodels/resource/person/A5030305998,https://openalex.org/A5030305998,http://www.w3.org/2002/07/owl#sameAs,exact_openalex_id,https://openalex.org/A5030305998,https://openalex.org/A5030305998,accepted,2026-10-04T12:06:27.079166+00:00
https://example.org/aimodels/resource/person/A5030406488,https://openalex.org/A5030406488,http://www.w3.org/2002/07/owl#sameAs,exact_openalex_id,https://openalex.org/A5030406488,https://openalex.org/A5030406488,accepted,2026-10-04T12:06:27.079166+00:00
https://example.org/aimodels/resource/person/A5030442997,https://openalex.org/A5030442997,http://www.w3.org/2002/07/owl#sameAs,exact_openalex_id,https://openalex.org/A5030442997,https://openalex.org/A5030442997,accepted,2026-10-04T12:06:27.079166+00:00
https://example.org/aimodels/resource/person/A5030447052,https://openalex.org/A5030447052,http://www.w3.org/2002/07/owl#sameAs,exact_openalex_id,https://openalex.org/A5030447052,https://openalex.org/A5030447052,accepted,2026-10-04T12:06:27.079166+00:00
https://example.org/aimodels/resource/person/A5030480633,https://openalex.org/A5030480633,http://www.w3.org/2002/07/owl#sameAs,exact_openalex_id,https://openalex.org/A5030480633,https://openalex.org/A5030480633,accepted,2026-10-04T12:06:27.079166+00:00
https://example.org/aimodels/resource/person/A5030566556,https://openalex.org/A5030566556,http://www.w3.org/2002/07/owl#sameAs,exact_openalex_id,https://openalex.org/A5030566556,https://openalex.org/A5030566556,accepted,2026-10-04T12:06:27.079166+00:00
https://example.org/aimodels/resource/person/A5030571651,https://openalex.org/A5030571651,http://www.w3.org/2002/07/owl#sameAs,exact_openalex_id,https://openalex.org/A5030571651,https://openalex.org/A5030571651,accepted,2026-10-04T12:06:27.079166+00:00
https://example.org/aimodels/resource/person/A5030615769,https://openalex.org/A5030615769,http://www.w3.org/2002/07/owl#sameAs,exact_openalex_id,https://openalex.org/A5030615769,https://openalex.org/A5030615769,accepted,2026-10-04T12:06:27.079166+00:00
https://example.org/aimodels/resource/person/A5030693568,https://openalex.org/A5030693568,http://www.w3.org/2002/07/owl#sameAs,exact_openalex_id,https://openalex.org/A5030693568,https://openalex.org/A5030693568,accepted,2026-10-04T12:06:27.079166+00:00
https://example.org/aimodels/resource/person/A5030702181,https://openalex.org/A5030702181,http://www.w3.org/2002/07/owl#sameAs,exact_openalex_id,https://openalex.org/A5030702181,https://openalex.org/A5030702181,accepted,2026-10-04T12:06:27.079166+00:00
https://example.org/aimodels/resource/person/A5030875603,https://openalex.org/A5030875603,http://www.w3.org/2002/07/owl#sameAs,exact_openalex_id,https://openalex.org/A5030875603,https://openalex.org/A5030875603,accepted,2026-10-04T12:06:27.079166+00:00
https://example.org/aimodels/resource/person/A5030935953,https://openalex.org/A5030935953,http://www.w3.org/2002/07/owl#sameAs,exact_openalex_id,https://openalex.org/A5030935953,https://openalex.org/A5030935953,accepted,2026-10-04T12:06:27.079166+00:00
https://example.org/aimodels/resource/person/A5030951014,https://openalex.org/A5030951014,http://www.w3.org/2002/07/owl#sameAs,exact_openalex_id,https://openalex.org/A5030951014,https://openalex.org/A5030951014,accepted,2026-10-04T12:06:27.079166+00:00
https://example.org/aimodels/resource/person/A5031002895,https://openalex.org/A5031002895,http://www.w3.org/2002/07/owl#sameAs,exact_openalex_id,https://openalex.org/A5031002895,https://openalex.org/A5031002895,accepted,2026-10-04T12:06:27.079166+00:00
https://example.org/aimodels/resource/person/A5031013142,https://openalex.org/A5031013142,http://www.w3.org/2002/07/owl#sameAs,exact_openalex_id,https://openalex.org/A5031013142,https://openalex.org/A5031013142,accepted,2026-10-04T12:06:27.079166+00:00
https://example.org/aimodels/resource/person/A5031060893,https://openalex.org/A5031060893,http://www.w3.org/2002/07/owl#sameAs,exact_openalex_id,https://openalex.org/A5031060893,https://openalex.org/A5031060893,accepted,2026-10-04T12:06:27.079166+00:00
https://example.org/aimodels/resource/person/A5031107879,https://openalex.org/A5031107879,http://www.w3.org/2002/07/owl#sameAs,exact_openalex_id,https://openalex.org/A5031107879,https://openalex.org/A5031107879,accepted,2026-10-04T12:06:27.079166+00:00
https://example.org/aimodels/resource/person/A5031170568,https://openalex.org/A5031170568,http://www.w3.org/2002/07/owl#sameAs,exact_openalex_id,https://openalex.org/A5031170568,https://openalex.org/A5031170568,accepted,2026-10-04T12:06:27.079166+00:00
https://example.org/aimodels/resource/person/A5031275956,https://openalex.org/A5031275956,http://www.w3.org/2002/07/owl#sameAs,exact_openalex_id,https://openalex.org/A5031275956,https://openalex.org/A5031275956,accepted,2026-10-04T12:06:27.079166+00:00
https://example.org/aimodels/resource/person/A5031279787,https://openalex.org/A5031279787,http://www.w3.org/2002/07/owl#sameAs,exact_openalex_id,https://openalex.org/A5031279787,https://openalex.org/A5031279787,accepted,2026-10-04T12:06:27.079166+00:00
https://example.org/aimodels/resource/person/A5031362250,https://openalex.org/A5031362250,http://www.w3.org/2002/07/owl#sameAs,exact_openalex_id,https://openalex.org/A5031362250,https://openalex.org/A5031362250,accepted,2026-10-04T12:06:27.079166+00:00
https://example.org/aimodels/resource/person/A5031395280,https://openalex.org/A5031395280,http://www.w3.org/2002/07/owl#sameAs,exact_openalex_id,https://openalex.org/A5031395280,https://openalex.org/A5031395280,accepted,2026-10-04T12:06:27.079166+00:00
https://example.org/aimodels/resource/person/A5031489667,https://openalex.org/A5031489667,http://www.w3.org/2002/07/owl#sameAs,exact_openalex_id,https://openalex.org/A5031489667,https://openalex.org/A5031489667,accepted,2026-10-04T12:06:27.079166+00:00
https://example.org/aimodels/resource/person/A5031556491,https://openalex.org/A5031556491,http://www.w3.org/2002/07/owl#sameAs,exact_openalex_id,https://openalex.org/A5031556491,https://openalex.org/A5031556491,accepted,2026-10-04T12:06:27.079166+00:00
https://example.org/aimodels/resource/person/A5031718186,https://openalex.org/A5031718186,http://www.w3.org/2002/07/owl#sameAs,exact_openalex_id,https://openalex.org/A5031718186,https://openalex.org/A5031718186,accepted,2026-10-04T12:06:27.079166+00:00
https://example.org/aimodels/resource/person/A5031731960,https://openalex.org/A5031731960,http://www.w3.org/2002/07/owl#sameAs,exact_openalex_id,https://openalex.org/A5031731960,https://openalex.org/A5031731960,accepted,2026-10-04T12:06:27.079166+00:00
https://example.org/aimodels/resource/person/A5031761219,https://openalex.org/A5031761219,http://www.w3.org/2002/07/owl#sameAs,exact_openalex_id,https://openalex.org/A5031761219,https://openalex.org/A5031761219,accepted,2026-10-04T12:06:27.079166+00:00
https://example.org/aimodels/resource/person/A5031789995,https://openalex.org/A5031789995,http://www.w3.org/2002/07/owl#sameAs,exact_openalex_id,https://openalex.org/A5031789995,https://openalex.org/A5031789995,accepted,2026-10-04T12:06:27.079166+00:00
https://example.org/aimodels/resource/person/A5031887767,https://openalex.org/A5031887767,http://www.w3.org/2002/07/owl#sameAs,exact_openalex_id,https://openalex.org/A5031887767,https://openalex.org/A5031887767,accepted,2026-10-04T12:06:27.079166+00:00
https://example.org/aimodels/resource/person/A5031891503,https://openalex.org/A5031891503,http://www.w3.org/2002/07/owl#sameAs,exact_openalex_id,https://openalex.org/A5031891503,https://openalex.org/A5031891503,accepted,2026-10-04T12:06:27.079166+00:00
https://example.org/aimodels/resource/person/A5031981513,https://openalex.org/A5031981513,http://www.w3.org/2002/07/owl#sameAs,exact_openalex_id,https://openalex.org/A5031981513,https://openalex.org/A5031981513,accepted,2026-10-04T12:06:27.079166+00:00
https://example.org/aimodels/resource/person/A5032046813,https://openalex.org/A5032046813,http://www.w3.org/2002/07/owl#sameAs,exact_openalex_id,https://openalex.org/A5032046813,https://openalex.org/A5032046813,accepted,2026-10-04T12:06:27.079166+00:00
https://example.org/aimodels/resource/person/A5032074795,https://openalex.org/A5032074795,http://www.w3.org/2002/07/owl#sameAs,exact_openalex_id,https://openalex.org/A5032074795,https://openalex.org/A5032074795,accepted,2026-10-04T12:06:27.079166+00:00
https://example.org/aimodels/resource/person/A5032079635,https://openalex.org/A5032079635,http://www.w3.org/2002/07/owl#sameAs,exact_openalex_id,https://openalex.org/A5032079635,https://openalex.org/A5032079635,accepted,2026-10-04T12:06:27.079166+00:00
https://example.org/aimodels/resource/person/A5032275803,https://openalex.org/A5032275803,http://www.w3.org/2002/07/owl#sameAs,exact_openalex_id,https://openalex.org/A5032275803,https://openalex.org/A5032275803,accepted,2026-10-04T12:06:27.079166+00:00
https://example.org/aimodels/resource/person/A5032351358,https://openalex.org/A5032351358,http://www.w3.org/2002/07/owl#sameAs,exact_openalex_id,https://openalex.org/A5032351358,https://openalex.org/A5032351358,accepted,2026-10-04T12:06:27.079166+00:00
https://example.org/aimodels/resource/person/A5032415622,https://openalex.org/A5032415622,http://www.w3.org/2002/07/owl#sameAs,exact_openalex_id,https://openalex.org/A5032415622,https://openalex.org/A5032415622,accepted,2026-10-04T12:06:27.079166+00:00
https://example.org/aimodels/resource/person/A5032451496,https://openalex.org/A5032451496,http://www.w3.org/2002/07/owl#sameAs,exact_openalex_id,https://openalex.org/A5032451496,https://openalex.org/A5032451496,accepted,2026-10-04T12:06:27.079166+00:00
https://example.org/aimodels/resource/person/A5032538237,https://openalex.org/A5032538237,http://www.w3.org/2002/07/owl#sameAs,exact_openalex_id,https://openalex.org/A5032538237,https://openalex.org/A5032538237,accepted,2026-10-04T12:06:27.079166+00:00
https://example.org/aimodels/resource/person/A5032569443,https://openalex.org/A5032569443,http://www.w3.org/2002/07/owl#sameAs,exact_openalex_id,https://openalex.org/A5032569443,https://openalex.org/A5032569443,accepted,2026-10-04T12:06:27.079166+00:00
https://example.org/aimodels/resource/person/A5032644449,https://openalex.org/A5032644449,http://www.w3.org/2002/07/owl#sameAs,exact_openalex_id,https://openalex.org/A5032644449,https://openalex.org/A5032644449,accepted,2026-10-04T12:06:27.079166+00:00
https://example.org/aimodels/resource/person/A5032649426,https://openalex.org/A5032649426,http://www.w3.org/2002/07/owl#sameAs,exact_openalex_id,https://openalex.org/A5032649426,https://openalex.org/A5032649426,accepted,2026-10-04T12:06:27.079166+00:00
https://example.org/aimodels/resource/person/A5032652614,https://openalex.org/A5032652614,http://www.w3.org/2002/07/owl#sameAs,exact_openalex_id,https://openalex.org/A5032652614,https://openalex.org/A5032652614,accepted,2026-10-04T12:06:27.079166+00:00
https://example.org/aimodels/resource/person/A5032740979,https://openalex.org/A5032740979,http://www.w3.org/2002/07/owl#sameAs,exact_openalex_id,https://openalex.org/A5032740979,https://openalex.org/A5032740979,accepted,2026-10-04T12:06:27.079166+00:00
https://example.org/aimodels/resource/person/A5032789289,https://openalex.org/A5032789289,http://www.w3.org/2002/07/owl#sameAs,exact_openalex_id,https://openalex.org/A5032789289,https://openalex.org/A5032789289,accepted,2026-10-04T12:06:27.079166+00:00
https://example.org/aimodels/resource/person/A5032814084,https://openalex.org/A5032814084,http://www.w3.org/2002/07/owl#sameAs,exact_openalex_id,https://openalex.org/A5032814084,https://openalex.org/A5032814084,accepted,2026-10-04T12:06:27.079166+00:00
https://example.org/aimodels/resource/person/A5032890999,https://openalex.org/A5032890999,http://www.w3.org/2002/07/owl#sameAs,exact_openalex_id,https://openalex.org/A5032890999,https://openalex.org/A5032890999,accepted,2026-10-04T12:06:27.079166+00:00
https://example.org/aimodels/resource/person/A5033021890,https://openalex.org/A5033021890,http://www.w3.org/2002/07/owl#sameAs,exact_openalex_id,https://openalex.org/A5033021890,https://openalex.org/A5033021890,accepted,2026-10-04T12:06:27.079166+00:00
https://example.org/aimodels/resource/person/A5033032014,https://openalex.org/A5033032014,http://www.w3.org/2002/07/owl#sameAs,exact_openalex_id,https://openalex.org/A5033032014,https://openalex.org/A5033032014,accepted,2026-10-04T12:06:27.079166+00:00
https://example.org/aimodels/resource/person/A5033116661,https://openalex.org/A5033116661,http://www.w3.org/2002/07/owl#sameAs,exact_openalex_id,https://openalex.org/A5033116661,https://openalex.org/A5033116661,accepted,2026-10-04T12:06:27.079166+00:00
https://example.org/aimodels/resource/person/A5033150413,https://openalex.org/A5033150413,http://www.w3.org/2002/07/owl#sameAs,exact_openalex_id,https://openalex.org/A5033150413,https://openalex.org/A5033150413,accepted,2026-10-04T12:06:27.079166+00:00
https://example.org/aimodels/resource/person/A5033265682,https://openalex.org/A5033265682,http://www.w3.org/2002/07/owl#sameAs,exact_openalex_id,https://openalex.org/A5033265682,https://openalex.org/A5033265682,accepted,2026-10-04T12:06:27.079166+00:00
https://example.org/aimodels/resource/person/A5033299848,https://openalex.org/A5033299848,http://www.w3.org/2002/07/owl#sameAs,exact_openalex_id,https://openalex.org/A5033299848,https://openalex.org/A5033299848,accepted,2026-10-04T12:06:27.079166+00:00
https://example.org/aimodels/resource/person/A5033356379,https://openalex.org/A5033356379,http://www.w3.org/2002/07/owl#sameAs,exact_openalex_id,https://openalex.org/A5033356379,https://openalex.org/A5033356379,accepted,2026-10-04T12:06:27.079166+00:00
https://example.org/aimodels/resource/person/A5033369981,https://openalex.org/A5033369981,http://www.w3.org/2002/07/owl#sameAs,exact_openalex_id,https://openalex.org/A5033369981,https://openalex.org/A5033369981,accepted,2026-10-04T12:06:27.079166+00:00
https://example.org/aimodels/resource/person/A5033387842,https://openalex.org/A5033387842,http://www.w3.org/2002/07/owl#sameAs,exact_openalex_id,https://openalex.org/A5033387842,https://openalex.org/A5033387842,accepted,2026-10-04T12:06:27.079166+00:00
https://example.org/aimodels/resource/person/A5033588812,https://openalex.org/A5033588812,http://www.w3.org/2002/07/owl#sameAs,exact_openalex_id,https://openalex.org/A5033588812,https://openalex.org/A5033588812,accepted,2026-10-04T12:06:27.079166+00:00
https://example.org/aimodels/resource/person/A5033596864,https://openalex.org/A5033596864,http://www.w3.org/2002/07/owl#sameAs,exact_openalex_id,https://openalex.org/A5033596864,https://openalex.org/A5033596864,accepted,2026-10-04T12:06:27.079166+00:00
https://example.org/aimodels/resource/person/A5033738047,https://openalex.org/A5033738047,http://www.w3.org/2002/07/owl#sameAs,exact_openalex_id,https://openalex.org/A5033738047,https://openalex.org/A5033738047,accepted,2026-10-04T12:06:27.079166+00:00
https://example.org/aimodels/resource/person/A5033845208,https://openalex.org/A5033845208,http://www.w3.org/2002/07/owl#sameAs,exact_openalex_id,https://openalex.org/A5033845208,https://openalex.org/A5033845208,accepted,2026-10-04T12:06:27.079166+00:00
https://example.org/aimodels/resource/person/A5033945505,https://openalex.org/A5033945505,http://www.w3.org/2002/07/owl#sameAs,exact_openalex_id,https://openalex.org/A5033945505,https://openalex.org/A5033945505,accepted,2026-10-04T12:06:27.079166+00:00
https://example.org/aimodels/resource/person/A5034181783,https://openalex.org/A5034181783,http://www.w3.org/2002/07/owl#sameAs,exact_openalex_id,https://openalex.org/A5034181783,https://openalex.org/A5034181783,accepted,2026-10-04T12:06:27.079166+00:00
https://example.org/aimodels/resource/person/A5034235259,https://openalex.org/A5034235259,http://www.w3.org/2002/07/owl#sameAs,exact_openalex_id,https://openalex.org/A5034235259,https://openalex.org/A5034235259,accepted,2026-10-04T12:06:27.079166+00:00
https://example.org/aimodels/resource/person/A5034251656,https://openalex.org/A5034251656,http://www.w3.org/2002/07/owl#sameAs,exact_openalex_id,https://openalex.org/A5034251656,https://openalex.org/A5034251656,accepted,2026-10-04T12:06:27.079166+00:00
https://example.org/aimodels/resource/person/A5034257647,https://openalex.org/A5034257647,http://www.w3.org/2002/07/owl#sameAs,exact_openalex_id,https://openalex.org/A5034257647,https://openalex.org/A5034257647,accepted,2026-10-04T12:06:27.079166+00:00
https://example.org/aimodels/resource/person/A5034286014,https://openalex.org/A5034286014,http://www.w3.org/2002/07/owl#sameAs,exact_openalex_id,https://openalex.org/A5034286014,https://openalex.org/A5034286014,accepted,2026-10-04T12:06:27.079166+00:00
https://example.org/aimodels/resource/person/A5034335736,https://openalex.org/A5034335736,http://www.w3.org/2002/07/owl#sameAs,exact_openalex_id,https://openalex.org/A5034335736,https://openalex.org/A5034335736,accepted,2026-10-04T12:06:27.079166+00:00
https://example.org/aimodels/resource/person/A5034500430,https://openalex.org/A5034500430,http://www.w3.org/2002/07/owl#sameAs,exact_openalex_id,https://openalex.org/A5034500430,https://openalex.org/A5034500430,accepted,2026-10-04T12:06:27.079166+00:00
https://example.org/aimodels/resource/person/A5034611488,https://openalex.org/A5034611488,http://www.w3.org/2002/07/owl#sameAs,exact_openalex_id,https://openalex.org/A5034611488,https://openalex.org/A5034611488,accepted,2026-10-04T12:06:27.079166+00:00
https://example.org/aimodels/resource/person/A5034657358,https://openalex.org/A5034657358,http://www.w3.org/2002/07/owl#sameAs,exact_openalex_id,https://openalex.org/A5034657358,https://openalex.org/A5034657358,accepted,2026-10-04T12:06:27.079166+00:00
https://example.org/aimodels/resource/person/A5034826937,https://openalex.org/A5034826937,http://www.w3.org/2002/07/owl#sameAs,exact_openalex_id,https://openalex.org/A5034826937,https://openalex.org/A5034826937,accepted,2026-10-04T12:06:27.079166+00:00
https://example.org/aimodels/resource/person/A5034833341,https://openalex.org/A5034833341,http://www.w3.org/2002/07/owl#sameAs,exact_openalex_id,https://openalex.org/A5034833341,https://openalex.org/A5034833341,accepted,2026-10-04T12:06:27.079166+00:00
https://example.org/aimodels/resource/person/A5034891790,https://openalex.org/A5034891790,http://www.w3.org/2002/07/owl#sameAs,exact_openalex_id,https://openalex.org/A5034891790,https://openalex.org/A5034891790,accepted,2026-10-04T12:06:27.079166+00:00
https://example.org/aimodels/resource/person/A5035082722,https://openalex.org/A5035082722,http://www.w3.org/2002/07/owl#sameAs,exact_openalex_id,https://openalex.org/A5035082722,https://openalex.org/A5035082722,accepted,2026-10-04T12:06:27.079166+00:00
https://example.org/aimodels/resource/person/A5035123135,https://openalex.org/A5035123135,http://www.w3.org/2002/07/owl#sameAs,exact_openalex_id,https://openalex.org/A5035123135,https://openalex.org/A5035123135,accepted,2026-10-04T12:06:27.079166+00:00
https://example.org/aimodels/resource/person/A5035174955,https://openalex.org/A5035174955,http://www.w3.org/2002/07/owl#sameAs,exact_openalex_id,https://openalex.org/A5035174955,https://openalex.org/A5035174955,accepted,2026-10-04T12:06:27.079166+00:00
https://example.org/aimodels/resource/person/A5035274621,https://openalex.org/A5035274621,http://www.w3.org/2002/07/owl#sameAs,exact_openalex_id,https://openalex.org/A5035274621,https://openalex.org/A5035274621,accepted,2026-10-04T12:06:27.079166+00:00
https://example.org/aimodels/resource/person/A5035344606,https://openalex.org/A5035344606,http://www.w3.org/2002/07/owl#sameAs,exact_openalex_id,https://openalex.org/A5035344606,https://openalex.org/A5035344606,accepted,2026-10-04T12:06:27.079166+00:00
https://example.org/aimodels/resource/person/A5035369215,https://openalex.org/A5035369215,http://www.w3.org/2002/07/owl#sameAs,exact_openalex_id,https://openalex.org/A5035369215,https://openalex.org/A5035369215,accepted,2026-10-04T12:06:27.079166+00:00
https://example.org/aimodels/resource/person/A5035420035,https://openalex.org/A5035420035,http://www.w3.org/2002/07/owl#sameAs,exact_openalex_id,https://openalex.org/A5035420035,https://openalex.org/A5035420035,accepted,2026-10-04T12:06:27.079166+00:00
https://example.org/aimodels/resource/person/A5035427716,https://openalex.org/A5035427716,http://www.w3.org/2002/07/owl#sameAs,exact_openalex_id,https://openalex.org/A5035427716,https://openalex.org/A5035427716,accepted,2026-10-04T12:06:27.079166+00:00
https://example.org/aimodels/resource/person/A5035433961,https://openalex.org/A5035433961,http://www.w3.org/2002/07/owl#sameAs,exact_openalex_id,https://openalex.org/A5035433961,https://openalex.org/A5035433961,accepted,2026-10-04T12:06:27.079166+00:00
https://example.org/aimodels/resource/person/A5035573146,https://openalex.org/A5035573146,http://www.w3.org/2002/07/owl#sameAs,exact_openalex_id,https://openalex.org/A5035573146,https://openalex.org/A5035573146,accepted,2026-10-04T12:06:27.079166+00:00
https://example.org/aimodels/resource/person/A5035649010,https://openalex.org/A5035649010,http://www.w3.org/2002/07/owl#sameAs,exact_openalex_id,https://openalex.org/A5035649010,https://openalex.org/A5035649010,accepted,2026-10-04T12:06:27.079166+00:00
https://example.org/aimodels/resource/person/A5035660188,https://openalex.org/A5035660188,http://www.w3.org/2002/07/owl#sameAs,exact_openalex_id,https://openalex.org/A5035660188,https://openalex.org/A5035660188,accepted,2026-10-04T12:06:27.079166+00:00
https://example.org/aimodels/resource/person/A5035752789,https://openalex.org/A5035752789,http://www.w3.org/2002/07/owl#sameAs,exact_openalex_id,https://openalex.org/A5035752789,https://openalex.org/A5035752789,accepted,2026-10-04T12:06:27.079166+00:00
https://example.org/aimodels/resource/person/A5035786206,https://openalex.org/A5035786206,http://www.w3.org/2002/07/owl#sameAs,exact_openalex_id,https://openalex.org/A5035786206,https://openalex.org/A5035786206,accepted,2026-10-04T12:06:27.079166+00:00
https://example.org/aimodels/resource/person/A5035838235,https://openalex.org/A5035838235,http://www.w3.org/2002/07/owl#sameAs,exact_openalex_id,https://openalex.org/A5035838235,https://openalex.org/A5035838235,accepted,2026-10-04T12:06:27.079166+00:00
https://example.org/aimodels/resource/person/A5035849215,https://openalex.org/A5035849215,http://www.w3.org/2002/07/owl#sameAs,exact_openalex_id,https://openalex.org/A5035849215,https://openalex.org/A5035849215,accepted,2026-10-04T12:06:27.079166+00:00
https://example.org/aimodels/resource/person/A5035894342,https://openalex.org/A5035894342,http://www.w3.org/2002/07/owl#sameAs,exact_openalex_id,https://openalex.org/A5035894342,https://openalex.org/A5035894342,accepted,2026-10-04T12:06:27.079166+00:00
https://example.org/aimodels/resource/person/A5035905820,https://openalex.org/A5035905820,http://www.w3.org/2002/07/owl#sameAs,exact_openalex_id,https://openalex.org/A5035905820,https://openalex.org/A5035905820,accepted,2026-10-04T12:06:27.079166+00:00
https://example.org/aimodels/resource/person/A5035914396,https://openalex.org/A5035914396,http://www.w3.org/2002/07/owl#sameAs,exact_openalex_id,https://openalex.org/A5035914396,https://openalex.org/A5035914396,accepted,2026-10-04T12:06:27.079166+00:00
https://example.org/aimodels/resource/person/A5036188128,https://openalex.org/A5036188128,http://www.w3.org/2002/07/owl#sameAs,exact_openalex_id,https://openalex.org/A5036188128,https://openalex.org/A5036188128,accepted,2026-10-04T12:06:27.079166+00:00
https://example.org/aimodels/resource/person/A5036245980,https://openalex.org/A5036245980,http://www.w3.org/2002/07/owl#sameAs,exact_openalex_id,https://openalex.org/A5036245980,https://openalex.org/A5036245980,accepted,2026-10-04T12:06:27.079166+00:00
https://example.org/aimodels/resource/person/A5036342710,https://openalex.org/A5036342710,http://www.w3.org/2002/07/owl#sameAs,exact_openalex_id,https://openalex.org/A5036342710,https://openalex.org/A5036342710,accepted,2026-10-04T12:06:27.079166+00:00
https://example.org/aimodels/resource/person/A5036357902,https://openalex.org/A5036357902,http://www.w3.org/2002/07/owl#sameAs,exact_openalex_id,https://openalex.org/A5036357902,https://openalex.org/A5036357902,accepted,2026-10-04T12:06:27.079166+00:00
https://example.org/aimodels/resource/person/A5036645286,https://openalex.org/A5036645286,http://www.w3.org/2002/07/owl#sameAs,exact_openalex_id,https://openalex.org/A5036645286,https://openalex.org/A5036645286,accepted,2026-10-04T12:06:27.079166+00:00
https://example.org/aimodels/resource/person/A5036817745,https://openalex.org/A5036817745,http://www.w3.org/2002/07/owl#sameAs,exact_openalex_id,https://openalex.org/A5036817745,https://openalex.org/A5036817745,accepted,2026-10-04T12:06:27.079166+00:00
https://example.org/aimodels/resource/person/A5036846358,https://openalex.org/A5036846358,http://www.w3.org/2002/07/owl#sameAs,exact_openalex_id,https://openalex.org/A5036846358,https://openalex.org/A5036846358,accepted,2026-10-04T12:06:27.079166+00:00
https://example.org/aimodels/resource/person/A5036855560,https://openalex.org/A5036855560,http://www.w3.org/2002/07/owl#sameAs,exact_openalex_id,https://openalex.org/A5036855560,https://openalex.org/A5036855560,accepted,2026-10-04T12:06:27.079166+00:00
https://example.org/aimodels/resource/person/A5036875405,https://openalex.org/A5036875405,http://www.w3.org/2002/07/owl#sameAs,exact_openalex_id,https://openalex.org/A5036875405,https://openalex.org/A5036875405,accepted,2026-10-04T12:06:27.079166+00:00
https://example.org/aimodels/resource/person/A5037117755,https://openalex.org/A5037117755,http://www.w3.org/2002/07/owl#sameAs,exact_openalex_id,https://openalex.org/A5037117755,https://openalex.org/A5037117755,accepted,2026-10-04T12:06:27.079166+00:00
https://example.org/aimodels/resource/person/A5037145565,https://openalex.org/A5037145565,http://www.w3.org/2002/07/owl#sameAs,exact_openalex_id,https://openalex.org/A5037145565,https://openalex.org/A5037145565,accepted,2026-10-04T12:06:27.079166+00:00
https://example.org/aimodels/resource/person/A5037232402,https://openalex.org/A5037232402,http://www.w3.org/2002/07/owl#sameAs,exact_openalex_id,https://openalex.org/A5037232402,https://openalex.org/A5037232402,accepted,2026-10-04T12:06:27.079166+00:00
https://example.org/aimodels/resource/person/A5037235279,https://openalex.org/A5037235279,http://www.w3.org/2002/07/owl#sameAs,exact_openalex_id,https://openalex.org/A5037235279,https://openalex.org/A5037235279,accepted,2026-10-04T12:06:27.079166+00:00
https://example.org/aimodels/resource/person/A5037285672,https://openalex.org/A5037285672,http://www.w3.org/2002/07/owl#sameAs,exact_openalex_id,https://openalex.org/A5037285672,https://openalex.org/A5037285672,accepted,2026-10-04T12:06:27.079166+00:00
https://example.org/aimodels/resource/person/A5037310413,https://openalex.org/A5037310413,http://www.w3.org/2002/07/owl#sameAs,exact_openalex_id,https://openalex.org/A5037310413,https://openalex.org/A5037310413,accepted,2026-10-04T12:06:27.079166+00:00
https://example.org/aimodels/resource/person/A5037327117,https://openalex.org/A5037327117,http://www.w3.org/2002/07/owl#sameAs,exact_openalex_id,https://openalex.org/A5037327117,https://openalex.org/A5037327117,accepted,2026-10-04T12:06:27.079166+00:00
https://example.org/aimodels/resource/person/A5037419111,https://openalex.org/A5037419111,http://www.w3.org/2002/07/owl#sameAs,exact_openalex_id,https://openalex.org/A5037419111,https://openalex.org/A5037419111,accepted,2026-10-04T12:06:27.079166+00:00
https://example.org/aimodels/resource/person/A5037446204,https://openalex.org/A5037446204,http://www.w3.org/2002/07/owl#sameAs,exact_openalex_id,https://openalex.org/A5037446204,https://openalex.org/A5037446204,accepted,2026-10-04T12:06:27.079166+00:00
https://example.org/aimodels/resource/person/A5037638116,https://openalex.org/A5037638116,http://www.w3.org/2002/07/owl#sameAs,exact_openalex_id,https://openalex.org/A5037638116,https://openalex.org/A5037638116,accepted,2026-10-04T12:06:27.079166+00:00
https://example.org/aimodels/resource/person/A5037674585,https://openalex.org/A5037674585,http://www.w3.org/2002/07/owl#sameAs,exact_openalex_id,https://openalex.org/A5037674585,https://openalex.org/A5037674585,accepted,2026-10-04T12:06:27.079166+00:00
https://example.org/aimodels/resource/person/A5037720080,https://openalex.org/A5037720080,http://www.w3.org/2002/07/owl#sameAs,exact_openalex_id,https://openalex.org/A5037720080,https://openalex.org/A5037720080,accepted,2026-10-04T12:06:27.079166+00:00
https://example.org/aimodels/resource/person/A5037736834,https://openalex.org/A5037736834,http://www.w3.org/2002/07/owl#sameAs,exact_openalex_id,https://openalex.org/A5037736834,https://openalex.org/A5037736834,accepted,2026-10-04T12:06:27.079166+00:00
https://example.org/aimodels/resource/person/A5037747070,https://openalex.org/A5037747070,http://www.w3.org/2002/07/owl#sameAs,exact_openalex_id,https://openalex.org/A5037747070,https://openalex.org/A5037747070,accepted,2026-10-04T12:06:27.079166+00:00
https://example.org/aimodels/resource/person/A5037853792,https://openalex.org/A5037853792,http://www.w3.org/2002/07/owl#sameAs,exact_openalex_id,https://openalex.org/A5037853792,https://openalex.org/A5037853792,accepted,2026-10-04T12:06:27.079166+00:00
https://example.org/aimodels/resource/person/A5037977430,https://openalex.org/A5037977430,http://www.w3.org/2002/07/owl#sameAs,exact_openalex_id,https://openalex.org/A5037977430,https://openalex.org/A5037977430,accepted,2026-10-04T12:06:27.079166+00:00
https://example.org/aimodels/resource/person/A5038101556,https://openalex.org/A5038101556,http://www.w3.org/2002/07/owl#sameAs,exact_openalex_id,https://openalex.org/A5038101556,https://openalex.org/A5038101556,accepted,2026-10-04T12:06:27.079166+00:00
https://example.org/aimodels/resource/person/A5038119518,https://openalex.org/A5038119518,http://www.w3.org/2002/07/owl#sameAs,exact_openalex_id,https://openalex.org/A5038119518,https://openalex.org/A5038119518,accepted,2026-10-04T12:06:27.079166+00:00
https://example.org/aimodels/resource/person/A5038148264,https://openalex.org/A5038148264,http://www.w3.org/2002/07/owl#sameAs,exact_openalex_id,https://openalex.org/A5038148264,https://openalex.org/A5038148264,accepted,2026-10-04T12:06:27.079166+00:00
https://example.org/aimodels/resource/person/A5038202532,https://openalex.org/A5038202532,http://www.w3.org/2002/07/owl#sameAs,exact_openalex_id,https://openalex.org/A5038202532,https://openalex.org/A5038202532,accepted,2026-10-04T12:06:27.079166+00:00
https://example.org/aimodels/resource/person/A5038255653,https://openalex.org/A5038255653,http://www.w3.org/2002/07/owl#sameAs,exact_openalex_id,https://openalex.org/A5038255653,https://openalex.org/A5038255653,accepted,2026-10-04T12:06:27.079166+00:00
https://example.org/aimodels/resource/person/A5038514843,https://openalex.org/A5038514843,http://www.w3.org/2002/07/owl#sameAs,exact_openalex_id,https://openalex.org/A5038514843,https://openalex.org/A5038514843,accepted,2026-10-04T12:06:27.079166+00:00
https://example.org/aimodels/resource/person/A5038582366,https://openalex.org/A5038582366,http://www.w3.org/2002/07/owl#sameAs,exact_openalex_id,https://openalex.org/A5038582366,https://openalex.org/A5038582366,accepted,2026-10-04T12:06:27.079166+00:00
https://example.org/aimodels/resource/person/A5038668215,https://openalex.org/A5038668215,http://www.w3.org/2002/07/owl#sameAs,exact_openalex_id,https://openalex.org/A5038668215,https://openalex.org/A5038668215,accepted,2026-10-04T12:06:27.079166+00:00
https://example.org/aimodels/resource/person/A5038706435,https://openalex.org/A5038706435,http://www.w3.org/2002/07/owl#sameAs,exact_openalex_id,https://openalex.org/A5038706435,https://openalex.org/A5038706435,accepted,2026-10-04T12:06:27.079166+00:00
https://example.org/aimodels/resource/person/A5038723062,https://openalex.org/A5038723062,http://www.w3.org/2002/07/owl#sameAs,exact_openalex_id,https://openalex.org/A5038723062,https://openalex.org/A5038723062,accepted,2026-10-04T12:06:27.079166+00:00
https://example.org/aimodels/resource/person/A5038743835,https://openalex.org/A5038743835,http://www.w3.org/2002/07/owl#sameAs,exact_openalex_id,https://openalex.org/A5038743835,https://openalex.org/A5038743835,accepted,2026-10-04T12:06:27.079166+00:00
https://example.org/aimodels/resource/person/A5038748527,https://openalex.org/A5038748527,http://www.w3.org/2002/07/owl#sameAs,exact_openalex_id,https://openalex.org/A5038748527,https://openalex.org/A5038748527,accepted,2026-10-04T12:06:27.079166+00:00
https://example.org/aimodels/resource/person/A5038751868,https://openalex.org/A5038751868,http://www.w3.org/2002/07/owl#sameAs,exact_openalex_id,https://openalex.org/A5038751868,https://openalex.org/A5038751868,accepted,2026-10-04T12:06:27.079166+00:00
https://example.org/aimodels/resource/person/A5038758207,https://openalex.org/A5038758207,http://www.w3.org/2002/07/owl#sameAs,exact_openalex_id,https://openalex.org/A5038758207,https://openalex.org/A5038758207,accepted,2026-10-04T12:06:27.079166+00:00
https://example.org/aimodels/resource/person/A5038813690,https://openalex.org/A5038813690,http://www.w3.org/2002/07/owl#sameAs,exact_openalex_id,https://openalex.org/A5038813690,https://openalex.org/A5038813690,accepted,2026-10-04T12:06:27.079166+00:00
https://example.org/aimodels/resource/person/A5038969629,https://openalex.org/A5038969629,http://www.w3.org/2002/07/owl#sameAs,exact_openalex_id,https://openalex.org/A5038969629,https://openalex.org/A5038969629,accepted,2026-10-04T12:06:27.079166+00:00
https://example.org/aimodels/resource/person/A5039158419,https://openalex.org/A5039158419,http://www.w3.org/2002/07/owl#sameAs,exact_openalex_id,https://openalex.org/A5039158419,https://openalex.org/A5039158419,accepted,2026-10-04T12:06:27.079166+00:00
https://example.org/aimodels/resource/person/A5039209143,https://openalex.org/A5039209143,http://www.w3.org/2002/07/owl#sameAs,exact_openalex_id,https://openalex.org/A5039209143,https://openalex.org/A5039209143,accepted,2026-10-04T12:06:27.079166+00:00
https://example.org/aimodels/resource/person/A5039232395,https://openalex.org/A5039232395,http://www.w3.org/2002/07/owl#sameAs,exact_openalex_id,https://openalex.org/A5039232395,https://openalex.org/A5039232395,accepted,2026-10-04T12:06:27.079166+00:00
https://example.org/aimodels/resource/person/A5039256697,https://openalex.org/A5039256697,http://www.w3.org/2002/07/owl#sameAs,exact_openalex_id,https://openalex.org/A5039256697,https://openalex.org/A5039256697,accepted,2026-10-04T12:06:27.079166+00:00
https://example.org/aimodels/resource/person/A5039309602,https://openalex.org/A5039309602,http://www.w3.org/2002/07/owl#sameAs,exact_openalex_id,https://openalex.org/A5039309602,https://openalex.org/A5039309602,accepted,2026-10-04T12:06:27.079166+00:00
https://example.org/aimodels/resource/person/A5039442998,https://openalex.org/A5039442998,http://www.w3.org/2002/07/owl#sameAs,exact_openalex_id,https://openalex.org/A5039442998,https://openalex.org/A5039442998,accepted,2026-10-04T12:06:27.079166+00:00
https://example.org/aimodels/resource/person/A5039473897,https://openalex.org/A5039473897,http://www.w3.org/2002/07/owl#sameAs,exact_openalex_id,https://openalex.org/A5039473897,https://openalex.org/A5039473897,accepted,2026-10-04T12:06:27.079166+00:00
https://example.org/aimodels/resource/person/A5039717840,https://openalex.org/A5039717840,http://www.w3.org/2002/07/owl#sameAs,exact_openalex_id,https://openalex.org/A5039717840,https://openalex.org/A5039717840,accepted,2026-10-04T12:06:27.079166+00:00
https://example.org/aimodels/resource/person/A5039749428,https://openalex.org/A5039749428,http://www.w3.org/2002/07/owl#sameAs,exact_openalex_id,https://openalex.org/A5039749428,https://openalex.org/A5039749428,accepted,2026-10-04T12:06:27.079166+00:00
https://example.org/aimodels/resource/person/A5040012627,https://openalex.org/A5040012627,http://www.w3.org/2002/07/owl#sameAs,exact_openalex_id,https://openalex.org/A5040012627,https://openalex.org/A5040012627,accepted,2026-10-04T12:06:27.079166+00:00
https://example.org/aimodels/resource/person/A5040302008,https://openalex.org/A5040302008,http://www.w3.org/2002/07/owl#sameAs,exact_openalex_id,https://openalex.org/A5040302008,https://openalex.org/A5040302008,accepted,2026-10-04T12:06:27.079166+00:00
https://example.org/aimodels/resource/person/A5040311065,https://openalex.org/A5040311065,http://www.w3.org/2002/07/owl#sameAs,exact_openalex_id,https://openalex.org/A5040311065,https://openalex.org/A5040311065,accepted,2026-10-04T12:06:27.079166+00:00
https://example.org/aimodels/resource/person/A5040311844,https://openalex.org/A5040311844,http://www.w3.org/2002/07/owl#sameAs,exact_openalex_id,https://openalex.org/A5040311844,https://openalex.org/A5040311844,accepted,2026-10-04T12:06:27.079166+00:00
https://example.org/aimodels/resource/person/A5040371566,https://openalex.org/A5040371566,http://www.w3.org/2002/07/owl#sameAs,exact_openalex_id,https://openalex.org/A5040371566,https://openalex.org/A5040371566,accepted,2026-10-04T12:06:27.079166+00:00
https://example.org/aimodels/resource/person/A5040457466,https://openalex.org/A5040457466,http://www.w3.org/2002/07/owl#sameAs,exact_openalex_id,https://openalex.org/A5040457466,https://openalex.org/A5040457466,accepted,2026-10-04T12:06:27.079166+00:00
https://example.org/aimodels/resource/person/A5040619988,https://openalex.org/A5040619988,http://www.w3.org/2002/07/owl#sameAs,exact_openalex_id,https://openalex.org/A5040619988,https://openalex.org/A5040619988,accepted,2026-10-04T12:06:27.079166+00:00
https://example.org/aimodels/resource/person/A5040639891,https://openalex.org/A5040639891,http://www.w3.org/2002/07/owl#sameAs,exact_openalex_id,https://openalex.org/A5040639891,https://openalex.org/A5040639891,accepted,2026-10-04T12:06:27.079166+00:00
https://example.org/aimodels/resource/person/A5040674721,https://openalex.org/A5040674721,http://www.w3.org/2002/07/owl#sameAs,exact_openalex_id,https://openalex.org/A5040674721,https://openalex.org/A5040674721,accepted,2026-10-04T12:06:27.079166+00:00
https://example.org/aimodels/resource/person/A5040690315,https://openalex.org/A5040690315,http://www.w3.org/2002/07/owl#sameAs,exact_openalex_id,https://openalex.org/A5040690315,https://openalex.org/A5040690315,accepted,2026-10-04T12:06:27.079166+00:00
https://example.org/aimodels/resource/person/A5040762883,https://openalex.org/A5040762883,http://www.w3.org/2002/07/owl#sameAs,exact_openalex_id,https://openalex.org/A5040762883,https://openalex.org/A5040762883,accepted,2026-10-04T12:06:27.079166+00:00
https://example.org/aimodels/resource/person/A5040949579,https://openalex.org/A5040949579,http://www.w3.org/2002/07/owl#sameAs,exact_openalex_id,https://openalex.org/A5040949579,https://openalex.org/A5040949579,accepted,2026-10-04T12:06:27.079166+00:00
https://example.org/aimodels/resource/person/A5040961637,https://openalex.org/A5040961637,http://www.w3.org/2002/07/owl#sameAs,exact_openalex_id,https://openalex.org/A5040961637,https://openalex.org/A5040961637,accepted,2026-10-04T12:06:27.079166+00:00
https://example.org/aimodels/resource/person/A5041006174,https://openalex.org/A5041006174,http://www.w3.org/2002/07/owl#sameAs,exact_openalex_id,https://openalex.org/A5041006174,https://openalex.org/A5041006174,accepted,2026-10-04T12:06:27.079166+00:00
https://example.org/aimodels/resource/person/A5041175834,https://openalex.org/A5041175834,http://www.w3.org/2002/07/owl#sameAs,exact_openalex_id,https://openalex.org/A5041175834,https://openalex.org/A5041175834,accepted,2026-10-04T12:06:27.079166+00:00
https://example.org/aimodels/resource/person/A5041327310,https://openalex.org/A5041327310,http://www.w3.org/2002/07/owl#sameAs,exact_openalex_id,https://openalex.org/A5041327310,https://openalex.org/A5041327310,accepted,2026-10-04T12:06:27.079166+00:00
https://example.org/aimodels/resource/person/A5041367899,https://openalex.org/A5041367899,http://www.w3.org/2002/07/owl#sameAs,exact_openalex_id,https://openalex.org/A5041367899,https://openalex.org/A5041367899,accepted,2026-10-04T12:06:27.079166+00:00
https://example.org/aimodels/resource/person/A5041434096,https://openalex.org/A5041434096,http://www.w3.org/2002/07/owl#sameAs,exact_openalex_id,https://openalex.org/A5041434096,https://openalex.org/A5041434096,accepted,2026-10-04T12:06:27.079166+00:00
https://example.org/aimodels/resource/person/A5041541232,https://openalex.org/A5041541232,http://www.w3.org/2002/07/owl#sameAs,exact_openalex_id,https://openalex.org/A5041541232,https://openalex.org/A5041541232,accepted,2026-10-04T12:06:27.079166+00:00
https://example.org/aimodels/resource/person/A5041560478,https://openalex.org/A5041560478,http://www.w3.org/2002/07/owl#sameAs,exact_openalex_id,https://openalex.org/A5041560478,https://openalex.org/A5041560478,accepted,2026-10-04T12:06:27.079166+00:00
https://example.org/aimodels/resource/person/A5041667198,https://openalex.org/A5041667198,http://www.w3.org/2002/07/owl#sameAs,exact_openalex_id,https://openalex.org/A5041667198,https://openalex.org/A5041667198,accepted,2026-10-04T12:06:27.079166+00:00
https://example.org/aimodels/resource/person/A5041680406,https://openalex.org/A5041680406,http://www.w3.org/2002/07/owl#sameAs,exact_openalex_id,https://openalex.org/A5041680406,https://openalex.org/A5041680406,accepted,2026-10-04T12:06:27.079166+00:00
https://example.org/aimodels/resource/person/A5041701394,https://openalex.org/A5041701394,http://www.w3.org/2002/07/owl#sameAs,exact_openalex_id,https://openalex.org/A5041701394,https://openalex.org/A5041701394,accepted,2026-10-04T12:06:27.079166+00:00
https://example.org/aimodels/resource/person/A5041714982,https://openalex.org/A5041714982,http://www.w3.org/2002/07/owl#sameAs,exact_openalex_id,https://openalex.org/A5041714982,https://openalex.org/A5041714982,accepted,2026-10-04T12:06:27.079166+00:00
https://example.org/aimodels/resource/person/A5041854978,https://openalex.org/A5041854978,http://www.w3.org/2002/07/owl#sameAs,exact_openalex_id,https://openalex.org/A5041854978,https://openalex.org/A5041854978,accepted,2026-10-04T12:06:27.079166+00:00
https://example.org/aimodels/resource/person/A5041858762,https://openalex.org/A5041858762,http://www.w3.org/2002/07/owl#sameAs,exact_openalex_id,https://openalex.org/A5041858762,https://openalex.org/A5041858762,accepted,2026-10-04T12:06:27.079166+00:00
https://example.org/aimodels/resource/person/A5041907084,https://openalex.org/A5041907084,http://www.w3.org/2002/07/owl#sameAs,exact_openalex_id,https://openalex.org/A5041907084,https://openalex.org/A5041907084,accepted,2026-10-04T12:06:27.079166+00:00
https://example.org/aimodels/resource/person/A5041920173,https://openalex.org/A5041920173,http://www.w3.org/2002/07/owl#sameAs,exact_openalex_id,https://openalex.org/A5041920173,https://openalex.org/A5041920173,accepted,2026-10-04T12:06:27.079166+00:00
https://example.org/aimodels/resource/person/A5042041372,https://openalex.org/A5042041372,http://www.w3.org/2002/07/owl#sameAs,exact_openalex_id,https://openalex.org/A5042041372,https://openalex.org/A5042041372,accepted,2026-10-04T12:06:27.079166+00:00
https://example.org/aimodels/resource/person/A5042208401,https://openalex.org/A5042208401,http://www.w3.org/2002/07/owl#sameAs,exact_openalex_id,https://openalex.org/A5042208401,https://openalex.org/A5042208401,accepted,2026-10-04T12:06:27.079166+00:00
https://example.org/aimodels/resource/person/A5042379226,https://openalex.org/A5042379226,http://www.w3.org/2002/07/owl#sameAs,exact_openalex_id,https://openalex.org/A5042379226,https://openalex.org/A5042379226,accepted,2026-10-04T12:06:27.079166+00:00
https://example.org/aimodels/resource/person/A5042452580,https://openalex.org/A5042452580,http://www.w3.org/2002/07/owl#sameAs,exact_openalex_id,https://openalex.org/A5042452580,https://openalex.org/A5042452580,accepted,2026-10-04T12:06:27.079166+00:00
https://example.org/aimodels/resource/person/A5042601761,https://openalex.org/A5042601761,http://www.w3.org/2002/07/owl#sameAs,exact_openalex_id,https://openalex.org/A5042601761,https://openalex.org/A5042601761,accepted,2026-10-04T12:06:27.079166+00:00
https://example.org/aimodels/resource/person/A5042646536,https://openalex.org/A5042646536,http://www.w3.org/2002/07/owl#sameAs,exact_openalex_id,https://openalex.org/A5042646536,https://openalex.org/A5042646536,accepted,2026-10-04T12:06:27.079166+00:00
https://example.org/aimodels/resource/person/A5042672461,https://openalex.org/A5042672461,http://www.w3.org/2002/07/owl#sameAs,exact_openalex_id,https://openalex.org/A5042672461,https://openalex.org/A5042672461,accepted,2026-10-04T12:06:27.079166+00:00
https://example.org/aimodels/resource/person/A5042751684,https://openalex.org/A5042751684,http://www.w3.org/2002/07/owl#sameAs,exact_openalex_id,https://openalex.org/A5042751684,https://openalex.org/A5042751684,accepted,2026-10-04T12:06:27.079166+00:00
https://example.org/aimodels/resource/person/A5042805801,https://openalex.org/A5042805801,http://www.w3.org/2002/07/owl#sameAs,exact_openalex_id,https://openalex.org/A5042805801,https://openalex.org/A5042805801,accepted,2026-10-04T12:06:27.079166+00:00
https://example.org/aimodels/resource/person/A5042856545,https://openalex.org/A5042856545,http://www.w3.org/2002/07/owl#sameAs,exact_openalex_id,https://openalex.org/A5042856545,https://openalex.org/A5042856545,accepted,2026-10-04T12:06:27.079166+00:00
https://example.org/aimodels/resource/person/A5042922496,https://openalex.org/A5042922496,http://www.w3.org/2002/07/owl#sameAs,exact_openalex_id,https://openalex.org/A5042922496,https://openalex.org/A5042922496,accepted,2026-10-04T12:06:27.079166+00:00
https://example.org/aimodels/resource/person/A5042933080,https://openalex.org/A5042933080,http://www.w3.org/2002/07/owl#sameAs,exact_openalex_id,https://openalex.org/A5042933080,https://openalex.org/A5042933080,accepted,2026-10-04T12:06:27.079166+00:00
https://example.org/aimodels/resource/person/A5043068612,https://openalex.org/A5043068612,http://www.w3.org/2002/07/owl#sameAs,exact_openalex_id,https://openalex.org/A5043068612,https://openalex.org/A5043068612,accepted,2026-10-04T12:06:27.079166+00:00
https://example.org/aimodels/resource/person/A5043098453,https://openalex.org/A5043098453,http://www.w3.org/2002/07/owl#sameAs,exact_openalex_id,https://openalex.org/A5043098453,https://openalex.org/A5043098453,accepted,2026-10-04T12:06:27.079166+00:00
https://example.org/aimodels/resource/person/A5043273387,https://openalex.org/A5043273387,http://www.w3.org/2002/07/owl#sameAs,exact_openalex_id,https://openalex.org/A5043273387,https://openalex.org/A5043273387,accepted,2026-10-04T12:06:27.079166+00:00
https://example.org/aimodels/resource/person/A5043295774,https://openalex.org/A5043295774,http://www.w3.org/2002/07/owl#sameAs,exact_openalex_id,https://openalex.org/A5043295774,https://openalex.org/A5043295774,accepted,2026-10-04T12:06:27.079166+00:00
https://example.org/aimodels/resource/person/A5043359753,https://openalex.org/A5043359753,http://www.w3.org/2002/07/owl#sameAs,exact_openalex_id,https://openalex.org/A5043359753,https://openalex.org/A5043359753,accepted,2026-10-04T12:06:27.079166+00:00
https://example.org/aimodels/resource/person/A5043446092,https://openalex.org/A5043446092,http://www.w3.org/2002/07/owl#sameAs,exact_openalex_id,https://openalex.org/A5043446092,https://openalex.org/A5043446092,accepted,2026-10-04T12:06:27.079166+00:00
https://example.org/aimodels/resource/person/A5043628255,https://openalex.org/A5043628255,http://www.w3.org/2002/07/owl#sameAs,exact_openalex_id,https://openalex.org/A5043628255,https://openalex.org/A5043628255,accepted,2026-10-04T12:06:27.079166+00:00
https://example.org/aimodels/resource/person/A5043656661,https://openalex.org/A5043656661,http://www.w3.org/2002/07/owl#sameAs,exact_openalex_id,https://openalex.org/A5043656661,https://openalex.org/A5043656661,accepted,2026-10-04T12:06:27.079166+00:00
https://example.org/aimodels/resource/person/A5043696243,https://openalex.org/A5043696243,http://www.w3.org/2002/07/owl#sameAs,exact_openalex_id,https://openalex.org/A5043696243,https://openalex.org/A5043696243,accepted,2026-10-04T12:06:27.079166+00:00
https://example.org/aimodels/resource/person/A5043755032,https://openalex.org/A5043755032,http://www.w3.org/2002/07/owl#sameAs,exact_openalex_id,https://openalex.org/A5043755032,https://openalex.org/A5043755032,accepted,2026-10-04T12:06:27.079166+00:00
https://example.org/aimodels/resource/person/A5043772703,https://openalex.org/A5043772703,http://www.w3.org/2002/07/owl#sameAs,exact_openalex_id,https://openalex.org/A5043772703,https://openalex.org/A5043772703,accepted,2026-10-04T12:06:27.079166+00:00
https://example.org/aimodels/resource/person/A5043840749,https://openalex.org/A5043840749,http://www.w3.org/2002/07/owl#sameAs,exact_openalex_id,https://openalex.org/A5043840749,https://openalex.org/A5043840749,accepted,2026-10-04T12:06:27.079166+00:00
https://example.org/aimodels/resource/person/A5043842349,https://openalex.org/A5043842349,http://www.w3.org/2002/07/owl#sameAs,exact_openalex_id,https://openalex.org/A5043842349,https://openalex.org/A5043842349,accepted,2026-10-04T12:06:27.079166+00:00
https://example.org/aimodels/resource/person/A5043862316,https://openalex.org/A5043862316,http://www.w3.org/2002/07/owl#sameAs,exact_openalex_id,https://openalex.org/A5043862316,https://openalex.org/A5043862316,accepted,2026-10-04T12:06:27.079166+00:00
https://example.org/aimodels/resource/person/A5044086066,https://openalex.org/A5044086066,http://www.w3.org/2002/07/owl#sameAs,exact_openalex_id,https://openalex.org/A5044086066,https://openalex.org/A5044086066,accepted,2026-10-04T12:06:27.079166+00:00
https://example.org/aimodels/resource/person/A5044147794,https://openalex.org/A5044147794,http://www.w3.org/2002/07/owl#sameAs,exact_openalex_id,https://openalex.org/A5044147794,https://openalex.org/A5044147794,accepted,2026-10-04T12:06:27.079166+00:00
https://example.org/aimodels/resource/person/A5044225594,https://openalex.org/A5044225594,http://www.w3.org/2002/07/owl#sameAs,exact_openalex_id,https://openalex.org/A5044225594,https://openalex.org/A5044225594,accepted,2026-10-04T12:06:27.079166+00:00
https://example.org/aimodels/resource/person/A5044330945,https://openalex.org/A5044330945,http://www.w3.org/2002/07/owl#sameAs,exact_openalex_id,https://openalex.org/A5044330945,https://openalex.org/A5044330945,accepted,2026-10-04T12:06:27.079166+00:00
https://example.org/aimodels/resource/person/A5044588650,https://openalex.org/A5044588650,http://www.w3.org/2002/07/owl#sameAs,exact_openalex_id,https://openalex.org/A5044588650,https://openalex.org/A5044588650,accepted,2026-10-04T12:06:27.079166+00:00
https://example.org/aimodels/resource/person/A5044603792,https://openalex.org/A5044603792,http://www.w3.org/2002/07/owl#sameAs,exact_openalex_id,https://openalex.org/A5044603792,https://openalex.org/A5044603792,accepted,2026-10-04T12:06:27.079166+00:00
https://example.org/aimodels/resource/person/A5044651577,https://openalex.org/A5044651577,http://www.w3.org/2002/07/owl#sameAs,exact_openalex_id,https://openalex.org/A5044651577,https://openalex.org/A5044651577,accepted,2026-10-04T12:06:27.079166+00:00
https://example.org/aimodels/resource/person/A5044665993,https://openalex.org/A5044665993,http://www.w3.org/2002/07/owl#sameAs,exact_openalex_id,https://openalex.org/A5044665993,https://openalex.org/A5044665993,accepted,2026-10-04T12:06:27.079166+00:00
https://example.org/aimodels/resource/person/A5044698998,https://openalex.org/A5044698998,http://www.w3.org/2002/07/owl#sameAs,exact_openalex_id,https://openalex.org/A5044698998,https://openalex.org/A5044698998,accepted,2026-10-04T12:06:27.079166+00:00
https://example.org/aimodels/resource/person/A5044705068,https://openalex.org/A5044705068,http://www.w3.org/2002/07/owl#sameAs,exact_openalex_id,https://openalex.org/A5044705068,https://openalex.org/A5044705068,accepted,2026-10-04T12:06:27.079166+00:00
https://example.org/aimodels/resource/person/A5044791875,https://openalex.org/A5044791875,http://www.w3.org/2002/07/owl#sameAs,exact_openalex_id,https://openalex.org/A5044791875,https://openalex.org/A5044791875,accepted,2026-10-04T12:06:27.079166+00:00
https://example.org/aimodels/resource/person/A5044824055,https://openalex.org/A5044824055,http://www.w3.org/2002/07/owl#sameAs,exact_openalex_id,https://openalex.org/A5044824055,https://openalex.org/A5044824055,accepted,2026-10-04T12:06:27.079166+00:00
https://example.org/aimodels/resource/person/A5044900523,https://openalex.org/A5044900523,http://www.w3.org/2002/07/owl#sameAs,exact_openalex_id,https://openalex.org/A5044900523,https://openalex.org/A5044900523,accepted,2026-10-04T12:06:27.079166+00:00
https://example.org/aimodels/resource/person/A5044945258,https://openalex.org/A5044945258,http://www.w3.org/2002/07/owl#sameAs,exact_openalex_id,https://openalex.org/A5044945258,https://openalex.org/A5044945258,accepted,2026-10-04T12:06:27.079166+00:00
https://example.org/aimodels/resource/person/A5045016749,https://openalex.org/A5045016749,http://www.w3.org/2002/07/owl#sameAs,exact_openalex_id,https://openalex.org/A5045016749,https://openalex.org/A5045016749,accepted,2026-10-04T12:06:27.079166+00:00
https://example.org/aimodels/resource/person/A5045044268,https://openalex.org/A5045044268,http://www.w3.org/2002/07/owl#sameAs,exact_openalex_id,https://openalex.org/A5045044268,https://openalex.org/A5045044268,accepted,2026-10-04T12:06:27.079166+00:00
https://example.org/aimodels/resource/person/A5045077843,https://openalex.org/A5045077843,http://www.w3.org/2002/07/owl#sameAs,exact_openalex_id,https://openalex.org/A5045077843,https://openalex.org/A5045077843,accepted,2026-10-04T12:06:27.079166+00:00
https://example.org/aimodels/resource/person/A5045080981,https://openalex.org/A5045080981,http://www.w3.org/2002/07/owl#sameAs,exact_openalex_id,https://openalex.org/A5045080981,https://openalex.org/A5045080981,accepted,2026-10-04T12:06:27.079166+00:00
https://example.org/aimodels/resource/person/A5045150730,https://openalex.org/A5045150730,http://www.w3.org/2002/07/owl#sameAs,exact_openalex_id,https://openalex.org/A5045150730,https://openalex.org/A5045150730,accepted,2026-10-04T12:06:27.079166+00:00
https://example.org/aimodels/resource/person/A5045383831,https://openalex.org/A5045383831,http://www.w3.org/2002/07/owl#sameAs,exact_openalex_id,https://openalex.org/A5045383831,https://openalex.org/A5045383831,accepted,2026-10-04T12:06:27.079166+00:00
https://example.org/aimodels/resource/person/A5045400933,https://openalex.org/A5045400933,http://www.w3.org/2002/07/owl#sameAs,exact_openalex_id,https://openalex.org/A5045400933,https://openalex.org/A5045400933,accepted,2026-10-04T12:06:27.079166+00:00
https://example.org/aimodels/resource/person/A5045427635,https://openalex.org/A5045427635,http://www.w3.org/2002/07/owl#sameAs,exact_openalex_id,https://openalex.org/A5045427635,https://openalex.org/A5045427635,accepted,2026-10-04T12:06:27.079166+00:00
https://example.org/aimodels/resource/person/A5045866597,https://openalex.org/A5045866597,http://www.w3.org/2002/07/owl#sameAs,exact_openalex_id,https://openalex.org/A5045866597,https://openalex.org/A5045866597,accepted,2026-10-04T12:06:27.079166+00:00
https://example.org/aimodels/resource/person/A5046006076,https://openalex.org/A5046006076,http://www.w3.org/2002/07/owl#sameAs,exact_openalex_id,https://openalex.org/A5046006076,https://openalex.org/A5046006076,accepted,2026-10-04T12:06:27.079166+00:00
https://example.org/aimodels/resource/person/A5046024857,https://openalex.org/A5046024857,http://www.w3.org/2002/07/owl#sameAs,exact_openalex_id,https://openalex.org/A5046024857,https://openalex.org/A5046024857,accepted,2026-10-04T12:06:27.079166+00:00
https://example.org/aimodels/resource/person/A5046105992,https://openalex.org/A5046105992,http://www.w3.org/2002/07/owl#sameAs,exact_openalex_id,https://openalex.org/A5046105992,https://openalex.org/A5046105992,accepted,2026-10-04T12:06:27.079166+00:00
https://example.org/aimodels/resource/person/A5046222666,https://openalex.org/A5046222666,http://www.w3.org/2002/07/owl#sameAs,exact_openalex_id,https://openalex.org/A5046222666,https://openalex.org/A5046222666,accepted,2026-10-04T12:06:27.079166+00:00
https://example.org/aimodels/resource/person/A5046235098,https://openalex.org/A5046235098,http://www.w3.org/2002/07/owl#sameAs,exact_openalex_id,https://openalex.org/A5046235098,https://openalex.org/A5046235098,accepted,2026-10-04T12:06:27.079166+00:00
https://example.org/aimodels/resource/person/A5046305893,https://openalex.org/A5046305893,http://www.w3.org/2002/07/owl#sameAs,exact_openalex_id,https://openalex.org/A5046305893,https://openalex.org/A5046305893,accepted,2026-10-04T12:06:27.079166+00:00
https://example.org/aimodels/resource/person/A5046333438,https://openalex.org/A5046333438,http://www.w3.org/2002/07/owl#sameAs,exact_openalex_id,https://openalex.org/A5046333438,https://openalex.org/A5046333438,accepted,2026-10-04T12:06:27.079166+00:00
https://example.org/aimodels/resource/person/A5046333446,https://openalex.org/A5046333446,http://www.w3.org/2002/07/owl#sameAs,exact_openalex_id,https://openalex.org/A5046333446,https://openalex.org/A5046333446,accepted,2026-10-04T12:06:27.079166+00:00
https://example.org/aimodels/resource/person/A5046431394,https://openalex.org/A5046431394,http://www.w3.org/2002/07/owl#sameAs,exact_openalex_id,https://openalex.org/A5046431394,https://openalex.org/A5046431394,accepted,2026-10-04T12:06:27.079166+00:00
https://example.org/aimodels/resource/person/A5046448314,https://openalex.org/A5046448314,http://www.w3.org/2002/07/owl#sameAs,exact_openalex_id,https://openalex.org/A5046448314,https://openalex.org/A5046448314,accepted,2026-10-04T12:06:27.079166+00:00
https://example.org/aimodels/resource/person/A5046457818,https://openalex.org/A5046457818,http://www.w3.org/2002/07/owl#sameAs,exact_openalex_id,https://openalex.org/A5046457818,https://openalex.org/A5046457818,accepted,2026-10-04T12:06:27.079166+00:00
https://example.org/aimodels/resource/person/A5046475081,https://openalex.org/A5046475081,http://www.w3.org/2002/07/owl#sameAs,exact_openalex_id,https://openalex.org/A5046475081,https://openalex.org/A5046475081,accepted,2026-10-04T12:06:27.079166+00:00
https://example.org/aimodels/resource/person/A5046537776,https://openalex.org/A5046537776,http://www.w3.org/2002/07/owl#sameAs,exact_openalex_id,https://openalex.org/A5046537776,https://openalex.org/A5046537776,accepted,2026-10-04T12:06:27.079166+00:00
https://example.org/aimodels/resource/person/A5046548985,https://openalex.org/A5046548985,http://www.w3.org/2002/07/owl#sameAs,exact_openalex_id,https://openalex.org/A5046548985,https://openalex.org/A5046548985,accepted,2026-10-04T12:06:27.079166+00:00
https://example.org/aimodels/resource/person/A5046574356,https://openalex.org/A5046574356,http://www.w3.org/2002/07/owl#sameAs,exact_openalex_id,https://openalex.org/A5046574356,https://openalex.org/A5046574356,accepted,2026-10-04T12:06:27.079166+00:00
https://example.org/aimodels/resource/person/A5046725885,https://openalex.org/A5046725885,http://www.w3.org/2002/07/owl#sameAs,exact_openalex_id,https://openalex.org/A5046725885,https://openalex.org/A5046725885,accepted,2026-10-04T12:06:27.079166+00:00
https://example.org/aimodels/resource/person/A5046742446,https://openalex.org/A5046742446,http://www.w3.org/2002/07/owl#sameAs,exact_openalex_id,https://openalex.org/A5046742446,https://openalex.org/A5046742446,accepted,2026-10-04T12:06:27.079166+00:00
https://example.org/aimodels/resource/person/A5046764593,https://openalex.org/A5046764593,http://www.w3.org/2002/07/owl#sameAs,exact_openalex_id,https://openalex.org/A5046764593,https://openalex.org/A5046764593,accepted,2026-10-04T12:06:27.079166+00:00
https://example.org/aimodels/resource/person/A5046842875,https://openalex.org/A5046842875,http://www.w3.org/2002/07/owl#sameAs,exact_openalex_id,https://openalex.org/A5046842875,https://openalex.org/A5046842875,accepted,2026-10-04T12:06:27.079166+00:00
https://example.org/aimodels/resource/person/A5046938499,https://openalex.org/A5046938499,http://www.w3.org/2002/07/owl#sameAs,exact_openalex_id,https://openalex.org/A5046938499,https://openalex.org/A5046938499,accepted,2026-10-04T12:06:27.079166+00:00
https://example.org/aimodels/resource/person/A5046983053,https://openalex.org/A5046983053,http://www.w3.org/2002/07/owl#sameAs,exact_openalex_id,https://openalex.org/A5046983053,https://openalex.org/A5046983053,accepted,2026-10-04T12:06:27.079166+00:00
https://example.org/aimodels/resource/person/A5047151336,https://openalex.org/A5047151336,http://www.w3.org/2002/07/owl#sameAs,exact_openalex_id,https://openalex.org/A5047151336,https://openalex.org/A5047151336,accepted,2026-10-04T12:06:27.079166+00:00
https://example.org/aimodels/resource/person/A5047194086,https://openalex.org/A5047194086,http://www.w3.org/2002/07/owl#sameAs,exact_openalex_id,https://openalex.org/A5047194086,https://openalex.org/A5047194086,accepted,2026-10-04T12:06:27.079166+00:00
https://example.org/aimodels/resource/person/A5047249173,https://openalex.org/A5047249173,http://www.w3.org/2002/07/owl#sameAs,exact_openalex_id,https://openalex.org/A5047249173,https://openalex.org/A5047249173,accepted,2026-10-04T12:06:27.079166+00:00
https://example.org/aimodels/resource/person/A5047255274,https://openalex.org/A5047255274,http://www.w3.org/2002/07/owl#sameAs,exact_openalex_id,https://openalex.org/A5047255274,https://openalex.org/A5047255274,accepted,2026-10-04T12:06:27.079166+00:00
https://example.org/aimodels/resource/person/A5047265330,https://openalex.org/A5047265330,http://www.w3.org/2002/07/owl#sameAs,exact_openalex_id,https://openalex.org/A5047265330,https://openalex.org/A5047265330,accepted,2026-10-04T12:06:27.079166+00:00
https://example.org/aimodels/resource/person/A5047345391,https://openalex.org/A5047345391,http://www.w3.org/2002/07/owl#sameAs,exact_openalex_id,https://openalex.org/A5047345391,https://openalex.org/A5047345391,accepted,2026-10-04T12:06:27.079166+00:00
https://example.org/aimodels/resource/person/A5047463591,https://openalex.org/A5047463591,http://www.w3.org/2002/07/owl#sameAs,exact_openalex_id,https://openalex.org/A5047463591,https://openalex.org/A5047463591,accepted,2026-10-04T12:06:27.079166+00:00
https://example.org/aimodels/resource/person/A5047506888,https://openalex.org/A5047506888,http://www.w3.org/2002/07/owl#sameAs,exact_openalex_id,https://openalex.org/A5047506888,https://openalex.org/A5047506888,accepted,2026-10-04T12:06:27.079166+00:00
https://example.org/aimodels/resource/person/A5047531321,https://openalex.org/A5047531321,http://www.w3.org/2002/07/owl#sameAs,exact_openalex_id,https://openalex.org/A5047531321,https://openalex.org/A5047531321,accepted,2026-10-04T12:06:27.079166+00:00
https://example.org/aimodels/resource/person/A5047561254,https://openalex.org/A5047561254,http://www.w3.org/2002/07/owl#sameAs,exact_openalex_id,https://openalex.org/A5047561254,https://openalex.org/A5047561254,accepted,2026-10-04T12:06:27.079166+00:00
https://example.org/aimodels/resource/person/A5047714914,https://openalex.org/A5047714914,http://www.w3.org/2002/07/owl#sameAs,exact_openalex_id,https://openalex.org/A5047714914,https://openalex.org/A5047714914,accepted,2026-10-04T12:06:27.079166+00:00
https://example.org/aimodels/resource/person/A5047763717,https://openalex.org/A5047763717,http://www.w3.org/2002/07/owl#sameAs,exact_openalex_id,https://openalex.org/A5047763717,https://openalex.org/A5047763717,accepted,2026-10-04T12:06:27.079166+00:00
https://example.org/aimodels/resource/person/A5047774607,https://openalex.org/A5047774607,http://www.w3.org/2002/07/owl#sameAs,exact_openalex_id,https://openalex.org/A5047774607,https://openalex.org/A5047774607,accepted,2026-10-04T12:06:27.079166+00:00
https://example.org/aimodels/resource/person/A5047915338,https://openalex.org/A5047915338,http://www.w3.org/2002/07/owl#sameAs,exact_openalex_id,https://openalex.org/A5047915338,https://openalex.org/A5047915338,accepted,2026-10-04T12:06:27.079166+00:00
https://example.org/aimodels/resource/person/A5047952246,https://openalex.org/A5047952246,http://www.w3.org/2002/07/owl#sameAs,exact_openalex_id,https://openalex.org/A5047952246,https://openalex.org/A5047952246,accepted,2026-10-04T12:06:27.079166+00:00
https://example.org/aimodels/resource/person/A5047979305,https://openalex.org/A5047979305,http://www.w3.org/2002/07/owl#sameAs,exact_openalex_id,https://openalex.org/A5047979305,https://openalex.org/A5047979305,accepted,2026-10-04T12:06:27.079166+00:00
https://example.org/aimodels/resource/person/A5047997552,https://openalex.org/A5047997552,http://www.w3.org/2002/07/owl#sameAs,exact_openalex_id,https://openalex.org/A5047997552,https://openalex.org/A5047997552,accepted,2026-10-04T12:06:27.079166+00:00
https://example.org/aimodels/resource/person/A5048065823,https://openalex.org/A5048065823,http://www.w3.org/2002/07/owl#sameAs,exact_openalex_id,https://openalex.org/A5048065823,https://openalex.org/A5048065823,accepted,2026-10-04T12:06:27.079166+00:00
https://example.org/aimodels/resource/person/A5048091074,https://openalex.org/A5048091074,http://www.w3.org/2002/07/owl#sameAs,exact_openalex_id,https://openalex.org/A5048091074,https://openalex.org/A5048091074,accepted,2026-10-04T12:06:27.079166+00:00
https://example.org/aimodels/resource/person/A5048121353,https://openalex.org/A5048121353,http://www.w3.org/2002/07/owl#sameAs,exact_openalex_id,https://openalex.org/A5048121353,https://openalex.org/A5048121353,accepted,2026-10-04T12:06:27.079166+00:00
https://example.org/aimodels/resource/person/A5048132414,https://openalex.org/A5048132414,http://www.w3.org/2002/07/owl#sameAs,exact_openalex_id,https://openalex.org/A5048132414,https://openalex.org/A5048132414,accepted,2026-10-04T12:06:27.079166+00:00
https://example.org/aimodels/resource/person/A5048190601,https://openalex.org/A5048190601,http://www.w3.org/2002/07/owl#sameAs,exact_openalex_id,https://openalex.org/A5048190601,https://openalex.org/A5048190601,accepted,2026-10-04T12:06:27.079166+00:00
https://example.org/aimodels/resource/person/A5048200646,https://openalex.org/A5048200646,http://www.w3.org/2002/07/owl#sameAs,exact_openalex_id,https://openalex.org/A5048200646,https://openalex.org/A5048200646,accepted,2026-10-04T12:06:27.079166+00:00
https://example.org/aimodels/resource/person/A5048237545,https://openalex.org/A5048237545,http://www.w3.org/2002/07/owl#sameAs,exact_openalex_id,https://openalex.org/A5048237545,https://openalex.org/A5048237545,accepted,2026-10-04T12:06:27.079166+00:00
https://example.org/aimodels/resource/person/A5048263485,https://openalex.org/A5048263485,http://www.w3.org/2002/07/owl#sameAs,exact_openalex_id,https://openalex.org/A5048263485,https://openalex.org/A5048263485,accepted,2026-10-04T12:06:27.079166+00:00
https://example.org/aimodels/resource/person/A5048272174,https://openalex.org/A5048272174,http://www.w3.org/2002/07/owl#sameAs,exact_openalex_id,https://openalex.org/A5048272174,https://openalex.org/A5048272174,accepted,2026-10-04T12:06:27.079166+00:00
https://example.org/aimodels/resource/person/A5048292406,https://openalex.org/A5048292406,http://www.w3.org/2002/07/owl#sameAs,exact_openalex_id,https://openalex.org/A5048292406,https://openalex.org/A5048292406,accepted,2026-10-04T12:06:27.079166+00:00
https://example.org/aimodels/resource/person/A5048354069,https://openalex.org/A5048354069,http://www.w3.org/2002/07/owl#sameAs,exact_openalex_id,https://openalex.org/A5048354069,https://openalex.org/A5048354069,accepted,2026-10-04T12:06:27.079166+00:00
https://example.org/aimodels/resource/person/A5048356362,https://openalex.org/A5048356362,http://www.w3.org/2002/07/owl#sameAs,exact_openalex_id,https://openalex.org/A5048356362,https://openalex.org/A5048356362,accepted,2026-10-04T12:06:27.079166+00:00
https://example.org/aimodels/resource/person/A5048416373,https://openalex.org/A5048416373,http://www.w3.org/2002/07/owl#sameAs,exact_openalex_id,https://openalex.org/A5048416373,https://openalex.org/A5048416373,accepted,2026-10-04T12:06:27.079166+00:00
https://example.org/aimodels/resource/person/A5048533217,https://openalex.org/A5048533217,http://www.w3.org/2002/07/owl#sameAs,exact_openalex_id,https://openalex.org/A5048533217,https://openalex.org/A5048533217,accepted,2026-10-04T12:06:27.079166+00:00
https://example.org/aimodels/resource/person/A5048566877,https://openalex.org/A5048566877,http://www.w3.org/2002/07/owl#sameAs,exact_openalex_id,https://openalex.org/A5048566877,https://openalex.org/A5048566877,accepted,2026-10-04T12:06:27.079166+00:00
https://example.org/aimodels/resource/person/A5048580400,https://openalex.org/A5048580400,http://www.w3.org/2002/07/owl#sameAs,exact_openalex_id,https://openalex.org/A5048580400,https://openalex.org/A5048580400,accepted,2026-10-04T12:06:27.079166+00:00
https://example.org/aimodels/resource/person/A5048651878,https://openalex.org/A5048651878,http://www.w3.org/2002/07/owl#sameAs,exact_openalex_id,https://openalex.org/A5048651878,https://openalex.org/A5048651878,accepted,2026-10-04T12:06:27.079166+00:00
https://example.org/aimodels/resource/person/A5048771433,https://openalex.org/A5048771433,http://www.w3.org/2002/07/owl#sameAs,exact_openalex_id,https://openalex.org/A5048771433,https://openalex.org/A5048771433,accepted,2026-10-04T12:06:27.079166+00:00
https://example.org/aimodels/resource/person/A5048796501,https://openalex.org/A5048796501,http://www.w3.org/2002/07/owl#sameAs,exact_openalex_id,https://openalex.org/A5048796501,https://openalex.org/A5048796501,accepted,2026-10-04T12:06:27.079166+00:00
https://example.org/aimodels/resource/person/A5048832336,https://openalex.org/A5048832336,http://www.w3.org/2002/07/owl#sameAs,exact_openalex_id,https://openalex.org/A5048832336,https://openalex.org/A5048832336,accepted,2026-10-04T12:06:27.079166+00:00
https://example.org/aimodels/resource/person/A5048865769,https://openalex.org/A5048865769,http://www.w3.org/2002/07/owl#sameAs,exact_openalex_id,https://openalex.org/A5048865769,https://openalex.org/A5048865769,accepted,2026-10-04T12:06:27.079166+00:00
https://example.org/aimodels/resource/person/A5048928280,https://openalex.org/A5048928280,http://www.w3.org/2002/07/owl#sameAs,exact_openalex_id,https://openalex.org/A5048928280,https://openalex.org/A5048928280,accepted,2026-10-04T12:06:27.079166+00:00
https://example.org/aimodels/resource/person/A5048981295,https://openalex.org/A5048981295,http://www.w3.org/2002/07/owl#sameAs,exact_openalex_id,https://openalex.org/A5048981295,https://openalex.org/A5048981295,accepted,2026-10-04T12:06:27.079166+00:00
https://example.org/aimodels/resource/person/A5049015446,https://openalex.org/A5049015446,http://www.w3.org/2002/07/owl#sameAs,exact_openalex_id,https://openalex.org/A5049015446,https://openalex.org/A5049015446,accepted,2026-10-04T12:06:27.079166+00:00
https://example.org/aimodels/resource/person/A5049073875,https://openalex.org/A5049073875,http://www.w3.org/2002/07/owl#sameAs,exact_openalex_id,https://openalex.org/A5049073875,https://openalex.org/A5049073875,accepted,2026-10-04T12:06:27.079166+00:00
https://example.org/aimodels/resource/person/A5049088062,https://openalex.org/A5049088062,http://www.w3.org/2002/07/owl#sameAs,exact_openalex_id,https://openalex.org/A5049088062,https://openalex.org/A5049088062,accepted,2026-10-04T12:06:27.079166+00:00
https://example.org/aimodels/resource/person/A5049203448,https://openalex.org/A5049203448,http://www.w3.org/2002/07/owl#sameAs,exact_openalex_id,https://openalex.org/A5049203448,https://openalex.org/A5049203448,accepted,2026-10-04T12:06:27.079166+00:00
https://example.org/aimodels/resource/person/A5049332971,https://openalex.org/A5049332971,http://www.w3.org/2002/07/owl#sameAs,exact_openalex_id,https://openalex.org/A5049332971,https://openalex.org/A5049332971,accepted,2026-10-04T12:06:27.079166+00:00
https://example.org/aimodels/resource/person/A5049427071,https://openalex.org/A5049427071,http://www.w3.org/2002/07/owl#sameAs,exact_openalex_id,https://openalex.org/A5049427071,https://openalex.org/A5049427071,accepted,2026-10-04T12:06:27.079166+00:00
https://example.org/aimodels/resource/person/A5049483928,https://openalex.org/A5049483928,http://www.w3.org/2002/07/owl#sameAs,exact_openalex_id,https://openalex.org/A5049483928,https://openalex.org/A5049483928,accepted,2026-10-04T12:06:27.079166+00:00
https://example.org/aimodels/resource/person/A5049634735,https://openalex.org/A5049634735,http://www.w3.org/2002/07/owl#sameAs,exact_openalex_id,https://openalex.org/A5049634735,https://openalex.org/A5049634735,accepted,2026-10-04T12:06:27.079166+00:00
https://example.org/aimodels/resource/person/A5049786610,https://openalex.org/A5049786610,http://www.w3.org/2002/07/owl#sameAs,exact_openalex_id,https://openalex.org/A5049786610,https://openalex.org/A5049786610,accepted,2026-10-04T12:06:27.079166+00:00
https://example.org/aimodels/resource/person/A5049805631,https://openalex.org/A5049805631,http://www.w3.org/2002/07/owl#sameAs,exact_openalex_id,https://openalex.org/A5049805631,https://openalex.org/A5049805631,accepted,2026-10-04T12:06:27.079166+00:00
https://example.org/aimodels/resource/person/A5049971483,https://openalex.org/A5049971483,http://www.w3.org/2002/07/owl#sameAs,exact_openalex_id,https://openalex.org/A5049971483,https://openalex.org/A5049971483,accepted,2026-10-04T12:06:27.079166+00:00
https://example.org/aimodels/resource/person/A5050024610,https://openalex.org/A5050024610,http://www.w3.org/2002/07/owl#sameAs,exact_openalex_id,https://openalex.org/A5050024610,https://openalex.org/A5050024610,accepted,2026-10-04T12:06:27.079166+00:00
https://example.org/aimodels/resource/person/A5050063899,https://openalex.org/A5050063899,http://www.w3.org/2002/07/owl#sameAs,exact_openalex_id,https://openalex.org/A5050063899,https://openalex.org/A5050063899,accepted,2026-10-04T12:06:27.079166+00:00
https://example.org/aimodels/resource/person/A5050207942,https://openalex.org/A5050207942,http://www.w3.org/2002/07/owl#sameAs,exact_openalex_id,https://openalex.org/A5050207942,https://openalex.org/A5050207942,accepted,2026-10-04T12:06:27.079166+00:00
https://example.org/aimodels/resource/person/A5050218314,https://openalex.org/A5050218314,http://www.w3.org/2002/07/owl#sameAs,exact_openalex_id,https://openalex.org/A5050218314,https://openalex.org/A5050218314,accepted,2026-10-04T12:06:27.079166+00:00
https://example.org/aimodels/resource/person/A5050255638,https://openalex.org/A5050255638,http://www.w3.org/2002/07/owl#sameAs,exact_openalex_id,https://openalex.org/A5050255638,https://openalex.org/A5050255638,accepted,2026-10-04T12:06:27.079166+00:00
https://example.org/aimodels/resource/person/A5050266007,https://openalex.org/A5050266007,http://www.w3.org/2002/07/owl#sameAs,exact_openalex_id,https://openalex.org/A5050266007,https://openalex.org/A5050266007,accepted,2026-10-04T12:06:27.079166+00:00
https://example.org/aimodels/resource/person/A5050296324,https://openalex.org/A5050296324,http://www.w3.org/2002/07/owl#sameAs,exact_openalex_id,https://openalex.org/A5050296324,https://openalex.org/A5050296324,accepted,2026-10-04T12:06:27.079166+00:00
https://example.org/aimodels/resource/person/A5050766679,https://openalex.org/A5050766679,http://www.w3.org/2002/07/owl#sameAs,exact_openalex_id,https://openalex.org/A5050766679,https://openalex.org/A5050766679,accepted,2026-10-04T12:06:27.079166+00:00
https://example.org/aimodels/resource/person/A5050798856,https://openalex.org/A5050798856,http://www.w3.org/2002/07/owl#sameAs,exact_openalex_id,https://openalex.org/A5050798856,https://openalex.org/A5050798856,accepted,2026-10-04T12:06:27.079166+00:00
https://example.org/aimodels/resource/person/A5050804466,https://openalex.org/A5050804466,http://www.w3.org/2002/07/owl#sameAs,exact_openalex_id,https://openalex.org/A5050804466,https://openalex.org/A5050804466,accepted,2026-10-04T12:06:27.079166+00:00
https://example.org/aimodels/resource/person/A5050925115,https://openalex.org/A5050925115,http://www.w3.org/2002/07/owl#sameAs,exact_openalex_id,https://openalex.org/A5050925115,https://openalex.org/A5050925115,accepted,2026-10-04T12:06:27.079166+00:00
https://example.org/aimodels/resource/person/A5050985956,https://openalex.org/A5050985956,http://www.w3.org/2002/07/owl#sameAs,exact_openalex_id,https://openalex.org/A5050985956,https://openalex.org/A5050985956,accepted,2026-10-04T12:06:27.079166+00:00
https://example.org/aimodels/resource/person/A5050998809,https://openalex.org/A5050998809,http://www.w3.org/2002/07/owl#sameAs,exact_openalex_id,https://openalex.org/A5050998809,https://openalex.org/A5050998809,accepted,2026-10-04T12:06:27.079166+00:00
https://example.org/aimodels/resource/person/A5051064208,https://openalex.org/A5051064208,http://www.w3.org/2002/07/owl#sameAs,exact_openalex_id,https://openalex.org/A5051064208,https://openalex.org/A5051064208,accepted,2026-10-04T12:06:27.079166+00:00
https://example.org/aimodels/resource/person/A5051203366,https://openalex.org/A5051203366,http://www.w3.org/2002/07/owl#sameAs,exact_openalex_id,https://openalex.org/A5051203366,https://openalex.org/A5051203366,accepted,2026-10-04T12:06:27.079166+00:00
https://example.org/aimodels/resource/person/A5051250767,https://openalex.org/A5051250767,http://www.w3.org/2002/07/owl#sameAs,exact_openalex_id,https://openalex.org/A5051250767,https://openalex.org/A5051250767,accepted,2026-10-04T12:06:27.079166+00:00
https://example.org/aimodels/resource/person/A5051252812,https://openalex.org/A5051252812,http://www.w3.org/2002/07/owl#sameAs,exact_openalex_id,https://openalex.org/A5051252812,https://openalex.org/A5051252812,accepted,2026-10-04T12:06:27.079166+00:00
https://example.org/aimodels/resource/person/A5051264071,https://openalex.org/A5051264071,http://www.w3.org/2002/07/owl#sameAs,exact_openalex_id,https://openalex.org/A5051264071,https://openalex.org/A5051264071,accepted,2026-10-04T12:06:27.079166+00:00
https://example.org/aimodels/resource/person/A5051401881,https://openalex.org/A5051401881,http://www.w3.org/2002/07/owl#sameAs,exact_openalex_id,https://openalex.org/A5051401881,https://openalex.org/A5051401881,accepted,2026-10-04T12:06:27.079166+00:00
https://example.org/aimodels/resource/person/A5051577117,https://openalex.org/A5051577117,http://www.w3.org/2002/07/owl#sameAs,exact_openalex_id,https://openalex.org/A5051577117,https://openalex.org/A5051577117,accepted,2026-10-04T12:06:27.079166+00:00
https://example.org/aimodels/resource/person/A5051582703,https://openalex.org/A5051582703,http://www.w3.org/2002/07/owl#sameAs,exact_openalex_id,https://openalex.org/A5051582703,https://openalex.org/A5051582703,accepted,2026-10-04T12:06:27.079166+00:00
https://example.org/aimodels/resource/person/A5051690066,https://openalex.org/A5051690066,http://www.w3.org/2002/07/owl#sameAs,exact_openalex_id,https://openalex.org/A5051690066,https://openalex.org/A5051690066,accepted,2026-10-04T12:06:27.079166+00:00
https://example.org/aimodels/resource/person/A5051745436,https://openalex.org/A5051745436,http://www.w3.org/2002/07/owl#sameAs,exact_openalex_id,https://openalex.org/A5051745436,https://openalex.org/A5051745436,accepted,2026-10-04T12:06:27.079166+00:00
https://example.org/aimodels/resource/person/A5051797244,https://openalex.org/A5051797244,http://www.w3.org/2002/07/owl#sameAs,exact_openalex_id,https://openalex.org/A5051797244,https://openalex.org/A5051797244,accepted,2026-10-04T12:06:27.079166+00:00
https://example.org/aimodels/resource/person/A5051808640,https://openalex.org/A5051808640,http://www.w3.org/2002/07/owl#sameAs,exact_openalex_id,https://openalex.org/A5051808640,https://openalex.org/A5051808640,accepted,2026-10-04T12:06:27.079166+00:00
https://example.org/aimodels/resource/person/A5051828575,https://openalex.org/A5051828575,http://www.w3.org/2002/07/owl#sameAs,exact_openalex_id,https://openalex.org/A5051828575,https://openalex.org/A5051828575,accepted,2026-10-04T12:06:27.079166+00:00
https://example.org/aimodels/resource/person/A5051905272,https://openalex.org/A5051905272,http://www.w3.org/2002/07/owl#sameAs,exact_openalex_id,https://openalex.org/A5051905272,https://openalex.org/A5051905272,accepted,2026-10-04T12:06:27.079166+00:00
https://example.org/aimodels/resource/person/A5051925942,https://openalex.org/A5051925942,http://www.w3.org/2002/07/owl#sameAs,exact_openalex_id,https://openalex.org/A5051925942,https://openalex.org/A5051925942,accepted,2026-10-04T12:06:27.079166+00:00
https://example.org/aimodels/resource/person/A5052014295,https://openalex.org/A5052014295,http://www.w3.org/2002/07/owl#sameAs,exact_openalex_id,https://openalex.org/A5052014295,https://openalex.org/A5052014295,accepted,2026-10-04T12:06:27.079166+00:00
https://example.org/aimodels/resource/person/A5052091382,https://openalex.org/A5052091382,http://www.w3.org/2002/07/owl#sameAs,exact_openalex_id,https://openalex.org/A5052091382,https://openalex.org/A5052091382,accepted,2026-10-04T12:06:27.079166+00:00
https://example.org/aimodels/resource/person/A5052125077,https://openalex.org/A5052125077,http://www.w3.org/2002/07/owl#sameAs,exact_openalex_id,https://openalex.org/A5052125077,https://openalex.org/A5052125077,accepted,2026-10-04T12:06:27.079166+00:00
https://example.org/aimodels/resource/person/A5052171928,https://openalex.org/A5052171928,http://www.w3.org/2002/07/owl#sameAs,exact_openalex_id,https://openalex.org/A5052171928,https://openalex.org/A5052171928,accepted,2026-10-04T12:06:27.079166+00:00
https://example.org/aimodels/resource/person/A5052178834,https://openalex.org/A5052178834,http://www.w3.org/2002/07/owl#sameAs,exact_openalex_id,https://openalex.org/A5052178834,https://openalex.org/A5052178834,accepted,2026-10-04T12:06:27.079166+00:00
https://example.org/aimodels/resource/person/A5052196188,https://openalex.org/A5052196188,http://www.w3.org/2002/07/owl#sameAs,exact_openalex_id,https://openalex.org/A5052196188,https://openalex.org/A5052196188,accepted,2026-10-04T12:06:27.079166+00:00
https://example.org/aimodels/resource/person/A5052196540,https://openalex.org/A5052196540,http://www.w3.org/2002/07/owl#sameAs,exact_openalex_id,https://openalex.org/A5052196540,https://openalex.org/A5052196540,accepted,2026-10-04T12:06:27.079166+00:00
https://example.org/aimodels/resource/person/A5052257833,https://openalex.org/A5052257833,http://www.w3.org/2002/07/owl#sameAs,exact_openalex_id,https://openalex.org/A5052257833,https://openalex.org/A5052257833,accepted,2026-10-04T12:06:27.079166+00:00
https://example.org/aimodels/resource/person/A5052258450,https://openalex.org/A5052258450,http://www.w3.org/2002/07/owl#sameAs,exact_openalex_id,https://openalex.org/A5052258450,https://openalex.org/A5052258450,accepted,2026-10-04T12:06:27.079166+00:00
https://example.org/aimodels/resource/person/A5052291325,https://openalex.org/A5052291325,http://www.w3.org/2002/07/owl#sameAs,exact_openalex_id,https://openalex.org/A5052291325,https://openalex.org/A5052291325,accepted,2026-10-04T12:06:27.079166+00:00
https://example.org/aimodels/resource/person/A5052347581,https://openalex.org/A5052347581,http://www.w3.org/2002/07/owl#sameAs,exact_openalex_id,https://openalex.org/A5052347581,https://openalex.org/A5052347581,accepted,2026-10-04T12:06:27.079166+00:00
https://example.org/aimodels/resource/person/A5052390500,https://openalex.org/A5052390500,http://www.w3.org/2002/07/owl#sameAs,exact_openalex_id,https://openalex.org/A5052390500,https://openalex.org/A5052390500,accepted,2026-10-04T12:06:27.079166+00:00
https://example.org/aimodels/resource/person/A5052408504,https://openalex.org/A5052408504,http://www.w3.org/2002/07/owl#sameAs,exact_openalex_id,https://openalex.org/A5052408504,https://openalex.org/A5052408504,accepted,2026-10-04T12:06:27.079166+00:00
https://example.org/aimodels/resource/person/A5052435039,https://openalex.org/A5052435039,http://www.w3.org/2002/07/owl#sameAs,exact_openalex_id,https://openalex.org/A5052435039,https://openalex.org/A5052435039,accepted,2026-10-04T12:06:27.079166+00:00
https://example.org/aimodels/resource/person/A5052454696,https://openalex.org/A5052454696,http://www.w3.org/2002/07/owl#sameAs,exact_openalex_id,https://openalex.org/A5052454696,https://openalex.org/A5052454696,accepted,2026-10-04T12:06:27.079166+00:00
https://example.org/aimodels/resource/person/A5052639977,https://openalex.org/A5052639977,http://www.w3.org/2002/07/owl#sameAs,exact_openalex_id,https://openalex.org/A5052639977,https://openalex.org/A5052639977,accepted,2026-10-04T12:06:27.079166+00:00
https://example.org/aimodels/resource/person/A5052645158,https://openalex.org/A5052645158,http://www.w3.org/2002/07/owl#sameAs,exact_openalex_id,https://openalex.org/A5052645158,https://openalex.org/A5052645158,accepted,2026-10-04T12:06:27.079166+00:00
https://example.org/aimodels/resource/person/A5052696737,https://openalex.org/A5052696737,http://www.w3.org/2002/07/owl#sameAs,exact_openalex_id,https://openalex.org/A5052696737,https://openalex.org/A5052696737,accepted,2026-10-04T12:06:27.079166+00:00
https://example.org/aimodels/resource/person/A5052878017,https://openalex.org/A5052878017,http://www.w3.org/2002/07/owl#sameAs,exact_openalex_id,https://openalex.org/A5052878017,https://openalex.org/A5052878017,accepted,2026-10-04T12:06:27.079166+00:00
https://example.org/aimodels/resource/person/A5052985764,https://openalex.org/A5052985764,http://www.w3.org/2002/07/owl#sameAs,exact_openalex_id,https://openalex.org/A5052985764,https://openalex.org/A5052985764,accepted,2026-10-04T12:06:27.079166+00:00
https://example.org/aimodels/resource/person/A5053096615,https://openalex.org/A5053096615,http://www.w3.org/2002/07/owl#sameAs,exact_openalex_id,https://openalex.org/A5053096615,https://openalex.org/A5053096615,accepted,2026-10-04T12:06:27.079166+00:00
https://example.org/aimodels/resource/person/A5053213601,https://openalex.org/A5053213601,http://www.w3.org/2002/07/owl#sameAs,exact_openalex_id,https://openalex.org/A5053213601,https://openalex.org/A5053213601,accepted,2026-10-04T12:06:27.079166+00:00
https://example.org/aimodels/resource/person/A5053230169,https://openalex.org/A5053230169,http://www.w3.org/2002/07/owl#sameAs,exact_openalex_id,https://openalex.org/A5053230169,https://openalex.org/A5053230169,accepted,2026-10-04T12:06:27.079166+00:00
https://example.org/aimodels/resource/person/A5053301405,https://openalex.org/A5053301405,http://www.w3.org/2002/07/owl#sameAs,exact_openalex_id,https://openalex.org/A5053301405,https://openalex.org/A5053301405,accepted,2026-10-04T12:06:27.079166+00:00
https://example.org/aimodels/resource/person/A5053574266,https://openalex.org/A5053574266,http://www.w3.org/2002/07/owl#sameAs,exact_openalex_id,https://openalex.org/A5053574266,https://openalex.org/A5053574266,accepted,2026-10-04T12:06:27.079166+00:00
https://example.org/aimodels/resource/person/A5053810667,https://openalex.org/A5053810667,http://www.w3.org/2002/07/owl#sameAs,exact_openalex_id,https://openalex.org/A5053810667,https://openalex.org/A5053810667,accepted,2026-10-04T12:06:27.079166+00:00
https://example.org/aimodels/resource/person/A5053915453,https://openalex.org/A5053915453,http://www.w3.org/2002/07/owl#sameAs,exact_openalex_id,https://openalex.org/A5053915453,https://openalex.org/A5053915453,accepted,2026-10-04T12:06:27.079166+00:00
https://example.org/aimodels/resource/person/A5054198262,https://openalex.org/A5054198262,http://www.w3.org/2002/07/owl#sameAs,exact_openalex_id,https://openalex.org/A5054198262,https://openalex.org/A5054198262,accepted,2026-10-04T12:06:27.079166+00:00
https://example.org/aimodels/resource/person/A5054253075,https://openalex.org/A5054253075,http://www.w3.org/2002/07/owl#sameAs,exact_openalex_id,https://openalex.org/A5054253075,https://openalex.org/A5054253075,accepted,2026-10-04T12:06:27.079166+00:00
https://example.org/aimodels/resource/person/A5054285881,https://openalex.org/A5054285881,http://www.w3.org/2002/07/owl#sameAs,exact_openalex_id,https://openalex.org/A5054285881,https://openalex.org/A5054285881,accepted,2026-10-04T12:06:27.079166+00:00
https://example.org/aimodels/resource/person/A5054302182,https://openalex.org/A5054302182,http://www.w3.org/2002/07/owl#sameAs,exact_openalex_id,https://openalex.org/A5054302182,https://openalex.org/A5054302182,accepted,2026-10-04T12:06:27.079166+00:00
https://example.org/aimodels/resource/person/A5054346112,https://openalex.org/A5054346112,http://www.w3.org/2002/07/owl#sameAs,exact_openalex_id,https://openalex.org/A5054346112,https://openalex.org/A5054346112,accepted,2026-10-04T12:06:27.079166+00:00
https://example.org/aimodels/resource/person/A5054371148,https://openalex.org/A5054371148,http://www.w3.org/2002/07/owl#sameAs,exact_openalex_id,https://openalex.org/A5054371148,https://openalex.org/A5054371148,accepted,2026-10-04T12:06:27.079166+00:00
https://example.org/aimodels/resource/person/A5054381323,https://openalex.org/A5054381323,http://www.w3.org/2002/07/owl#sameAs,exact_openalex_id,https://openalex.org/A5054381323,https://openalex.org/A5054381323,accepted,2026-10-04T12:06:27.079166+00:00
https://example.org/aimodels/resource/person/A5054618681,https://openalex.org/A5054618681,http://www.w3.org/2002/07/owl#sameAs,exact_openalex_id,https://openalex.org/A5054618681,https://openalex.org/A5054618681,accepted,2026-10-04T12:06:27.079166+00:00
https://example.org/aimodels/resource/person/A5054665212,https://openalex.org/A5054665212,http://www.w3.org/2002/07/owl#sameAs,exact_openalex_id,https://openalex.org/A5054665212,https://openalex.org/A5054665212,accepted,2026-10-04T12:06:27.079166+00:00
https://example.org/aimodels/resource/person/A5054692443,https://openalex.org/A5054692443,http://www.w3.org/2002/07/owl#sameAs,exact_openalex_id,https://openalex.org/A5054692443,https://openalex.org/A5054692443,accepted,2026-10-04T12:06:27.079166+00:00
https://example.org/aimodels/resource/person/A5054737143,https://openalex.org/A5054737143,http://www.w3.org/2002/07/owl#sameAs,exact_openalex_id,https://openalex.org/A5054737143,https://openalex.org/A5054737143,accepted,2026-10-04T12:06:27.079166+00:00
https://example.org/aimodels/resource/person/A5054880622,https://openalex.org/A5054880622,http://www.w3.org/2002/07/owl#sameAs,exact_openalex_id,https://openalex.org/A5054880622,https://openalex.org/A5054880622,accepted,2026-10-04T12:06:27.079166+00:00
https://example.org/aimodels/resource/person/A5054887773,https://openalex.org/A5054887773,http://www.w3.org/2002/07/owl#sameAs,exact_openalex_id,https://openalex.org/A5054887773,https://openalex.org/A5054887773,accepted,2026-10-04T12:06:27.079166+00:00
https://example.org/aimodels/resource/person/A5054896491,https://openalex.org/A5054896491,http://www.w3.org/2002/07/owl#sameAs,exact_openalex_id,https://openalex.org/A5054896491,https://openalex.org/A5054896491,accepted,2026-10-04T12:06:27.079166+00:00
https://example.org/aimodels/resource/person/A5054948010,https://openalex.org/A5054948010,http://www.w3.org/2002/07/owl#sameAs,exact_openalex_id,https://openalex.org/A5054948010,https://openalex.org/A5054948010,accepted,2026-10-04T12:06:27.079166+00:00
https://example.org/aimodels/resource/person/A5054987426,https://openalex.org/A5054987426,http://www.w3.org/2002/07/owl#sameAs,exact_openalex_id,https://openalex.org/A5054987426,https://openalex.org/A5054987426,accepted,2026-10-04T12:06:27.079166+00:00
https://example.org/aimodels/resource/person/A5054993128,https://openalex.org/A5054993128,http://www.w3.org/2002/07/owl#sameAs,exact_openalex_id,https://openalex.org/A5054993128,https://openalex.org/A5054993128,accepted,2026-10-04T12:06:27.079166+00:00
https://example.org/aimodels/resource/person/A5055399590,https://openalex.org/A5055399590,http://www.w3.org/2002/07/owl#sameAs,exact_openalex_id,https://openalex.org/A5055399590,https://openalex.org/A5055399590,accepted,2026-10-04T12:06:27.079166+00:00
https://example.org/aimodels/resource/person/A5055442462,https://openalex.org/A5055442462,http://www.w3.org/2002/07/owl#sameAs,exact_openalex_id,https://openalex.org/A5055442462,https://openalex.org/A5055442462,accepted,2026-10-04T12:06:27.079166+00:00
https://example.org/aimodels/resource/person/A5055592482,https://openalex.org/A5055592482,http://www.w3.org/2002/07/owl#sameAs,exact_openalex_id,https://openalex.org/A5055592482,https://openalex.org/A5055592482,accepted,2026-10-04T12:06:27.079166+00:00
https://example.org/aimodels/resource/person/A5055658645,https://openalex.org/A5055658645,http://www.w3.org/2002/07/owl#sameAs,exact_openalex_id,https://openalex.org/A5055658645,https://openalex.org/A5055658645,accepted,2026-10-04T12:06:27.079166+00:00
https://example.org/aimodels/resource/person/A5055666823,https://openalex.org/A5055666823,http://www.w3.org/2002/07/owl#sameAs,exact_openalex_id,https://openalex.org/A5055666823,https://openalex.org/A5055666823,accepted,2026-10-04T12:06:27.079166+00:00
https://example.org/aimodels/resource/person/A5055795711,https://openalex.org/A5055795711,http://www.w3.org/2002/07/owl#sameAs,exact_openalex_id,https://openalex.org/A5055795711,https://openalex.org/A5055795711,accepted,2026-10-04T12:06:27.079166+00:00
https://example.org/aimodels/resource/person/A5055933325,https://openalex.org/A5055933325,http://www.w3.org/2002/07/owl#sameAs,exact_openalex_id,https://openalex.org/A5055933325,https://openalex.org/A5055933325,accepted,2026-10-04T12:06:27.079166+00:00
https://example.org/aimodels/resource/person/A5055940122,https://openalex.org/A5055940122,http://www.w3.org/2002/07/owl#sameAs,exact_openalex_id,https://openalex.org/A5055940122,https://openalex.org/A5055940122,accepted,2026-10-04T12:06:27.079166+00:00
https://example.org/aimodels/resource/person/A5055969617,https://openalex.org/A5055969617,http://www.w3.org/2002/07/owl#sameAs,exact_openalex_id,https://openalex.org/A5055969617,https://openalex.org/A5055969617,accepted,2026-10-04T12:06:27.079166+00:00
https://example.org/aimodels/resource/person/A5055978130,https://openalex.org/A5055978130,http://www.w3.org/2002/07/owl#sameAs,exact_openalex_id,https://openalex.org/A5055978130,https://openalex.org/A5055978130,accepted,2026-10-04T12:06:27.079166+00:00
https://example.org/aimodels/resource/person/A5055989750,https://openalex.org/A5055989750,http://www.w3.org/2002/07/owl#sameAs,exact_openalex_id,https://openalex.org/A5055989750,https://openalex.org/A5055989750,accepted,2026-10-04T12:06:27.079166+00:00
https://example.org/aimodels/resource/person/A5056036228,https://openalex.org/A5056036228,http://www.w3.org/2002/07/owl#sameAs,exact_openalex_id,https://openalex.org/A5056036228,https://openalex.org/A5056036228,accepted,2026-10-04T12:06:27.079166+00:00
https://example.org/aimodels/resource/person/A5056105462,https://openalex.org/A5056105462,http://www.w3.org/2002/07/owl#sameAs,exact_openalex_id,https://openalex.org/A5056105462,https://openalex.org/A5056105462,accepted,2026-10-04T12:06:27.079166+00:00
https://example.org/aimodels/resource/person/A5056219662,https://openalex.org/A5056219662,http://www.w3.org/2002/07/owl#sameAs,exact_openalex_id,https://openalex.org/A5056219662,https://openalex.org/A5056219662,accepted,2026-10-04T12:06:27.079166+00:00
https://example.org/aimodels/resource/person/A5056287596,https://openalex.org/A5056287596,http://www.w3.org/2002/07/owl#sameAs,exact_openalex_id,https://openalex.org/A5056287596,https://openalex.org/A5056287596,accepted,2026-10-04T12:06:27.079166+00:00
https://example.org/aimodels/resource/person/A5056371786,https://openalex.org/A5056371786,http://www.w3.org/2002/07/owl#sameAs,exact_openalex_id,https://openalex.org/A5056371786,https://openalex.org/A5056371786,accepted,2026-10-04T12:06:27.079166+00:00
https://example.org/aimodels/resource/person/A5056375705,https://openalex.org/A5056375705,http://www.w3.org/2002/07/owl#sameAs,exact_openalex_id,https://openalex.org/A5056375705,https://openalex.org/A5056375705,accepted,2026-10-04T12:06:27.079166+00:00
https://example.org/aimodels/resource/person/A5056549312,https://openalex.org/A5056549312,http://www.w3.org/2002/07/owl#sameAs,exact_openalex_id,https://openalex.org/A5056549312,https://openalex.org/A5056549312,accepted,2026-10-04T12:06:27.079166+00:00
https://example.org/aimodels/resource/person/A5056575786,https://openalex.org/A5056575786,http://www.w3.org/2002/07/owl#sameAs,exact_openalex_id,https://openalex.org/A5056575786,https://openalex.org/A5056575786,accepted,2026-10-04T12:06:27.079166+00:00
https://example.org/aimodels/resource/person/A5056646847,https://openalex.org/A5056646847,http://www.w3.org/2002/07/owl#sameAs,exact_openalex_id,https://openalex.org/A5056646847,https://openalex.org/A5056646847,accepted,2026-10-04T12:06:27.079166+00:00
https://example.org/aimodels/resource/person/A5056701630,https://openalex.org/A5056701630,http://www.w3.org/2002/07/owl#sameAs,exact_openalex_id,https://openalex.org/A5056701630,https://openalex.org/A5056701630,accepted,2026-10-04T12:06:27.079166+00:00
https://example.org/aimodels/resource/person/A5056790702,https://openalex.org/A5056790702,http://www.w3.org/2002/07/owl#sameAs,exact_openalex_id,https://openalex.org/A5056790702,https://openalex.org/A5056790702,accepted,2026-10-04T12:06:27.079166+00:00
https://example.org/aimodels/resource/person/A5056875847,https://openalex.org/A5056875847,http://www.w3.org/2002/07/owl#sameAs,exact_openalex_id,https://openalex.org/A5056875847,https://openalex.org/A5056875847,accepted,2026-10-04T12:06:27.079166+00:00
https://example.org/aimodels/resource/person/A5056974774,https://openalex.org/A5056974774,http://www.w3.org/2002/07/owl#sameAs,exact_openalex_id,https://openalex.org/A5056974774,https://openalex.org/A5056974774,accepted,2026-10-04T12:06:27.079166+00:00
https://example.org/aimodels/resource/person/A5057010395,https://openalex.org/A5057010395,http://www.w3.org/2002/07/owl#sameAs,exact_openalex_id,https://openalex.org/A5057010395,https://openalex.org/A5057010395,accepted,2026-10-04T12:06:27.079166+00:00
https://example.org/aimodels/resource/person/A5057030499,https://openalex.org/A5057030499,http://www.w3.org/2002/07/owl#sameAs,exact_openalex_id,https://openalex.org/A5057030499,https://openalex.org/A5057030499,accepted,2026-10-04T12:06:27.079166+00:00
https://example.org/aimodels/resource/person/A5057062066,https://openalex.org/A5057062066,http://www.w3.org/2002/07/owl#sameAs,exact_openalex_id,https://openalex.org/A5057062066,https://openalex.org/A5057062066,accepted,2026-10-04T12:06:27.079166+00:00
https://example.org/aimodels/resource/person/A5057065873,https://openalex.org/A5057065873,http://www.w3.org/2002/07/owl#sameAs,exact_openalex_id,https://openalex.org/A5057065873,https://openalex.org/A5057065873,accepted,2026-10-04T12:06:27.079166+00:00
https://example.org/aimodels/resource/person/A5057127344,https://openalex.org/A5057127344,http://www.w3.org/2002/07/owl#sameAs,exact_openalex_id,https://openalex.org/A5057127344,https://openalex.org/A5057127344,accepted,2026-10-04T12:06:27.079166+00:00
https://example.org/aimodels/resource/person/A5057172764,https://openalex.org/A5057172764,http://www.w3.org/2002/07/owl#sameAs,exact_openalex_id,https://openalex.org/A5057172764,https://openalex.org/A5057172764,accepted,2026-10-04T12:06:27.079166+00:00
https://example.org/aimodels/resource/person/A5057174231,https://openalex.org/A5057174231,http://www.w3.org/2002/07/owl#sameAs,exact_openalex_id,https://openalex.org/A5057174231,https://openalex.org/A5057174231,accepted,2026-10-04T12:06:27.079166+00:00
https://example.org/aimodels/resource/person/A5057195145,https://openalex.org/A5057195145,http://www.w3.org/2002/07/owl#sameAs,exact_openalex_id,https://openalex.org/A5057195145,https://openalex.org/A5057195145,accepted,2026-10-04T12:06:27.079166+00:00
https://example.org/aimodels/resource/person/A5057260089,https://openalex.org/A5057260089,http://www.w3.org/2002/07/owl#sameAs,exact_openalex_id,https://openalex.org/A5057260089,https://openalex.org/A5057260089,accepted,2026-10-04T12:06:27.079166+00:00
https://example.org/aimodels/resource/person/A5057289323,https://openalex.org/A5057289323,http://www.w3.org/2002/07/owl#sameAs,exact_openalex_id,https://openalex.org/A5057289323,https://openalex.org/A5057289323,accepted,2026-10-04T12:06:27.079166+00:00
https://example.org/aimodels/resource/person/A5057374299,https://openalex.org/A5057374299,http://www.w3.org/2002/07/owl#sameAs,exact_openalex_id,https://openalex.org/A5057374299,https://openalex.org/A5057374299,accepted,2026-10-04T12:06:27.079166+00:00
https://example.org/aimodels/resource/person/A5057393538,https://openalex.org/A5057393538,http://www.w3.org/2002/07/owl#sameAs,exact_openalex_id,https://openalex.org/A5057393538,https://openalex.org/A5057393538,accepted,2026-10-04T12:06:27.079166+00:00
https://example.org/aimodels/resource/person/A5057457287,https://openalex.org/A5057457287,http://www.w3.org/2002/07/owl#sameAs,exact_openalex_id,https://openalex.org/A5057457287,https://openalex.org/A5057457287,accepted,2026-10-04T12:06:27.079166+00:00
https://example.org/aimodels/resource/person/A5057529586,https://openalex.org/A5057529586,http://www.w3.org/2002/07/owl#sameAs,exact_openalex_id,https://openalex.org/A5057529586,https://openalex.org/A5057529586,accepted,2026-10-04T12:06:27.079166+00:00
https://example.org/aimodels/resource/person/A5057678172,https://openalex.org/A5057678172,http://www.w3.org/2002/07/owl#sameAs,exact_openalex_id,https://openalex.org/A5057678172,https://openalex.org/A5057678172,accepted,2026-10-04T12:06:27.079166+00:00
https://example.org/aimodels/resource/person/A5057693146,https://openalex.org/A5057693146,http://www.w3.org/2002/07/owl#sameAs,exact_openalex_id,https://openalex.org/A5057693146,https://openalex.org/A5057693146,accepted,2026-10-04T12:06:27.079166+00:00
https://example.org/aimodels/resource/person/A5057700552,https://openalex.org/A5057700552,http://www.w3.org/2002/07/owl#sameAs,exact_openalex_id,https://openalex.org/A5057700552,https://openalex.org/A5057700552,accepted,2026-10-04T12:06:27.079166+00:00
https://example.org/aimodels/resource/person/A5057742306,https://openalex.org/A5057742306,http://www.w3.org/2002/07/owl#sameAs,exact_openalex_id,https://openalex.org/A5057742306,https://openalex.org/A5057742306,accepted,2026-10-04T12:06:27.079166+00:00
https://example.org/aimodels/resource/person/A5057834767,https://openalex.org/A5057834767,http://www.w3.org/2002/07/owl#sameAs,exact_openalex_id,https://openalex.org/A5057834767,https://openalex.org/A5057834767,accepted,2026-10-04T12:06:27.079166+00:00
https://example.org/aimodels/resource/person/A5057932939,https://openalex.org/A5057932939,http://www.w3.org/2002/07/owl#sameAs,exact_openalex_id,https://openalex.org/A5057932939,https://openalex.org/A5057932939,accepted,2026-10-04T12:06:27.079166+00:00
https://example.org/aimodels/resource/person/A5058076181,https://openalex.org/A5058076181,http://www.w3.org/2002/07/owl#sameAs,exact_openalex_id,https://openalex.org/A5058076181,https://openalex.org/A5058076181,accepted,2026-10-04T12:06:27.079166+00:00
https://example.org/aimodels/resource/person/A5058271339,https://openalex.org/A5058271339,http://www.w3.org/2002/07/owl#sameAs,exact_openalex_id,https://openalex.org/A5058271339,https://openalex.org/A5058271339,accepted,2026-10-04T12:06:27.079166+00:00
https://example.org/aimodels/resource/person/A5058353652,https://openalex.org/A5058353652,http://www.w3.org/2002/07/owl#sameAs,exact_openalex_id,https://openalex.org/A5058353652,https://openalex.org/A5058353652,accepted,2026-10-04T12:06:27.079166+00:00
https://example.org/aimodels/resource/person/A5058355406,https://openalex.org/A5058355406,http://www.w3.org/2002/07/owl#sameAs,exact_openalex_id,https://openalex.org/A5058355406,https://openalex.org/A5058355406,accepted,2026-10-04T12:06:27.079166+00:00
https://example.org/aimodels/resource/person/A5058399428,https://openalex.org/A5058399428,http://www.w3.org/2002/07/owl#sameAs,exact_openalex_id,https://openalex.org/A5058399428,https://openalex.org/A5058399428,accepted,2026-10-04T12:06:27.079166+00:00
https://example.org/aimodels/resource/person/A5058408154,https://openalex.org/A5058408154,http://www.w3.org/2002/07/owl#sameAs,exact_openalex_id,https://openalex.org/A5058408154,https://openalex.org/A5058408154,accepted,2026-10-04T12:06:27.079166+00:00
https://example.org/aimodels/resource/person/A5058462199,https://openalex.org/A5058462199,http://www.w3.org/2002/07/owl#sameAs,exact_openalex_id,https://openalex.org/A5058462199,https://openalex.org/A5058462199,accepted,2026-10-04T12:06:27.079166+00:00
https://example.org/aimodels/resource/person/A5058656827,https://openalex.org/A5058656827,http://www.w3.org/2002/07/owl#sameAs,exact_openalex_id,https://openalex.org/A5058656827,https://openalex.org/A5058656827,accepted,2026-10-04T12:06:27.079166+00:00
https://example.org/aimodels/resource/person/A5058677067,https://openalex.org/A5058677067,http://www.w3.org/2002/07/owl#sameAs,exact_openalex_id,https://openalex.org/A5058677067,https://openalex.org/A5058677067,accepted,2026-10-04T12:06:27.079166+00:00
https://example.org/aimodels/resource/person/A5058797533,https://openalex.org/A5058797533,http://www.w3.org/2002/07/owl#sameAs,exact_openalex_id,https://openalex.org/A5058797533,https://openalex.org/A5058797533,accepted,2026-10-04T12:06:27.079166+00:00
https://example.org/aimodels/resource/person/A5058823844,https://openalex.org/A5058823844,http://www.w3.org/2002/07/owl#sameAs,exact_openalex_id,https://openalex.org/A5058823844,https://openalex.org/A5058823844,accepted,2026-10-04T12:06:27.079166+00:00
https://example.org/aimodels/resource/person/A5058825905,https://openalex.org/A5058825905,http://www.w3.org/2002/07/owl#sameAs,exact_openalex_id,https://openalex.org/A5058825905,https://openalex.org/A5058825905,accepted,2026-10-04T12:06:27.079166+00:00
https://example.org/aimodels/resource/person/A5058917931,https://openalex.org/A5058917931,http://www.w3.org/2002/07/owl#sameAs,exact_openalex_id,https://openalex.org/A5058917931,https://openalex.org/A5058917931,accepted,2026-10-04T12:06:27.079166+00:00
https://example.org/aimodels/resource/person/A5059005121,https://openalex.org/A5059005121,http://www.w3.org/2002/07/owl#sameAs,exact_openalex_id,https://openalex.org/A5059005121,https://openalex.org/A5059005121,accepted,2026-10-04T12:06:27.079166+00:00
https://example.org/aimodels/resource/person/A5059211235,https://openalex.org/A5059211235,http://www.w3.org/2002/07/owl#sameAs,exact_openalex_id,https://openalex.org/A5059211235,https://openalex.org/A5059211235,accepted,2026-10-04T12:06:27.079166+00:00
https://example.org/aimodels/resource/person/A5059226057,https://openalex.org/A5059226057,http://www.w3.org/2002/07/owl#sameAs,exact_openalex_id,https://openalex.org/A5059226057,https://openalex.org/A5059226057,accepted,2026-10-04T12:06:27.079166+00:00
https://example.org/aimodels/resource/person/A5059241576,https://openalex.org/A5059241576,http://www.w3.org/2002/07/owl#sameAs,exact_openalex_id,https://openalex.org/A5059241576,https://openalex.org/A5059241576,accepted,2026-10-04T12:06:27.079166+00:00
https://example.org/aimodels/resource/person/A5059260582,https://openalex.org/A5059260582,http://www.w3.org/2002/07/owl#sameAs,exact_openalex_id,https://openalex.org/A5059260582,https://openalex.org/A5059260582,accepted,2026-10-04T12:06:27.079166+00:00
https://example.org/aimodels/resource/person/A5059267294,https://openalex.org/A5059267294,http://www.w3.org/2002/07/owl#sameAs,exact_openalex_id,https://openalex.org/A5059267294,https://openalex.org/A5059267294,accepted,2026-10-04T12:06:27.079166+00:00
https://example.org/aimodels/resource/person/A5059281265,https://openalex.org/A5059281265,http://www.w3.org/2002/07/owl#sameAs,exact_openalex_id,https://openalex.org/A5059281265,https://openalex.org/A5059281265,accepted,2026-10-04T12:06:27.079166+00:00
https://example.org/aimodels/resource/person/A5059294839,https://openalex.org/A5059294839,http://www.w3.org/2002/07/owl#sameAs,exact_openalex_id,https://openalex.org/A5059294839,https://openalex.org/A5059294839,accepted,2026-10-04T12:06:27.079166+00:00
https://example.org/aimodels/resource/person/A5059439673,https://openalex.org/A5059439673,http://www.w3.org/2002/07/owl#sameAs,exact_openalex_id,https://openalex.org/A5059439673,https://openalex.org/A5059439673,accepted,2026-10-04T12:06:27.079166+00:00
https://example.org/aimodels/resource/person/A5059460567,https://openalex.org/A5059460567,http://www.w3.org/2002/07/owl#sameAs,exact_openalex_id,https://openalex.org/A5059460567,https://openalex.org/A5059460567,accepted,2026-10-04T12:06:27.079166+00:00
https://example.org/aimodels/resource/person/A5059541770,https://openalex.org/A5059541770,http://www.w3.org/2002/07/owl#sameAs,exact_openalex_id,https://openalex.org/A5059541770,https://openalex.org/A5059541770,accepted,2026-10-04T12:06:27.079166+00:00
https://example.org/aimodels/resource/person/A5059804251,https://openalex.org/A5059804251,http://www.w3.org/2002/07/owl#sameAs,exact_openalex_id,https://openalex.org/A5059804251,https://openalex.org/A5059804251,accepted,2026-10-04T12:06:27.079166+00:00
https://example.org/aimodels/resource/person/A5059955534,https://openalex.org/A5059955534,http://www.w3.org/2002/07/owl#sameAs,exact_openalex_id,https://openalex.org/A5059955534,https://openalex.org/A5059955534,accepted,2026-10-04T12:06:27.079166+00:00
https://example.org/aimodels/resource/person/A5060000122,https://openalex.org/A5060000122,http://www.w3.org/2002/07/owl#sameAs,exact_openalex_id,https://openalex.org/A5060000122,https://openalex.org/A5060000122,accepted,2026-10-04T12:06:27.079166+00:00
https://example.org/aimodels/resource/person/A5060025182,https://openalex.org/A5060025182,http://www.w3.org/2002/07/owl#sameAs,exact_openalex_id,https://openalex.org/A5060025182,https://openalex.org/A5060025182,accepted,2026-10-04T12:06:27.079166+00:00
https://example.org/aimodels/resource/person/A5060080064,https://openalex.org/A5060080064,http://www.w3.org/2002/07/owl#sameAs,exact_openalex_id,https://openalex.org/A5060080064,https://openalex.org/A5060080064,accepted,2026-10-04T12:06:27.079166+00:00
https://example.org/aimodels/resource/person/A5060347694,https://openalex.org/A5060347694,http://www.w3.org/2002/07/owl#sameAs,exact_openalex_id,https://openalex.org/A5060347694,https://openalex.org/A5060347694,accepted,2026-10-04T12:06:27.079166+00:00
https://example.org/aimodels/resource/person/A5060364305,https://openalex.org/A5060364305,http://www.w3.org/2002/07/owl#sameAs,exact_openalex_id,https://openalex.org/A5060364305,https://openalex.org/A5060364305,accepted,2026-10-04T12:06:27.079166+00:00
https://example.org/aimodels/resource/person/A5060413371,https://openalex.org/A5060413371,http://www.w3.org/2002/07/owl#sameAs,exact_openalex_id,https://openalex.org/A5060413371,https://openalex.org/A5060413371,accepted,2026-10-04T12:06:27.079166+00:00
https://example.org/aimodels/resource/person/A5060502801,https://openalex.org/A5060502801,http://www.w3.org/2002/07/owl#sameAs,exact_openalex_id,https://openalex.org/A5060502801,https://openalex.org/A5060502801,accepted,2026-10-04T12:06:27.079166+00:00
https://example.org/aimodels/resource/person/A5060570681,https://openalex.org/A5060570681,http://www.w3.org/2002/07/owl#sameAs,exact_openalex_id,https://openalex.org/A5060570681,https://openalex.org/A5060570681,accepted,2026-10-04T12:06:27.079166+00:00
https://example.org/aimodels/resource/person/A5060618975,https://openalex.org/A5060618975,http://www.w3.org/2002/07/owl#sameAs,exact_openalex_id,https://openalex.org/A5060618975,https://openalex.org/A5060618975,accepted,2026-10-04T12:06:27.079166+00:00
https://example.org/aimodels/resource/person/A5060769750,https://openalex.org/A5060769750,http://www.w3.org/2002/07/owl#sameAs,exact_openalex_id,https://openalex.org/A5060769750,https://openalex.org/A5060769750,accepted,2026-10-04T12:06:27.079166+00:00
https://example.org/aimodels/resource/person/A5060885692,https://openalex.org/A5060885692,http://www.w3.org/2002/07/owl#sameAs,exact_openalex_id,https://openalex.org/A5060885692,https://openalex.org/A5060885692,accepted,2026-10-04T12:06:27.079166+00:00
https://example.org/aimodels/resource/person/A5060896267,https://openalex.org/A5060896267,http://www.w3.org/2002/07/owl#sameAs,exact_openalex_id,https://openalex.org/A5060896267,https://openalex.org/A5060896267,accepted,2026-10-04T12:06:27.079166+00:00
https://example.org/aimodels/resource/person/A5060914941,https://openalex.org/A5060914941,http://www.w3.org/2002/07/owl#sameAs,exact_openalex_id,https://openalex.org/A5060914941,https://openalex.org/A5060914941,accepted,2026-10-04T12:06:27.079166+00:00
https://example.org/aimodels/resource/person/A5060928641,https://openalex.org/A5060928641,http://www.w3.org/2002/07/owl#sameAs,exact_openalex_id,https://openalex.org/A5060928641,https://openalex.org/A5060928641,accepted,2026-10-04T12:06:27.079166+00:00
https://example.org/aimodels/resource/person/A5060982337,https://openalex.org/A5060982337,http://www.w3.org/2002/07/owl#sameAs,exact_openalex_id,https://openalex.org/A5060982337,https://openalex.org/A5060982337,accepted,2026-10-04T12:06:27.079166+00:00
https://example.org/aimodels/resource/person/A5061093158,https://openalex.org/A5061093158,http://www.w3.org/2002/07/owl#sameAs,exact_openalex_id,https://openalex.org/A5061093158,https://openalex.org/A5061093158,accepted,2026-10-04T12:06:27.079166+00:00
https://example.org/aimodels/resource/person/A5061096363,https://openalex.org/A5061096363,http://www.w3.org/2002/07/owl#sameAs,exact_openalex_id,https://openalex.org/A5061096363,https://openalex.org/A5061096363,accepted,2026-10-04T12:06:27.079166+00:00
https://example.org/aimodels/resource/person/A5061135580,https://openalex.org/A5061135580,http://www.w3.org/2002/07/owl#sameAs,exact_openalex_id,https://openalex.org/A5061135580,https://openalex.org/A5061135580,accepted,2026-10-04T12:06:27.079166+00:00
https://example.org/aimodels/resource/person/A5061141515,https://openalex.org/A5061141515,http://www.w3.org/2002/07/owl#sameAs,exact_openalex_id,https://openalex.org/A5061141515,https://openalex.org/A5061141515,accepted,2026-10-04T12:06:27.079166+00:00
https://example.org/aimodels/resource/person/A5061193324,https://openalex.org/A5061193324,http://www.w3.org/2002/07/owl#sameAs,exact_openalex_id,https://openalex.org/A5061193324,https://openalex.org/A5061193324,accepted,2026-10-04T12:06:27.079166+00:00
https://example.org/aimodels/resource/person/A5061320164,https://openalex.org/A5061320164,http://www.w3.org/2002/07/owl#sameAs,exact_openalex_id,https://openalex.org/A5061320164,https://openalex.org/A5061320164,accepted,2026-10-04T12:06:27.079166+00:00
https://example.org/aimodels/resource/person/A5061512999,https://openalex.org/A5061512999,http://www.w3.org/2002/07/owl#sameAs,exact_openalex_id,https://openalex.org/A5061512999,https://openalex.org/A5061512999,accepted,2026-10-04T12:06:27.079166+00:00
https://example.org/aimodels/resource/person/A5061613634,https://openalex.org/A5061613634,http://www.w3.org/2002/07/owl#sameAs,exact_openalex_id,https://openalex.org/A5061613634,https://openalex.org/A5061613634,accepted,2026-10-04T12:06:27.079166+00:00
https://example.org/aimodels/resource/person/A5061696740,https://openalex.org/A5061696740,http://www.w3.org/2002/07/owl#sameAs,exact_openalex_id,https://openalex.org/A5061696740,https://openalex.org/A5061696740,accepted,2026-10-04T12:06:27.079166+00:00
https://example.org/aimodels/resource/person/A5061701176,https://openalex.org/A5061701176,http://www.w3.org/2002/07/owl#sameAs,exact_openalex_id,https://openalex.org/A5061701176,https://openalex.org/A5061701176,accepted,2026-10-04T12:06:27.079166+00:00
https://example.org/aimodels/resource/person/A5061791230,https://openalex.org/A5061791230,http://www.w3.org/2002/07/owl#sameAs,exact_openalex_id,https://openalex.org/A5061791230,https://openalex.org/A5061791230,accepted,2026-10-04T12:06:27.079166+00:00
https://example.org/aimodels/resource/person/A5061895558,https://openalex.org/A5061895558,http://www.w3.org/2002/07/owl#sameAs,exact_openalex_id,https://openalex.org/A5061895558,https://openalex.org/A5061895558,accepted,2026-10-04T12:06:27.079166+00:00
https://example.org/aimodels/resource/person/A5061948392,https://openalex.org/A5061948392,http://www.w3.org/2002/07/owl#sameAs,exact_openalex_id,https://openalex.org/A5061948392,https://openalex.org/A5061948392,accepted,2026-10-04T12:06:27.079166+00:00
https://example.org/aimodels/resource/person/A5062044629,https://openalex.org/A5062044629,http://www.w3.org/2002/07/owl#sameAs,exact_openalex_id,https://openalex.org/A5062044629,https://openalex.org/A5062044629,accepted,2026-10-04T12:06:27.079166+00:00
https://example.org/aimodels/resource/person/A5062182459,https://openalex.org/A5062182459,http://www.w3.org/2002/07/owl#sameAs,exact_openalex_id,https://openalex.org/A5062182459,https://openalex.org/A5062182459,accepted,2026-10-04T12:06:27.079166+00:00
https://example.org/aimodels/resource/person/A5062193230,https://openalex.org/A5062193230,http://www.w3.org/2002/07/owl#sameAs,exact_openalex_id,https://openalex.org/A5062193230,https://openalex.org/A5062193230,accepted,2026-10-04T12:06:27.079166+00:00
https://example.org/aimodels/resource/person/A5062196262,https://openalex.org/A5062196262,http://www.w3.org/2002/07/owl#sameAs,exact_openalex_id,https://openalex.org/A5062196262,https://openalex.org/A5062196262,accepted,2026-10-04T12:06:27.079166+00:00
https://example.org/aimodels/resource/person/A5062226271,https://openalex.org/A5062226271,http://www.w3.org/2002/07/owl#sameAs,exact_openalex_id,https://openalex.org/A5062226271,https://openalex.org/A5062226271,accepted,2026-10-04T12:06:27.079166+00:00
https://example.org/aimodels/resource/person/A5062285844,https://openalex.org/A5062285844,http://www.w3.org/2002/07/owl#sameAs,exact_openalex_id,https://openalex.org/A5062285844,https://openalex.org/A5062285844,accepted,2026-10-04T12:06:27.079166+00:00
https://example.org/aimodels/resource/person/A5062327687,https://openalex.org/A5062327687,http://www.w3.org/2002/07/owl#sameAs,exact_openalex_id,https://openalex.org/A5062327687,https://openalex.org/A5062327687,accepted,2026-10-04T12:06:27.079166+00:00
https://example.org/aimodels/resource/person/A5062444950,https://openalex.org/A5062444950,http://www.w3.org/2002/07/owl#sameAs,exact_openalex_id,https://openalex.org/A5062444950,https://openalex.org/A5062444950,accepted,2026-10-04T12:06:27.079166+00:00
https://example.org/aimodels/resource/person/A5062522127,https://openalex.org/A5062522127,http://www.w3.org/2002/07/owl#sameAs,exact_openalex_id,https://openalex.org/A5062522127,https://openalex.org/A5062522127,accepted,2026-10-04T12:06:27.079166+00:00
https://example.org/aimodels/resource/person/A5062546146,https://openalex.org/A5062546146,http://www.w3.org/2002/07/owl#sameAs,exact_openalex_id,https://openalex.org/A5062546146,https://openalex.org/A5062546146,accepted,2026-10-04T12:06:27.079166+00:00
https://example.org/aimodels/resource/person/A5062633736,https://openalex.org/A5062633736,http://www.w3.org/2002/07/owl#sameAs,exact_openalex_id,https://openalex.org/A5062633736,https://openalex.org/A5062633736,accepted,2026-10-04T12:06:27.079166+00:00
https://example.org/aimodels/resource/person/A5062665223,https://openalex.org/A5062665223,http://www.w3.org/2002/07/owl#sameAs,exact_openalex_id,https://openalex.org/A5062665223,https://openalex.org/A5062665223,accepted,2026-10-04T12:06:27.079166+00:00
https://example.org/aimodels/resource/person/A5062696000,https://openalex.org/A5062696000,http://www.w3.org/2002/07/owl#sameAs,exact_openalex_id,https://openalex.org/A5062696000,https://openalex.org/A5062696000,accepted,2026-10-04T12:06:27.079166+00:00
https://example.org/aimodels/resource/person/A5062716310,https://openalex.org/A5062716310,http://www.w3.org/2002/07/owl#sameAs,exact_openalex_id,https://openalex.org/A5062716310,https://openalex.org/A5062716310,accepted,2026-10-04T12:06:27.079166+00:00
https://example.org/aimodels/resource/person/A5062817741,https://openalex.org/A5062817741,http://www.w3.org/2002/07/owl#sameAs,exact_openalex_id,https://openalex.org/A5062817741,https://openalex.org/A5062817741,accepted,2026-10-04T12:06:27.079166+00:00
https://example.org/aimodels/resource/person/A5062843383,https://openalex.org/A5062843383,http://www.w3.org/2002/07/owl#sameAs,exact_openalex_id,https://openalex.org/A5062843383,https://openalex.org/A5062843383,accepted,2026-10-04T12:06:27.079166+00:00
https://example.org/aimodels/resource/person/A5062880340,https://openalex.org/A5062880340,http://www.w3.org/2002/07/owl#sameAs,exact_openalex_id,https://openalex.org/A5062880340,https://openalex.org/A5062880340,accepted,2026-10-04T12:06:27.079166+00:00
https://example.org/aimodels/resource/person/A5062886906,https://openalex.org/A5062886906,http://www.w3.org/2002/07/owl#sameAs,exact_openalex_id,https://openalex.org/A5062886906,https://openalex.org/A5062886906,accepted,2026-10-04T12:06:27.079166+00:00
https://example.org/aimodels/resource/person/A5062891440,https://openalex.org/A5062891440,http://www.w3.org/2002/07/owl#sameAs,exact_openalex_id,https://openalex.org/A5062891440,https://openalex.org/A5062891440,accepted,2026-10-04T12:06:27.079166+00:00
https://example.org/aimodels/resource/person/A5062927867,https://openalex.org/A5062927867,http://www.w3.org/2002/07/owl#sameAs,exact_openalex_id,https://openalex.org/A5062927867,https://openalex.org/A5062927867,accepted,2026-10-04T12:06:27.079166+00:00
https://example.org/aimodels/resource/person/A5063020928,https://openalex.org/A5063020928,http://www.w3.org/2002/07/owl#sameAs,exact_openalex_id,https://openalex.org/A5063020928,https://openalex.org/A5063020928,accepted,2026-10-04T12:06:27.079166+00:00
https://example.org/aimodels/resource/person/A5063040968,https://openalex.org/A5063040968,http://www.w3.org/2002/07/owl#sameAs,exact_openalex_id,https://openalex.org/A5063040968,https://openalex.org/A5063040968,accepted,2026-10-04T12:06:27.079166+00:00
https://example.org/aimodels/resource/person/A5063094642,https://openalex.org/A5063094642,http://www.w3.org/2002/07/owl#sameAs,exact_openalex_id,https://openalex.org/A5063094642,https://openalex.org/A5063094642,accepted,2026-10-04T12:06:27.079166+00:00
https://example.org/aimodels/resource/person/A5063149046,https://openalex.org/A5063149046,http://www.w3.org/2002/07/owl#sameAs,exact_openalex_id,https://openalex.org/A5063149046,https://openalex.org/A5063149046,accepted,2026-10-04T12:06:27.079166+00:00
https://example.org/aimodels/resource/person/A5063151917,https://openalex.org/A5063151917,http://www.w3.org/2002/07/owl#sameAs,exact_openalex_id,https://openalex.org/A5063151917,https://openalex.org/A5063151917,accepted,2026-10-04T12:06:27.079166+00:00
https://example.org/aimodels/resource/person/A5063201022,https://openalex.org/A5063201022,http://www.w3.org/2002/07/owl#sameAs,exact_openalex_id,https://openalex.org/A5063201022,https://openalex.org/A5063201022,accepted,2026-10-04T12:06:27.079166+00:00
https://example.org/aimodels/resource/person/A5063233389,https://openalex.org/A5063233389,http://www.w3.org/2002/07/owl#sameAs,exact_openalex_id,https://openalex.org/A5063233389,https://openalex.org/A5063233389,accepted,2026-10-04T12:06:27.079166+00:00
https://example.org/aimodels/resource/person/A5063270174,https://openalex.org/A5063270174,http://www.w3.org/2002/07/owl#sameAs,exact_openalex_id,https://openalex.org/A5063270174,https://openalex.org/A5063270174,accepted,2026-10-04T12:06:27.079166+00:00
https://example.org/aimodels/resource/person/A5063374092,https://openalex.org/A5063374092,http://www.w3.org/2002/07/owl#sameAs,exact_openalex_id,https://openalex.org/A5063374092,https://openalex.org/A5063374092,accepted,2026-10-04T12:06:27.079166+00:00
https://example.org/aimodels/resource/person/A5063387701,https://openalex.org/A5063387701,http://www.w3.org/2002/07/owl#sameAs,exact_openalex_id,https://openalex.org/A5063387701,https://openalex.org/A5063387701,accepted,2026-10-04T12:06:27.079166+00:00
https://example.org/aimodels/resource/person/A5063513636,https://openalex.org/A5063513636,http://www.w3.org/2002/07/owl#sameAs,exact_openalex_id,https://openalex.org/A5063513636,https://openalex.org/A5063513636,accepted,2026-10-04T12:06:27.079166+00:00
https://example.org/aimodels/resource/person/A5063672058,https://openalex.org/A5063672058,http://www.w3.org/2002/07/owl#sameAs,exact_openalex_id,https://openalex.org/A5063672058,https://openalex.org/A5063672058,accepted,2026-10-04T12:06:27.079166+00:00
https://example.org/aimodels/resource/person/A5063711526,https://openalex.org/A5063711526,http://www.w3.org/2002/07/owl#sameAs,exact_openalex_id,https://openalex.org/A5063711526,https://openalex.org/A5063711526,accepted,2026-10-04T12:06:27.079166+00:00
https://example.org/aimodels/resource/person/A5063722751,https://openalex.org/A5063722751,http://www.w3.org/2002/07/owl#sameAs,exact_openalex_id,https://openalex.org/A5063722751,https://openalex.org/A5063722751,accepted,2026-10-04T12:06:27.079166+00:00
https://example.org/aimodels/resource/person/A5063737268,https://openalex.org/A5063737268,http://www.w3.org/2002/07/owl#sameAs,exact_openalex_id,https://openalex.org/A5063737268,https://openalex.org/A5063737268,accepted,2026-10-04T12:06:27.079166+00:00
https://example.org/aimodels/resource/person/A5063864170,https://openalex.org/A5063864170,http://www.w3.org/2002/07/owl#sameAs,exact_openalex_id,https://openalex.org/A5063864170,https://openalex.org/A5063864170,accepted,2026-10-04T12:06:27.079166+00:00
https://example.org/aimodels/resource/person/A5063897942,https://openalex.org/A5063897942,http://www.w3.org/2002/07/owl#sameAs,exact_openalex_id,https://openalex.org/A5063897942,https://openalex.org/A5063897942,accepted,2026-10-04T12:06:27.079166+00:00
https://example.org/aimodels/resource/person/A5063925941,https://openalex.org/A5063925941,http://www.w3.org/2002/07/owl#sameAs,exact_openalex_id,https://openalex.org/A5063925941,https://openalex.org/A5063925941,accepted,2026-10-04T12:06:27.079166+00:00
https://example.org/aimodels/resource/person/A5064018105,https://openalex.org/A5064018105,http://www.w3.org/2002/07/owl#sameAs,exact_openalex_id,https://openalex.org/A5064018105,https://openalex.org/A5064018105,accepted,2026-10-04T12:06:27.079166+00:00
https://example.org/aimodels/resource/person/A5064114707,https://openalex.org/A5064114707,http://www.w3.org/2002/07/owl#sameAs,exact_openalex_id,https://openalex.org/A5064114707,https://openalex.org/A5064114707,accepted,2026-10-04T12:06:27.079166+00:00
https://example.org/aimodels/resource/person/A5064188865,https://openalex.org/A5064188865,http://www.w3.org/2002/07/owl#sameAs,exact_openalex_id,https://openalex.org/A5064188865,https://openalex.org/A5064188865,accepted,2026-10-04T12:06:27.079166+00:00
https://example.org/aimodels/resource/person/A5064265174,https://openalex.org/A5064265174,http://www.w3.org/2002/07/owl#sameAs,exact_openalex_id,https://openalex.org/A5064265174,https://openalex.org/A5064265174,accepted,2026-10-04T12:06:27.079166+00:00
https://example.org/aimodels/resource/person/A5064284582,https://openalex.org/A5064284582,http://www.w3.org/2002/07/owl#sameAs,exact_openalex_id,https://openalex.org/A5064284582,https://openalex.org/A5064284582,accepted,2026-10-04T12:06:27.079166+00:00
https://example.org/aimodels/resource/person/A5064335115,https://openalex.org/A5064335115,http://www.w3.org/2002/07/owl#sameAs,exact_openalex_id,https://openalex.org/A5064335115,https://openalex.org/A5064335115,accepted,2026-10-04T12:06:27.079166+00:00
https://example.org/aimodels/resource/person/A5064402830,https://openalex.org/A5064402830,http://www.w3.org/2002/07/owl#sameAs,exact_openalex_id,https://openalex.org/A5064402830,https://openalex.org/A5064402830,accepted,2026-10-04T12:06:27.079166+00:00
https://example.org/aimodels/resource/person/A5064530863,https://openalex.org/A5064530863,http://www.w3.org/2002/07/owl#sameAs,exact_openalex_id,https://openalex.org/A5064530863,https://openalex.org/A5064530863,accepted,2026-10-04T12:06:27.079166+00:00
https://example.org/aimodels/resource/person/A5064618853,https://openalex.org/A5064618853,http://www.w3.org/2002/07/owl#sameAs,exact_openalex_id,https://openalex.org/A5064618853,https://openalex.org/A5064618853,accepted,2026-10-04T12:06:27.079166+00:00
https://example.org/aimodels/resource/person/A5064636177,https://openalex.org/A5064636177,http://www.w3.org/2002/07/owl#sameAs,exact_openalex_id,https://openalex.org/A5064636177,https://openalex.org/A5064636177,accepted,2026-10-04T12:06:27.079166+00:00
https://example.org/aimodels/resource/person/A5064685592,https://openalex.org/A5064685592,http://www.w3.org/2002/07/owl#sameAs,exact_openalex_id,https://openalex.org/A5064685592,https://openalex.org/A5064685592,accepted,2026-10-04T12:06:27.079166+00:00
https://example.org/aimodels/resource/person/A5064812943,https://openalex.org/A5064812943,http://www.w3.org/2002/07/owl#sameAs,exact_openalex_id,https://openalex.org/A5064812943,https://openalex.org/A5064812943,accepted,2026-10-04T12:06:27.079166+00:00
https://example.org/aimodels/resource/person/A5064829377,https://openalex.org/A5064829377,http://www.w3.org/2002/07/owl#sameAs,exact_openalex_id,https://openalex.org/A5064829377,https://openalex.org/A5064829377,accepted,2026-10-04T12:06:27.079166+00:00
https://example.org/aimodels/resource/person/A5064858748,https://openalex.org/A5064858748,http://www.w3.org/2002/07/owl#sameAs,exact_openalex_id,https://openalex.org/A5064858748,https://openalex.org/A5064858748,accepted,2026-10-04T12:06:27.079166+00:00
https://example.org/aimodels/resource/person/A5064920618,https://openalex.org/A5064920618,http://www.w3.org/2002/07/owl#sameAs,exact_openalex_id,https://openalex.org/A5064920618,https://openalex.org/A5064920618,accepted,2026-10-04T12:06:27.079166+00:00
https://example.org/aimodels/resource/person/A5064948864,https://openalex.org/A5064948864,http://www.w3.org/2002/07/owl#sameAs,exact_openalex_id,https://openalex.org/A5064948864,https://openalex.org/A5064948864,accepted,2026-10-04T12:06:27.079166+00:00
https://example.org/aimodels/resource/person/A5064982530,https://openalex.org/A5064982530,http://www.w3.org/2002/07/owl#sameAs,exact_openalex_id,https://openalex.org/A5064982530,https://openalex.org/A5064982530,accepted,2026-10-04T12:06:27.079166+00:00
https://example.org/aimodels/resource/person/A5065046937,https://openalex.org/A5065046937,http://www.w3.org/2002/07/owl#sameAs,exact_openalex_id,https://openalex.org/A5065046937,https://openalex.org/A5065046937,accepted,2026-10-04T12:06:27.079166+00:00
https://example.org/aimodels/resource/person/A5065053503,https://openalex.org/A5065053503,http://www.w3.org/2002/07/owl#sameAs,exact_openalex_id,https://openalex.org/A5065053503,https://openalex.org/A5065053503,accepted,2026-10-04T12:06:27.079166+00:00
https://example.org/aimodels/resource/person/A5065128060,https://openalex.org/A5065128060,http://www.w3.org/2002/07/owl#sameAs,exact_openalex_id,https://openalex.org/A5065128060,https://openalex.org/A5065128060,accepted,2026-10-04T12:06:27.079166+00:00
https://example.org/aimodels/resource/person/A5065197324,https://openalex.org/A5065197324,http://www.w3.org/2002/07/owl#sameAs,exact_openalex_id,https://openalex.org/A5065197324,https://openalex.org/A5065197324,accepted,2026-10-04T12:06:27.079166+00:00
https://example.org/aimodels/resource/person/A5065253486,https://openalex.org/A5065253486,http://www.w3.org/2002/07/owl#sameAs,exact_openalex_id,https://openalex.org/A5065253486,https://openalex.org/A5065253486,accepted,2026-10-04T12:06:27.079166+00:00
https://example.org/aimodels/resource/person/A5065321401,https://openalex.org/A5065321401,http://www.w3.org/2002/07/owl#sameAs,exact_openalex_id,https://openalex.org/A5065321401,https://openalex.org/A5065321401,accepted,2026-10-04T12:06:27.079166+00:00
https://example.org/aimodels/resource/person/A5065367221,https://openalex.org/A5065367221,http://www.w3.org/2002/07/owl#sameAs,exact_openalex_id,https://openalex.org/A5065367221,https://openalex.org/A5065367221,accepted,2026-10-04T12:06:27.079166+00:00
https://example.org/aimodels/resource/person/A5065371323,https://openalex.org/A5065371323,http://www.w3.org/2002/07/owl#sameAs,exact_openalex_id,https://openalex.org/A5065371323,https://openalex.org/A5065371323,accepted,2026-10-04T12:06:27.079166+00:00
https://example.org/aimodels/resource/person/A5065423139,https://openalex.org/A5065423139,http://www.w3.org/2002/07/owl#sameAs,exact_openalex_id,https://openalex.org/A5065423139,https://openalex.org/A5065423139,accepted,2026-10-04T12:06:27.079166+00:00
https://example.org/aimodels/resource/person/A5065489269,https://openalex.org/A5065489269,http://www.w3.org/2002/07/owl#sameAs,exact_openalex_id,https://openalex.org/A5065489269,https://openalex.org/A5065489269,accepted,2026-10-04T12:06:27.079166+00:00
https://example.org/aimodels/resource/person/A5065658217,https://openalex.org/A5065658217,http://www.w3.org/2002/07/owl#sameAs,exact_openalex_id,https://openalex.org/A5065658217,https://openalex.org/A5065658217,accepted,2026-10-04T12:06:27.079166+00:00
https://example.org/aimodels/resource/person/A5065663195,https://openalex.org/A5065663195,http://www.w3.org/2002/07/owl#sameAs,exact_openalex_id,https://openalex.org/A5065663195,https://openalex.org/A5065663195,accepted,2026-10-04T12:06:27.079166+00:00
https://example.org/aimodels/resource/person/A5065666918,https://openalex.org/A5065666918,http://www.w3.org/2002/07/owl#sameAs,exact_openalex_id,https://openalex.org/A5065666918,https://openalex.org/A5065666918,accepted,2026-10-04T12:06:27.079166+00:00
https://example.org/aimodels/resource/person/A5065686484,https://openalex.org/A5065686484,http://www.w3.org/2002/07/owl#sameAs,exact_openalex_id,https://openalex.org/A5065686484,https://openalex.org/A5065686484,accepted,2026-10-04T12:06:27.079166+00:00
https://example.org/aimodels/resource/person/A5065707162,https://openalex.org/A5065707162,http://www.w3.org/2002/07/owl#sameAs,exact_openalex_id,https://openalex.org/A5065707162,https://openalex.org/A5065707162,accepted,2026-10-04T12:06:27.079166+00:00
https://example.org/aimodels/resource/person/A5065754485,https://openalex.org/A5065754485,http://www.w3.org/2002/07/owl#sameAs,exact_openalex_id,https://openalex.org/A5065754485,https://openalex.org/A5065754485,accepted,2026-10-04T12:06:27.079166+00:00
https://example.org/aimodels/resource/person/A5065856469,https://openalex.org/A5065856469,http://www.w3.org/2002/07/owl#sameAs,exact_openalex_id,https://openalex.org/A5065856469,https://openalex.org/A5065856469,accepted,2026-10-04T12:06:27.079166+00:00
https://example.org/aimodels/resource/person/A5065912572,https://openalex.org/A5065912572,http://www.w3.org/2002/07/owl#sameAs,exact_openalex_id,https://openalex.org/A5065912572,https://openalex.org/A5065912572,accepted,2026-10-04T12:06:27.079166+00:00
https://example.org/aimodels/resource/person/A5066029226,https://openalex.org/A5066029226,http://www.w3.org/2002/07/owl#sameAs,exact_openalex_id,https://openalex.org/A5066029226,https://openalex.org/A5066029226,accepted,2026-10-04T12:06:27.079166+00:00
https://example.org/aimodels/resource/person/A5066197394,https://openalex.org/A5066197394,http://www.w3.org/2002/07/owl#sameAs,exact_openalex_id,https://openalex.org/A5066197394,https://openalex.org/A5066197394,accepted,2026-10-04T12:06:27.079166+00:00
https://example.org/aimodels/resource/person/A5066242985,https://openalex.org/A5066242985,http://www.w3.org/2002/07/owl#sameAs,exact_openalex_id,https://openalex.org/A5066242985,https://openalex.org/A5066242985,accepted,2026-10-04T12:06:27.079166+00:00
https://example.org/aimodels/resource/person/A5066246956,https://openalex.org/A5066246956,http://www.w3.org/2002/07/owl#sameAs,exact_openalex_id,https://openalex.org/A5066246956,https://openalex.org/A5066246956,accepted,2026-10-04T12:06:27.079166+00:00
https://example.org/aimodels/resource/person/A5066299337,https://openalex.org/A5066299337,http://www.w3.org/2002/07/owl#sameAs,exact_openalex_id,https://openalex.org/A5066299337,https://openalex.org/A5066299337,accepted,2026-10-04T12:06:27.079166+00:00
https://example.org/aimodels/resource/person/A5066409108,https://openalex.org/A5066409108,http://www.w3.org/2002/07/owl#sameAs,exact_openalex_id,https://openalex.org/A5066409108,https://openalex.org/A5066409108,accepted,2026-10-04T12:06:27.079166+00:00
https://example.org/aimodels/resource/person/A5066465234,https://openalex.org/A5066465234,http://www.w3.org/2002/07/owl#sameAs,exact_openalex_id,https://openalex.org/A5066465234,https://openalex.org/A5066465234,accepted,2026-10-04T12:06:27.079166+00:00
https://example.org/aimodels/resource/person/A5066539391,https://openalex.org/A5066539391,http://www.w3.org/2002/07/owl#sameAs,exact_openalex_id,https://openalex.org/A5066539391,https://openalex.org/A5066539391,accepted,2026-10-04T12:06:27.079166+00:00
https://example.org/aimodels/resource/person/A5066544075,https://openalex.org/A5066544075,http://www.w3.org/2002/07/owl#sameAs,exact_openalex_id,https://openalex.org/A5066544075,https://openalex.org/A5066544075,accepted,2026-10-04T12:06:27.079166+00:00
https://example.org/aimodels/resource/person/A5066559387,https://openalex.org/A5066559387,http://www.w3.org/2002/07/owl#sameAs,exact_openalex_id,https://openalex.org/A5066559387,https://openalex.org/A5066559387,accepted,2026-10-04T12:06:27.079166+00:00
https://example.org/aimodels/resource/person/A5066575939,https://openalex.org/A5066575939,http://www.w3.org/2002/07/owl#sameAs,exact_openalex_id,https://openalex.org/A5066575939,https://openalex.org/A5066575939,accepted,2026-10-04T12:06:27.079166+00:00
https://example.org/aimodels/resource/person/A5066588555,https://openalex.org/A5066588555,http://www.w3.org/2002/07/owl#sameAs,exact_openalex_id,https://openalex.org/A5066588555,https://openalex.org/A5066588555,accepted,2026-10-04T12:06:27.079166+00:00
https://example.org/aimodels/resource/person/A5066835782,https://openalex.org/A5066835782,http://www.w3.org/2002/07/owl#sameAs,exact_openalex_id,https://openalex.org/A5066835782,https://openalex.org/A5066835782,accepted,2026-10-04T12:06:27.079166+00:00
https://example.org/aimodels/resource/person/A5066892638,https://openalex.org/A5066892638,http://www.w3.org/2002/07/owl#sameAs,exact_openalex_id,https://openalex.org/A5066892638,https://openalex.org/A5066892638,accepted,2026-10-04T12:06:27.079166+00:00
https://example.org/aimodels/resource/person/A5067022550,https://openalex.org/A5067022550,http://www.w3.org/2002/07/owl#sameAs,exact_openalex_id,https://openalex.org/A5067022550,https://openalex.org/A5067022550,accepted,2026-10-04T12:06:27.079166+00:00
https://example.org/aimodels/resource/person/A5067148263,https://openalex.org/A5067148263,http://www.w3.org/2002/07/owl#sameAs,exact_openalex_id,https://openalex.org/A5067148263,https://openalex.org/A5067148263,accepted,2026-10-04T12:06:27.079166+00:00
https://example.org/aimodels/resource/person/A5067164243,https://openalex.org/A5067164243,http://www.w3.org/2002/07/owl#sameAs,exact_openalex_id,https://openalex.org/A5067164243,https://openalex.org/A5067164243,accepted,2026-10-04T12:06:27.079166+00:00
https://example.org/aimodels/resource/person/A5067187716,https://openalex.org/A5067187716,http://www.w3.org/2002/07/owl#sameAs,exact_openalex_id,https://openalex.org/A5067187716,https://openalex.org/A5067187716,accepted,2026-10-04T12:06:27.079166+00:00
https://example.org/aimodels/resource/person/A5067188801,https://openalex.org/A5067188801,http://www.w3.org/2002/07/owl#sameAs,exact_openalex_id,https://openalex.org/A5067188801,https://openalex.org/A5067188801,accepted,2026-10-04T12:06:27.079166+00:00
https://example.org/aimodels/resource/person/A5067264969,https://openalex.org/A5067264969,http://www.w3.org/2002/07/owl#sameAs,exact_openalex_id,https://openalex.org/A5067264969,https://openalex.org/A5067264969,accepted,2026-10-04T12:06:27.079166+00:00
https://example.org/aimodels/resource/person/A5067303323,https://openalex.org/A5067303323,http://www.w3.org/2002/07/owl#sameAs,exact_openalex_id,https://openalex.org/A5067303323,https://openalex.org/A5067303323,accepted,2026-10-04T12:06:27.079166+00:00
https://example.org/aimodels/resource/person/A5067401687,https://openalex.org/A5067401687,http://www.w3.org/2002/07/owl#sameAs,exact_openalex_id,https://openalex.org/A5067401687,https://openalex.org/A5067401687,accepted,2026-10-04T12:06:27.079166+00:00
https://example.org/aimodels/resource/person/A5067437615,https://openalex.org/A5067437615,http://www.w3.org/2002/07/owl#sameAs,exact_openalex_id,https://openalex.org/A5067437615,https://openalex.org/A5067437615,accepted,2026-10-04T12:06:27.079166+00:00
https://example.org/aimodels/resource/person/A5067758524,https://openalex.org/A5067758524,http://www.w3.org/2002/07/owl#sameAs,exact_openalex_id,https://openalex.org/A5067758524,https://openalex.org/A5067758524,accepted,2026-10-04T12:06:27.079166+00:00
https://example.org/aimodels/resource/person/A5067844767,https://openalex.org/A5067844767,http://www.w3.org/2002/07/owl#sameAs,exact_openalex_id,https://openalex.org/A5067844767,https://openalex.org/A5067844767,accepted,2026-10-04T12:06:27.079166+00:00
https://example.org/aimodels/resource/person/A5067888631,https://openalex.org/A5067888631,http://www.w3.org/2002/07/owl#sameAs,exact_openalex_id,https://openalex.org/A5067888631,https://openalex.org/A5067888631,accepted,2026-10-04T12:06:27.079166+00:00
https://example.org/aimodels/resource/person/A5067919401,https://openalex.org/A5067919401,http://www.w3.org/2002/07/owl#sameAs,exact_openalex_id,https://openalex.org/A5067919401,https://openalex.org/A5067919401,accepted,2026-10-04T12:06:27.079166+00:00
https://example.org/aimodels/resource/person/A5068010225,https://openalex.org/A5068010225,http://www.w3.org/2002/07/owl#sameAs,exact_openalex_id,https://openalex.org/A5068010225,https://openalex.org/A5068010225,accepted,2026-10-04T12:06:27.079166+00:00
https://example.org/aimodels/resource/person/A5068059558,https://openalex.org/A5068059558,http://www.w3.org/2002/07/owl#sameAs,exact_openalex_id,https://openalex.org/A5068059558,https://openalex.org/A5068059558,accepted,2026-10-04T12:06:27.079166+00:00
https://example.org/aimodels/resource/person/A5068151024,https://openalex.org/A5068151024,http://www.w3.org/2002/07/owl#sameAs,exact_openalex_id,https://openalex.org/A5068151024,https://openalex.org/A5068151024,accepted,2026-10-04T12:06:27.079166+00:00
https://example.org/aimodels/resource/person/A5068178240,https://openalex.org/A5068178240,http://www.w3.org/2002/07/owl#sameAs,exact_openalex_id,https://openalex.org/A5068178240,https://openalex.org/A5068178240,accepted,2026-10-04T12:06:27.079166+00:00
https://example.org/aimodels/resource/person/A5068437386,https://openalex.org/A5068437386,http://www.w3.org/2002/07/owl#sameAs,exact_openalex_id,https://openalex.org/A5068437386,https://openalex.org/A5068437386,accepted,2026-10-04T12:06:27.079166+00:00
https://example.org/aimodels/resource/person/A5068480230,https://openalex.org/A5068480230,http://www.w3.org/2002/07/owl#sameAs,exact_openalex_id,https://openalex.org/A5068480230,https://openalex.org/A5068480230,accepted,2026-10-04T12:06:27.079166+00:00
https://example.org/aimodels/resource/person/A5068508539,https://openalex.org/A5068508539,http://www.w3.org/2002/07/owl#sameAs,exact_openalex_id,https://openalex.org/A5068508539,https://openalex.org/A5068508539,accepted,2026-10-04T12:06:27.079166+00:00
https://example.org/aimodels/resource/person/A5068811427,https://openalex.org/A5068811427,http://www.w3.org/2002/07/owl#sameAs,exact_openalex_id,https://openalex.org/A5068811427,https://openalex.org/A5068811427,accepted,2026-10-04T12:06:27.079166+00:00
https://example.org/aimodels/resource/person/A5068839714,https://openalex.org/A5068839714,http://www.w3.org/2002/07/owl#sameAs,exact_openalex_id,https://openalex.org/A5068839714,https://openalex.org/A5068839714,accepted,2026-10-04T12:06:27.079166+00:00
https://example.org/aimodels/resource/person/A5068850854,https://openalex.org/A5068850854,http://www.w3.org/2002/07/owl#sameAs,exact_openalex_id,https://openalex.org/A5068850854,https://openalex.org/A5068850854,accepted,2026-10-04T12:06:27.079166+00:00
https://example.org/aimodels/resource/person/A5068949174,https://openalex.org/A5068949174,http://www.w3.org/2002/07/owl#sameAs,exact_openalex_id,https://openalex.org/A5068949174,https://openalex.org/A5068949174,accepted,2026-10-04T12:06:27.079166+00:00
https://example.org/aimodels/resource/person/A5068955381,https://openalex.org/A5068955381,http://www.w3.org/2002/07/owl#sameAs,exact_openalex_id,https://openalex.org/A5068955381,https://openalex.org/A5068955381,accepted,2026-10-04T12:06:27.079166+00:00
https://example.org/aimodels/resource/person/A5068956151,https://openalex.org/A5068956151,http://www.w3.org/2002/07/owl#sameAs,exact_openalex_id,https://openalex.org/A5068956151,https://openalex.org/A5068956151,accepted,2026-10-04T12:06:27.079166+00:00
https://example.org/aimodels/resource/person/A5069058824,https://openalex.org/A5069058824,http://www.w3.org/2002/07/owl#sameAs,exact_openalex_id,https://openalex.org/A5069058824,https://openalex.org/A5069058824,accepted,2026-10-04T12:06:27.079166+00:00
https://example.org/aimodels/resource/person/A5069076821,https://openalex.org/A5069076821,http://www.w3.org/2002/07/owl#sameAs,exact_openalex_id,https://openalex.org/A5069076821,https://openalex.org/A5069076821,accepted,2026-10-04T12:06:27.079166+00:00
https://example.org/aimodels/resource/person/A5069149197,https://openalex.org/A5069149197,http://www.w3.org/2002/07/owl#sameAs,exact_openalex_id,https://openalex.org/A5069149197,https://openalex.org/A5069149197,accepted,2026-10-04T12:06:27.079166+00:00
https://example.org/aimodels/resource/person/A5069316249,https://openalex.org/A5069316249,http://www.w3.org/2002/07/owl#sameAs,exact_openalex_id,https://openalex.org/A5069316249,https://openalex.org/A5069316249,accepted,2026-10-04T12:06:27.079166+00:00
https://example.org/aimodels/resource/person/A5069328902,https://openalex.org/A5069328902,http://www.w3.org/2002/07/owl#sameAs,exact_openalex_id,https://openalex.org/A5069328902,https://openalex.org/A5069328902,accepted,2026-10-04T12:06:27.079166+00:00
https://example.org/aimodels/resource/person/A5069420168,https://openalex.org/A5069420168,http://www.w3.org/2002/07/owl#sameAs,exact_openalex_id,https://openalex.org/A5069420168,https://openalex.org/A5069420168,accepted,2026-10-04T12:06:27.079166+00:00
https://example.org/aimodels/resource/person/A5069425796,https://openalex.org/A5069425796,http://www.w3.org/2002/07/owl#sameAs,exact_openalex_id,https://openalex.org/A5069425796,https://openalex.org/A5069425796,accepted,2026-10-04T12:06:27.079166+00:00
https://example.org/aimodels/resource/person/A5069544528,https://openalex.org/A5069544528,http://www.w3.org/2002/07/owl#sameAs,exact_openalex_id,https://openalex.org/A5069544528,https://openalex.org/A5069544528,accepted,2026-10-04T12:06:27.079166+00:00
https://example.org/aimodels/resource/person/A5069557194,https://openalex.org/A5069557194,http://www.w3.org/2002/07/owl#sameAs,exact_openalex_id,https://openalex.org/A5069557194,https://openalex.org/A5069557194,accepted,2026-10-04T12:06:27.079166+00:00
https://example.org/aimodels/resource/person/A5069576651,https://openalex.org/A5069576651,http://www.w3.org/2002/07/owl#sameAs,exact_openalex_id,https://openalex.org/A5069576651,https://openalex.org/A5069576651,accepted,2026-10-04T12:06:27.079166+00:00
https://example.org/aimodels/resource/person/A5069649243,https://openalex.org/A5069649243,http://www.w3.org/2002/07/owl#sameAs,exact_openalex_id,https://openalex.org/A5069649243,https://openalex.org/A5069649243,accepted,2026-10-04T12:06:27.079166+00:00
https://example.org/aimodels/resource/person/A5069697936,https://openalex.org/A5069697936,http://www.w3.org/2002/07/owl#sameAs,exact_openalex_id,https://openalex.org/A5069697936,https://openalex.org/A5069697936,accepted,2026-10-04T12:06:27.079166+00:00
https://example.org/aimodels/resource/person/A5069844959,https://openalex.org/A5069844959,http://www.w3.org/2002/07/owl#sameAs,exact_openalex_id,https://openalex.org/A5069844959,https://openalex.org/A5069844959,accepted,2026-10-04T12:06:27.079166+00:00
https://example.org/aimodels/resource/person/A5069870254,https://openalex.org/A5069870254,http://www.w3.org/2002/07/owl#sameAs,exact_openalex_id,https://openalex.org/A5069870254,https://openalex.org/A5069870254,accepted,2026-10-04T12:06:27.079166+00:00
https://example.org/aimodels/resource/person/A5070026510,https://openalex.org/A5070026510,http://www.w3.org/2002/07/owl#sameAs,exact_openalex_id,https://openalex.org/A5070026510,https://openalex.org/A5070026510,accepted,2026-10-04T12:06:27.079166+00:00
https://example.org/aimodels/resource/person/A5070165835,https://openalex.org/A5070165835,http://www.w3.org/2002/07/owl#sameAs,exact_openalex_id,https://openalex.org/A5070165835,https://openalex.org/A5070165835,accepted,2026-10-04T12:06:27.079166+00:00
https://example.org/aimodels/resource/person/A5070207769,https://openalex.org/A5070207769,http://www.w3.org/2002/07/owl#sameAs,exact_openalex_id,https://openalex.org/A5070207769,https://openalex.org/A5070207769,accepted,2026-10-04T12:06:27.079166+00:00
https://example.org/aimodels/resource/person/A5070255304,https://openalex.org/A5070255304,http://www.w3.org/2002/07/owl#sameAs,exact_openalex_id,https://openalex.org/A5070255304,https://openalex.org/A5070255304,accepted,2026-10-04T12:06:27.079166+00:00
https://example.org/aimodels/resource/person/A5070268107,https://openalex.org/A5070268107,http://www.w3.org/2002/07/owl#sameAs,exact_openalex_id,https://openalex.org/A5070268107,https://openalex.org/A5070268107,accepted,2026-10-04T12:06:27.079166+00:00
https://example.org/aimodels/resource/person/A5070366042,https://openalex.org/A5070366042,http://www.w3.org/2002/07/owl#sameAs,exact_openalex_id,https://openalex.org/A5070366042,https://openalex.org/A5070366042,accepted,2026-10-04T12:06:27.079166+00:00
https://example.org/aimodels/resource/person/A5070411028,https://openalex.org/A5070411028,http://www.w3.org/2002/07/owl#sameAs,exact_openalex_id,https://openalex.org/A5070411028,https://openalex.org/A5070411028,accepted,2026-10-04T12:06:27.079166+00:00
https://example.org/aimodels/resource/person/A5070433751,https://openalex.org/A5070433751,http://www.w3.org/2002/07/owl#sameAs,exact_openalex_id,https://openalex.org/A5070433751,https://openalex.org/A5070433751,accepted,2026-10-04T12:06:27.079166+00:00
https://example.org/aimodels/resource/person/A5070475779,https://openalex.org/A5070475779,http://www.w3.org/2002/07/owl#sameAs,exact_openalex_id,https://openalex.org/A5070475779,https://openalex.org/A5070475779,accepted,2026-10-04T12:06:27.079166+00:00
https://example.org/aimodels/resource/person/A5070511738,https://openalex.org/A5070511738,http://www.w3.org/2002/07/owl#sameAs,exact_openalex_id,https://openalex.org/A5070511738,https://openalex.org/A5070511738,accepted,2026-10-04T12:06:27.079166+00:00
https://example.org/aimodels/resource/person/A5070590692,https://openalex.org/A5070590692,http://www.w3.org/2002/07/owl#sameAs,exact_openalex_id,https://openalex.org/A5070590692,https://openalex.org/A5070590692,accepted,2026-10-04T12:06:27.079166+00:00
https://example.org/aimodels/resource/person/A5070591850,https://openalex.org/A5070591850,http://www.w3.org/2002/07/owl#sameAs,exact_openalex_id,https://openalex.org/A5070591850,https://openalex.org/A5070591850,accepted,2026-10-04T12:06:27.079166+00:00
https://example.org/aimodels/resource/person/A5070647299,https://openalex.org/A5070647299,http://www.w3.org/2002/07/owl#sameAs,exact_openalex_id,https://openalex.org/A5070647299,https://openalex.org/A5070647299,accepted,2026-10-04T12:06:27.079166+00:00
https://example.org/aimodels/resource/person/A5070738960,https://openalex.org/A5070738960,http://www.w3.org/2002/07/owl#sameAs,exact_openalex_id,https://openalex.org/A5070738960,https://openalex.org/A5070738960,accepted,2026-10-04T12:06:27.079166+00:00
https://example.org/aimodels/resource/person/A5070767948,https://openalex.org/A5070767948,http://www.w3.org/2002/07/owl#sameAs,exact_openalex_id,https://openalex.org/A5070767948,https://openalex.org/A5070767948,accepted,2026-10-04T12:06:27.079166+00:00
https://example.org/aimodels/resource/person/A5070852339,https://openalex.org/A5070852339,http://www.w3.org/2002/07/owl#sameAs,exact_openalex_id,https://openalex.org/A5070852339,https://openalex.org/A5070852339,accepted,2026-10-04T12:06:27.079166+00:00
https://example.org/aimodels/resource/person/A5070962435,https://openalex.org/A5070962435,http://www.w3.org/2002/07/owl#sameAs,exact_openalex_id,https://openalex.org/A5070962435,https://openalex.org/A5070962435,accepted,2026-10-04T12:06:27.079166+00:00
https://example.org/aimodels/resource/person/A5070966194,https://openalex.org/A5070966194,http://www.w3.org/2002/07/owl#sameAs,exact_openalex_id,https://openalex.org/A5070966194,https://openalex.org/A5070966194,accepted,2026-10-04T12:06:27.079166+00:00
https://example.org/aimodels/resource/person/A5070994105,https://openalex.org/A5070994105,http://www.w3.org/2002/07/owl#sameAs,exact_openalex_id,https://openalex.org/A5070994105,https://openalex.org/A5070994105,accepted,2026-10-04T12:06:27.079166+00:00
https://example.org/aimodels/resource/person/A5071144367,https://openalex.org/A5071144367,http://www.w3.org/2002/07/owl#sameAs,exact_openalex_id,https://openalex.org/A5071144367,https://openalex.org/A5071144367,accepted,2026-10-04T12:06:27.079166+00:00
https://example.org/aimodels/resource/person/A5071371645,https://openalex.org/A5071371645,http://www.w3.org/2002/07/owl#sameAs,exact_openalex_id,https://openalex.org/A5071371645,https://openalex.org/A5071371645,accepted,2026-10-04T12:06:27.079166+00:00
https://example.org/aimodels/resource/person/A5071606441,https://openalex.org/A5071606441,http://www.w3.org/2002/07/owl#sameAs,exact_openalex_id,https://openalex.org/A5071606441,https://openalex.org/A5071606441,accepted,2026-10-04T12:06:27.079166+00:00
https://example.org/aimodels/resource/person/A5071610222,https://openalex.org/A5071610222,http://www.w3.org/2002/07/owl#sameAs,exact_openalex_id,https://openalex.org/A5071610222,https://openalex.org/A5071610222,accepted,2026-10-04T12:06:27.079166+00:00
https://example.org/aimodels/resource/person/A5071710055,https://openalex.org/A5071710055,http://www.w3.org/2002/07/owl#sameAs,exact_openalex_id,https://openalex.org/A5071710055,https://openalex.org/A5071710055,accepted,2026-10-04T12:06:27.079166+00:00
https://example.org/aimodels/resource/person/A5071941381,https://openalex.org/A5071941381,http://www.w3.org/2002/07/owl#sameAs,exact_openalex_id,https://openalex.org/A5071941381,https://openalex.org/A5071941381,accepted,2026-10-04T12:06:27.079166+00:00
https://example.org/aimodels/resource/person/A5072132225,https://openalex.org/A5072132225,http://www.w3.org/2002/07/owl#sameAs,exact_openalex_id,https://openalex.org/A5072132225,https://openalex.org/A5072132225,accepted,2026-10-04T12:06:27.079166+00:00
https://example.org/aimodels/resource/person/A5072177559,https://openalex.org/A5072177559,http://www.w3.org/2002/07/owl#sameAs,exact_openalex_id,https://openalex.org/A5072177559,https://openalex.org/A5072177559,accepted,2026-10-04T12:06:27.079166+00:00
https://example.org/aimodels/resource/person/A5072191151,https://openalex.org/A5072191151,http://www.w3.org/2002/07/owl#sameAs,exact_openalex_id,https://openalex.org/A5072191151,https://openalex.org/A5072191151,accepted,2026-10-04T12:06:27.079166+00:00
https://example.org/aimodels/resource/person/A5072207220,https://openalex.org/A5072207220,http://www.w3.org/2002/07/owl#sameAs,exact_openalex_id,https://openalex.org/A5072207220,https://openalex.org/A5072207220,accepted,2026-10-04T12:06:27.079166+00:00
https://example.org/aimodels/resource/person/A5072322524,https://openalex.org/A5072322524,http://www.w3.org/2002/07/owl#sameAs,exact_openalex_id,https://openalex.org/A5072322524,https://openalex.org/A5072322524,accepted,2026-10-04T12:06:27.079166+00:00
https://example.org/aimodels/resource/person/A5072427753,https://openalex.org/A5072427753,http://www.w3.org/2002/07/owl#sameAs,exact_openalex_id,https://openalex.org/A5072427753,https://openalex.org/A5072427753,accepted,2026-10-04T12:06:27.079166+00:00
https://example.org/aimodels/resource/person/A5072436307,https://openalex.org/A5072436307,http://www.w3.org/2002/07/owl#sameAs,exact_openalex_id,https://openalex.org/A5072436307,https://openalex.org/A5072436307,accepted,2026-10-04T12:06:27.079166+00:00
https://example.org/aimodels/resource/person/A5072470031,https://openalex.org/A5072470031,http://www.w3.org/2002/07/owl#sameAs,exact_openalex_id,https://openalex.org/A5072470031,https://openalex.org/A5072470031,accepted,2026-10-04T12:06:27.079166+00:00
https://example.org/aimodels/resource/person/A5072545690,https://openalex.org/A5072545690,http://www.w3.org/2002/07/owl#sameAs,exact_openalex_id,https://openalex.org/A5072545690,https://openalex.org/A5072545690,accepted,2026-10-04T12:06:27.079166+00:00
https://example.org/aimodels/resource/person/A5072548276,https://openalex.org/A5072548276,http://www.w3.org/2002/07/owl#sameAs,exact_openalex_id,https://openalex.org/A5072548276,https://openalex.org/A5072548276,accepted,2026-10-04T12:06:27.079166+00:00
https://example.org/aimodels/resource/person/A5072837153,https://openalex.org/A5072837153,http://www.w3.org/2002/07/owl#sameAs,exact_openalex_id,https://openalex.org/A5072837153,https://openalex.org/A5072837153,accepted,2026-10-04T12:06:27.079166+00:00
https://example.org/aimodels/resource/person/A5072906919,https://openalex.org/A5072906919,http://www.w3.org/2002/07/owl#sameAs,exact_openalex_id,https://openalex.org/A5072906919,https://openalex.org/A5072906919,accepted,2026-10-04T12:06:27.079166+00:00
https://example.org/aimodels/resource/person/A5073022416,https://openalex.org/A5073022416,http://www.w3.org/2002/07/owl#sameAs,exact_openalex_id,https://openalex.org/A5073022416,https://openalex.org/A5073022416,accepted,2026-10-04T12:06:27.079166+00:00
https://example.org/aimodels/resource/person/A5073058818,https://openalex.org/A5073058818,http://www.w3.org/2002/07/owl#sameAs,exact_openalex_id,https://openalex.org/A5073058818,https://openalex.org/A5073058818,accepted,2026-10-04T12:06:27.079166+00:00
https://example.org/aimodels/resource/person/A5073143385,https://openalex.org/A5073143385,http://www.w3.org/2002/07/owl#sameAs,exact_openalex_id,https://openalex.org/A5073143385,https://openalex.org/A5073143385,accepted,2026-10-04T12:06:27.079166+00:00
https://example.org/aimodels/resource/person/A5073213620,https://openalex.org/A5073213620,http://www.w3.org/2002/07/owl#sameAs,exact_openalex_id,https://openalex.org/A5073213620,https://openalex.org/A5073213620,accepted,2026-10-04T12:06:27.079166+00:00
https://example.org/aimodels/resource/person/A5073311852,https://openalex.org/A5073311852,http://www.w3.org/2002/07/owl#sameAs,exact_openalex_id,https://openalex.org/A5073311852,https://openalex.org/A5073311852,accepted,2026-10-04T12:06:27.079166+00:00
https://example.org/aimodels/resource/person/A5073402985,https://openalex.org/A5073402985,http://www.w3.org/2002/07/owl#sameAs,exact_openalex_id,https://openalex.org/A5073402985,https://openalex.org/A5073402985,accepted,2026-10-04T12:06:27.079166+00:00
https://example.org/aimodels/resource/person/A5073501090,https://openalex.org/A5073501090,http://www.w3.org/2002/07/owl#sameAs,exact_openalex_id,https://openalex.org/A5073501090,https://openalex.org/A5073501090,accepted,2026-10-04T12:06:27.079166+00:00
https://example.org/aimodels/resource/person/A5073571802,https://openalex.org/A5073571802,http://www.w3.org/2002/07/owl#sameAs,exact_openalex_id,https://openalex.org/A5073571802,https://openalex.org/A5073571802,accepted,2026-10-04T12:06:27.079166+00:00
https://example.org/aimodels/resource/person/A5073775343,https://openalex.org/A5073775343,http://www.w3.org/2002/07/owl#sameAs,exact_openalex_id,https://openalex.org/A5073775343,https://openalex.org/A5073775343,accepted,2026-10-04T12:06:27.079166+00:00
https://example.org/aimodels/resource/person/A5073811679,https://openalex.org/A5073811679,http://www.w3.org/2002/07/owl#sameAs,exact_openalex_id,https://openalex.org/A5073811679,https://openalex.org/A5073811679,accepted,2026-10-04T12:06:27.079166+00:00
https://example.org/aimodels/resource/person/A5074001163,https://openalex.org/A5074001163,http://www.w3.org/2002/07/owl#sameAs,exact_openalex_id,https://openalex.org/A5074001163,https://openalex.org/A5074001163,accepted,2026-10-04T12:06:27.079166+00:00
https://example.org/aimodels/resource/person/A5074009646,https://openalex.org/A5074009646,http://www.w3.org/2002/07/owl#sameAs,exact_openalex_id,https://openalex.org/A5074009646,https://openalex.org/A5074009646,accepted,2026-10-04T12:06:27.079166+00:00
https://example.org/aimodels/resource/person/A5074022699,https://openalex.org/A5074022699,http://www.w3.org/2002/07/owl#sameAs,exact_openalex_id,https://openalex.org/A5074022699,https://openalex.org/A5074022699,accepted,2026-10-04T12:06:27.079166+00:00
https://example.org/aimodels/resource/person/A5074059447,https://openalex.org/A5074059447,http://www.w3.org/2002/07/owl#sameAs,exact_openalex_id,https://openalex.org/A5074059447,https://openalex.org/A5074059447,accepted,2026-10-04T12:06:27.079166+00:00
https://example.org/aimodels/resource/person/A5074210381,https://openalex.org/A5074210381,http://www.w3.org/2002/07/owl#sameAs,exact_openalex_id,https://openalex.org/A5074210381,https://openalex.org/A5074210381,accepted,2026-10-04T12:06:27.079166+00:00
https://example.org/aimodels/resource/person/A5074258457,https://openalex.org/A5074258457,http://www.w3.org/2002/07/owl#sameAs,exact_openalex_id,https://openalex.org/A5074258457,https://openalex.org/A5074258457,accepted,2026-10-04T12:06:27.079166+00:00
https://example.org/aimodels/resource/person/A5074277807,https://openalex.org/A5074277807,http://www.w3.org/2002/07/owl#sameAs,exact_openalex_id,https://openalex.org/A5074277807,https://openalex.org/A5074277807,accepted,2026-10-04T12:06:27.079166+00:00
https://example.org/aimodels/resource/person/A5074322007,https://openalex.org/A5074322007,http://www.w3.org/2002/07/owl#sameAs,exact_openalex_id,https://openalex.org/A5074322007,https://openalex.org/A5074322007,accepted,2026-10-04T12:06:27.079166+00:00
https://example.org/aimodels/resource/person/A5074350356,https://openalex.org/A5074350356,http://www.w3.org/2002/07/owl#sameAs,exact_openalex_id,https://openalex.org/A5074350356,https://openalex.org/A5074350356,accepted,2026-10-04T12:06:27.079166+00:00
https://example.org/aimodels/resource/person/A5074442659,https://openalex.org/A5074442659,http://www.w3.org/2002/07/owl#sameAs,exact_openalex_id,https://openalex.org/A5074442659,https://openalex.org/A5074442659,accepted,2026-10-04T12:06:27.079166+00:00
https://example.org/aimodels/resource/person/A5074452768,https://openalex.org/A5074452768,http://www.w3.org/2002/07/owl#sameAs,exact_openalex_id,https://openalex.org/A5074452768,https://openalex.org/A5074452768,accepted,2026-10-04T12:06:27.079166+00:00
https://example.org/aimodels/resource/person/A5074485795,https://openalex.org/A5074485795,http://www.w3.org/2002/07/owl#sameAs,exact_openalex_id,https://openalex.org/A5074485795,https://openalex.org/A5074485795,accepted,2026-10-04T12:06:27.079166+00:00
https://example.org/aimodels/resource/person/A5074504351,https://openalex.org/A5074504351,http://www.w3.org/2002/07/owl#sameAs,exact_openalex_id,https://openalex.org/A5074504351,https://openalex.org/A5074504351,accepted,2026-10-04T12:06:27.079166+00:00
https://example.org/aimodels/resource/person/A5074665620,https://openalex.org/A5074665620,http://www.w3.org/2002/07/owl#sameAs,exact_openalex_id,https://openalex.org/A5074665620,https://openalex.org/A5074665620,accepted,2026-10-04T12:06:27.079166+00:00
https://example.org/aimodels/resource/person/A5074688105,https://openalex.org/A5074688105,http://www.w3.org/2002/07/owl#sameAs,exact_openalex_id,https://openalex.org/A5074688105,https://openalex.org/A5074688105,accepted,2026-10-04T12:06:27.079166+00:00
https://example.org/aimodels/resource/person/A5074759785,https://openalex.org/A5074759785,http://www.w3.org/2002/07/owl#sameAs,exact_openalex_id,https://openalex.org/A5074759785,https://openalex.org/A5074759785,accepted,2026-10-04T12:06:27.079166+00:00
https://example.org/aimodels/resource/person/A5074764224,https://openalex.org/A5074764224,http://www.w3.org/2002/07/owl#sameAs,exact_openalex_id,https://openalex.org/A5074764224,https://openalex.org/A5074764224,accepted,2026-10-04T12:06:27.079166+00:00
https://example.org/aimodels/resource/person/A5074834854,https://openalex.org/A5074834854,http://www.w3.org/2002/07/owl#sameAs,exact_openalex_id,https://openalex.org/A5074834854,https://openalex.org/A5074834854,accepted,2026-10-04T12:06:27.079166+00:00
https://example.org/aimodels/resource/person/A5074848230,https://openalex.org/A5074848230,http://www.w3.org/2002/07/owl#sameAs,exact_openalex_id,https://openalex.org/A5074848230,https://openalex.org/A5074848230,accepted,2026-10-04T12:06:27.079166+00:00
https://example.org/aimodels/resource/person/A5074858555,https://openalex.org/A5074858555,http://www.w3.org/2002/07/owl#sameAs,exact_openalex_id,https://openalex.org/A5074858555,https://openalex.org/A5074858555,accepted,2026-10-04T12:06:27.079166+00:00
https://example.org/aimodels/resource/person/A5074961334,https://openalex.org/A5074961334,http://www.w3.org/2002/07/owl#sameAs,exact_openalex_id,https://openalex.org/A5074961334,https://openalex.org/A5074961334,accepted,2026-10-04T12:06:27.079166+00:00
https://example.org/aimodels/resource/person/A5074969309,https://openalex.org/A5074969309,http://www.w3.org/2002/07/owl#sameAs,exact_openalex_id,https://openalex.org/A5074969309,https://openalex.org/A5074969309,accepted,2026-10-04T12:06:27.079166+00:00
https://example.org/aimodels/resource/person/A5075068668,https://openalex.org/A5075068668,http://www.w3.org/2002/07/owl#sameAs,exact_openalex_id,https://openalex.org/A5075068668,https://openalex.org/A5075068668,accepted,2026-10-04T12:06:27.079166+00:00
https://example.org/aimodels/resource/person/A5075075495,https://openalex.org/A5075075495,http://www.w3.org/2002/07/owl#sameAs,exact_openalex_id,https://openalex.org/A5075075495,https://openalex.org/A5075075495,accepted,2026-10-04T12:06:27.079166+00:00
https://example.org/aimodels/resource/person/A5075129836,https://openalex.org/A5075129836,http://www.w3.org/2002/07/owl#sameAs,exact_openalex_id,https://openalex.org/A5075129836,https://openalex.org/A5075129836,accepted,2026-10-04T12:06:27.079166+00:00
https://example.org/aimodels/resource/person/A5075136074,https://openalex.org/A5075136074,http://www.w3.org/2002/07/owl#sameAs,exact_openalex_id,https://openalex.org/A5075136074,https://openalex.org/A5075136074,accepted,2026-10-04T12:06:27.079166+00:00
https://example.org/aimodels/resource/person/A5075173651,https://openalex.org/A5075173651,http://www.w3.org/2002/07/owl#sameAs,exact_openalex_id,https://openalex.org/A5075173651,https://openalex.org/A5075173651,accepted,2026-10-04T12:06:27.079166+00:00
https://example.org/aimodels/resource/person/A5075261035,https://openalex.org/A5075261035,http://www.w3.org/2002/07/owl#sameAs,exact_openalex_id,https://openalex.org/A5075261035,https://openalex.org/A5075261035,accepted,2026-10-04T12:06:27.079166+00:00
https://example.org/aimodels/resource/person/A5075518871,https://openalex.org/A5075518871,http://www.w3.org/2002/07/owl#sameAs,exact_openalex_id,https://openalex.org/A5075518871,https://openalex.org/A5075518871,accepted,2026-10-04T12:06:27.079166+00:00
https://example.org/aimodels/resource/person/A5075613881,https://openalex.org/A5075613881,http://www.w3.org/2002/07/owl#sameAs,exact_openalex_id,https://openalex.org/A5075613881,https://openalex.org/A5075613881,accepted,2026-10-04T12:06:27.079166+00:00
https://example.org/aimodels/resource/person/A5075639297,https://openalex.org/A5075639297,http://www.w3.org/2002/07/owl#sameAs,exact_openalex_id,https://openalex.org/A5075639297,https://openalex.org/A5075639297,accepted,2026-10-04T12:06:27.079166+00:00
https://example.org/aimodels/resource/person/A5075783850,https://openalex.org/A5075783850,http://www.w3.org/2002/07/owl#sameAs,exact_openalex_id,https://openalex.org/A5075783850,https://openalex.org/A5075783850,accepted,2026-10-04T12:06:27.079166+00:00
https://example.org/aimodels/resource/person/A5075834790,https://openalex.org/A5075834790,http://www.w3.org/2002/07/owl#sameAs,exact_openalex_id,https://openalex.org/A5075834790,https://openalex.org/A5075834790,accepted,2026-10-04T12:06:27.079166+00:00
https://example.org/aimodels/resource/person/A5075858724,https://openalex.org/A5075858724,http://www.w3.org/2002/07/owl#sameAs,exact_openalex_id,https://openalex.org/A5075858724,https://openalex.org/A5075858724,accepted,2026-10-04T12:06:27.079166+00:00
https://example.org/aimodels/resource/person/A5075888304,https://openalex.org/A5075888304,http://www.w3.org/2002/07/owl#sameAs,exact_openalex_id,https://openalex.org/A5075888304,https://openalex.org/A5075888304,accepted,2026-10-04T12:06:27.079166+00:00
https://example.org/aimodels/resource/person/A5076120553,https://openalex.org/A5076120553,http://www.w3.org/2002/07/owl#sameAs,exact_openalex_id,https://openalex.org/A5076120553,https://openalex.org/A5076120553,accepted,2026-10-04T12:06:27.079166+00:00
https://example.org/aimodels/resource/person/A5076161313,https://openalex.org/A5076161313,http://www.w3.org/2002/07/owl#sameAs,exact_openalex_id,https://openalex.org/A5076161313,https://openalex.org/A5076161313,accepted,2026-10-04T12:06:27.079166+00:00
https://example.org/aimodels/resource/person/A5076163068,https://openalex.org/A5076163068,http://www.w3.org/2002/07/owl#sameAs,exact_openalex_id,https://openalex.org/A5076163068,https://openalex.org/A5076163068,accepted,2026-10-04T12:06:27.079166+00:00
https://example.org/aimodels/resource/person/A5076189854,https://openalex.org/A5076189854,http://www.w3.org/2002/07/owl#sameAs,exact_openalex_id,https://openalex.org/A5076189854,https://openalex.org/A5076189854,accepted,2026-10-04T12:06:27.079166+00:00
https://example.org/aimodels/resource/person/A5076240321,https://openalex.org/A5076240321,http://www.w3.org/2002/07/owl#sameAs,exact_openalex_id,https://openalex.org/A5076240321,https://openalex.org/A5076240321,accepted,2026-10-04T12:06:27.079166+00:00
https://example.org/aimodels/resource/person/A5076248555,https://openalex.org/A5076248555,http://www.w3.org/2002/07/owl#sameAs,exact_openalex_id,https://openalex.org/A5076248555,https://openalex.org/A5076248555,accepted,2026-10-04T12:06:27.079166+00:00
https://example.org/aimodels/resource/person/A5076248976,https://openalex.org/A5076248976,http://www.w3.org/2002/07/owl#sameAs,exact_openalex_id,https://openalex.org/A5076248976,https://openalex.org/A5076248976,accepted,2026-10-04T12:06:27.079166+00:00
https://example.org/aimodels/resource/person/A5076269589,https://openalex.org/A5076269589,http://www.w3.org/2002/07/owl#sameAs,exact_openalex_id,https://openalex.org/A5076269589,https://openalex.org/A5076269589,accepted,2026-10-04T12:06:27.079166+00:00
https://example.org/aimodels/resource/person/A5076280995,https://openalex.org/A5076280995,http://www.w3.org/2002/07/owl#sameAs,exact_openalex_id,https://openalex.org/A5076280995,https://openalex.org/A5076280995,accepted,2026-10-04T12:06:27.079166+00:00
https://example.org/aimodels/resource/person/A5076310142,https://openalex.org/A5076310142,http://www.w3.org/2002/07/owl#sameAs,exact_openalex_id,https://openalex.org/A5076310142,https://openalex.org/A5076310142,accepted,2026-10-04T12:06:27.079166+00:00
https://example.org/aimodels/resource/person/A5076407338,https://openalex.org/A5076407338,http://www.w3.org/2002/07/owl#sameAs,exact_openalex_id,https://openalex.org/A5076407338,https://openalex.org/A5076407338,accepted,2026-10-04T12:06:27.079166+00:00
https://example.org/aimodels/resource/person/A5076412680,https://openalex.org/A5076412680,http://www.w3.org/2002/07/owl#sameAs,exact_openalex_id,https://openalex.org/A5076412680,https://openalex.org/A5076412680,accepted,2026-10-04T12:06:27.079166+00:00
https://example.org/aimodels/resource/person/A5076418776,https://openalex.org/A5076418776,http://www.w3.org/2002/07/owl#sameAs,exact_openalex_id,https://openalex.org/A5076418776,https://openalex.org/A5076418776,accepted,2026-10-04T12:06:27.079166+00:00
https://example.org/aimodels/resource/person/A5076474156,https://openalex.org/A5076474156,http://www.w3.org/2002/07/owl#sameAs,exact_openalex_id,https://openalex.org/A5076474156,https://openalex.org/A5076474156,accepted,2026-10-04T12:06:27.079166+00:00
https://example.org/aimodels/resource/person/A5076546237,https://openalex.org/A5076546237,http://www.w3.org/2002/07/owl#sameAs,exact_openalex_id,https://openalex.org/A5076546237,https://openalex.org/A5076546237,accepted,2026-10-04T12:06:27.079166+00:00
https://example.org/aimodels/resource/person/A5076610873,https://openalex.org/A5076610873,http://www.w3.org/2002/07/owl#sameAs,exact_openalex_id,https://openalex.org/A5076610873,https://openalex.org/A5076610873,accepted,2026-10-04T12:06:27.079166+00:00
https://example.org/aimodels/resource/person/A5076635608,https://openalex.org/A5076635608,http://www.w3.org/2002/07/owl#sameAs,exact_openalex_id,https://openalex.org/A5076635608,https://openalex.org/A5076635608,accepted,2026-10-04T12:06:27.079166+00:00
https://example.org/aimodels/resource/person/A5076651586,https://openalex.org/A5076651586,http://www.w3.org/2002/07/owl#sameAs,exact_openalex_id,https://openalex.org/A5076651586,https://openalex.org/A5076651586,accepted,2026-10-04T12:06:27.079166+00:00
https://example.org/aimodels/resource/person/A5076733732,https://openalex.org/A5076733732,http://www.w3.org/2002/07/owl#sameAs,exact_openalex_id,https://openalex.org/A5076733732,https://openalex.org/A5076733732,accepted,2026-10-04T12:06:27.079166+00:00
https://example.org/aimodels/resource/person/A5076738898,https://openalex.org/A5076738898,http://www.w3.org/2002/07/owl#sameAs,exact_openalex_id,https://openalex.org/A5076738898,https://openalex.org/A5076738898,accepted,2026-10-04T12:06:27.079166+00:00
https://example.org/aimodels/resource/person/A5076818276,https://openalex.org/A5076818276,http://www.w3.org/2002/07/owl#sameAs,exact_openalex_id,https://openalex.org/A5076818276,https://openalex.org/A5076818276,accepted,2026-10-04T12:06:27.079166+00:00
https://example.org/aimodels/resource/person/A5076826749,https://openalex.org/A5076826749,http://www.w3.org/2002/07/owl#sameAs,exact_openalex_id,https://openalex.org/A5076826749,https://openalex.org/A5076826749,accepted,2026-10-04T12:06:27.079166+00:00
https://example.org/aimodels/resource/person/A5076828114,https://openalex.org/A5076828114,http://www.w3.org/2002/07/owl#sameAs,exact_openalex_id,https://openalex.org/A5076828114,https://openalex.org/A5076828114,accepted,2026-10-04T12:06:27.079166+00:00
https://example.org/aimodels/resource/person/A5076843841,https://openalex.org/A5076843841,http://www.w3.org/2002/07/owl#sameAs,exact_openalex_id,https://openalex.org/A5076843841,https://openalex.org/A5076843841,accepted,2026-10-04T12:06:27.079166+00:00
https://example.org/aimodels/resource/person/A5076879151,https://openalex.org/A5076879151,http://www.w3.org/2002/07/owl#sameAs,exact_openalex_id,https://openalex.org/A5076879151,https://openalex.org/A5076879151,accepted,2026-10-04T12:06:27.079166+00:00
https://example.org/aimodels/resource/person/A5077034022,https://openalex.org/A5077034022,http://www.w3.org/2002/07/owl#sameAs,exact_openalex_id,https://openalex.org/A5077034022,https://openalex.org/A5077034022,accepted,2026-10-04T12:06:27.079166+00:00
https://example.org/aimodels/resource/person/A5077057828,https://openalex.org/A5077057828,http://www.w3.org/2002/07/owl#sameAs,exact_openalex_id,https://openalex.org/A5077057828,https://openalex.org/A5077057828,accepted,2026-10-04T12:06:27.079166+00:00
https://example.org/aimodels/resource/person/A5077079119,https://openalex.org/A5077079119,http://www.w3.org/2002/07/owl#sameAs,exact_openalex_id,https://openalex.org/A5077079119,https://openalex.org/A5077079119,accepted,2026-10-04T12:06:27.079166+00:00
https://example.org/aimodels/resource/person/A5077166728,https://openalex.org/A5077166728,http://www.w3.org/2002/07/owl#sameAs,exact_openalex_id,https://openalex.org/A5077166728,https://openalex.org/A5077166728,accepted,2026-10-04T12:06:27.079166+00:00
https://example.org/aimodels/resource/person/A5077190748,https://openalex.org/A5077190748,http://www.w3.org/2002/07/owl#sameAs,exact_openalex_id,https://openalex.org/A5077190748,https://openalex.org/A5077190748,accepted,2026-10-04T12:06:27.079166+00:00
https://example.org/aimodels/resource/person/A5077202069,https://openalex.org/A5077202069,http://www.w3.org/2002/07/owl#sameAs,exact_openalex_id,https://openalex.org/A5077202069,https://openalex.org/A5077202069,accepted,2026-10-04T12:06:27.079166+00:00
https://example.org/aimodels/resource/person/A5077242061,https://openalex.org/A5077242061,http://www.w3.org/2002/07/owl#sameAs,exact_openalex_id,https://openalex.org/A5077242061,https://openalex.org/A5077242061,accepted,2026-10-04T12:06:27.079166+00:00
https://example.org/aimodels/resource/person/A5077302579,https://openalex.org/A5077302579,http://www.w3.org/2002/07/owl#sameAs,exact_openalex_id,https://openalex.org/A5077302579,https://openalex.org/A5077302579,accepted,2026-10-04T12:06:27.079166+00:00
https://example.org/aimodels/resource/person/A5077537139,https://openalex.org/A5077537139,http://www.w3.org/2002/07/owl#sameAs,exact_openalex_id,https://openalex.org/A5077537139,https://openalex.org/A5077537139,accepted,2026-10-04T12:06:27.079166+00:00
https://example.org/aimodels/resource/person/A5077569089,https://openalex.org/A5077569089,http://www.w3.org/2002/07/owl#sameAs,exact_openalex_id,https://openalex.org/A5077569089,https://openalex.org/A5077569089,accepted,2026-10-04T12:06:27.079166+00:00
https://example.org/aimodels/resource/person/A5077628496,https://openalex.org/A5077628496,http://www.w3.org/2002/07/owl#sameAs,exact_openalex_id,https://openalex.org/A5077628496,https://openalex.org/A5077628496,accepted,2026-10-04T12:06:27.079166+00:00
https://example.org/aimodels/resource/person/A5077663332,https://openalex.org/A5077663332,http://www.w3.org/2002/07/owl#sameAs,exact_openalex_id,https://openalex.org/A5077663332,https://openalex.org/A5077663332,accepted,2026-10-04T12:06:27.079166+00:00
https://example.org/aimodels/resource/person/A5077726785,https://openalex.org/A5077726785,http://www.w3.org/2002/07/owl#sameAs,exact_openalex_id,https://openalex.org/A5077726785,https://openalex.org/A5077726785,accepted,2026-10-04T12:06:27.079166+00:00
https://example.org/aimodels/resource/person/A5077791956,https://openalex.org/A5077791956,http://www.w3.org/2002/07/owl#sameAs,exact_openalex_id,https://openalex.org/A5077791956,https://openalex.org/A5077791956,accepted,2026-10-04T12:06:27.079166+00:00
https://example.org/aimodels/resource/person/A5077813772,https://openalex.org/A5077813772,http://www.w3.org/2002/07/owl#sameAs,exact_openalex_id,https://openalex.org/A5077813772,https://openalex.org/A5077813772,accepted,2026-10-04T12:06:27.079166+00:00
https://example.org/aimodels/resource/person/A5077815035,https://openalex.org/A5077815035,http://www.w3.org/2002/07/owl#sameAs,exact_openalex_id,https://openalex.org/A5077815035,https://openalex.org/A5077815035,accepted,2026-10-04T12:06:27.079166+00:00
https://example.org/aimodels/resource/person/A5077819827,https://openalex.org/A5077819827,http://www.w3.org/2002/07/owl#sameAs,exact_openalex_id,https://openalex.org/A5077819827,https://openalex.org/A5077819827,accepted,2026-10-04T12:06:27.079166+00:00
https://example.org/aimodels/resource/person/A5077880708,https://openalex.org/A5077880708,http://www.w3.org/2002/07/owl#sameAs,exact_openalex_id,https://openalex.org/A5077880708,https://openalex.org/A5077880708,accepted,2026-10-04T12:06:27.079166+00:00
https://example.org/aimodels/resource/person/A5078148173,https://openalex.org/A5078148173,http://www.w3.org/2002/07/owl#sameAs,exact_openalex_id,https://openalex.org/A5078148173,https://openalex.org/A5078148173,accepted,2026-10-04T12:06:27.079166+00:00
https://example.org/aimodels/resource/person/A5078178614,https://openalex.org/A5078178614,http://www.w3.org/2002/07/owl#sameAs,exact_openalex_id,https://openalex.org/A5078178614,https://openalex.org/A5078178614,accepted,2026-10-04T12:06:27.079166+00:00
https://example.org/aimodels/resource/person/A5078446912,https://openalex.org/A5078446912,http://www.w3.org/2002/07/owl#sameAs,exact_openalex_id,https://openalex.org/A5078446912,https://openalex.org/A5078446912,accepted,2026-10-04T12:06:27.079166+00:00
https://example.org/aimodels/resource/person/A5078511139,https://openalex.org/A5078511139,http://www.w3.org/2002/07/owl#sameAs,exact_openalex_id,https://openalex.org/A5078511139,https://openalex.org/A5078511139,accepted,2026-10-04T12:06:27.079166+00:00
https://example.org/aimodels/resource/person/A5078519761,https://openalex.org/A5078519761,http://www.w3.org/2002/07/owl#sameAs,exact_openalex_id,https://openalex.org/A5078519761,https://openalex.org/A5078519761,accepted,2026-10-04T12:06:27.079166+00:00
https://example.org/aimodels/resource/person/A5078560039,https://openalex.org/A5078560039,http://www.w3.org/2002/07/owl#sameAs,exact_openalex_id,https://openalex.org/A5078560039,https://openalex.org/A5078560039,accepted,2026-10-04T12:06:27.079166+00:00
https://example.org/aimodels/resource/person/A5078666530,https://openalex.org/A5078666530,http://www.w3.org/2002/07/owl#sameAs,exact_openalex_id,https://openalex.org/A5078666530,https://openalex.org/A5078666530,accepted,2026-10-04T12:06:27.079166+00:00
https://example.org/aimodels/resource/person/A5078784976,https://openalex.org/A5078784976,http://www.w3.org/2002/07/owl#sameAs,exact_openalex_id,https://openalex.org/A5078784976,https://openalex.org/A5078784976,accepted,2026-10-04T12:06:27.079166+00:00
https://example.org/aimodels/resource/person/A5078810229,https://openalex.org/A5078810229,http://www.w3.org/2002/07/owl#sameAs,exact_openalex_id,https://openalex.org/A5078810229,https://openalex.org/A5078810229,accepted,2026-10-04T12:06:27.079166+00:00
https://example.org/aimodels/resource/person/A5078833726,https://openalex.org/A5078833726,http://www.w3.org/2002/07/owl#sameAs,exact_openalex_id,https://openalex.org/A5078833726,https://openalex.org/A5078833726,accepted,2026-10-04T12:06:27.079166+00:00
https://example.org/aimodels/resource/person/A5078892242,https://openalex.org/A5078892242,http://www.w3.org/2002/07/owl#sameAs,exact_openalex_id,https://openalex.org/A5078892242,https://openalex.org/A5078892242,accepted,2026-10-04T12:06:27.079166+00:00
https://example.org/aimodels/resource/person/A5078967629,https://openalex.org/A5078967629,http://www.w3.org/2002/07/owl#sameAs,exact_openalex_id,https://openalex.org/A5078967629,https://openalex.org/A5078967629,accepted,2026-10-04T12:06:27.079166+00:00
https://example.org/aimodels/resource/person/A5079005032,https://openalex.org/A5079005032,http://www.w3.org/2002/07/owl#sameAs,exact_openalex_id,https://openalex.org/A5079005032,https://openalex.org/A5079005032,accepted,2026-10-04T12:06:27.079166+00:00
https://example.org/aimodels/resource/person/A5079185258,https://openalex.org/A5079185258,http://www.w3.org/2002/07/owl#sameAs,exact_openalex_id,https://openalex.org/A5079185258,https://openalex.org/A5079185258,accepted,2026-10-04T12:06:27.079166+00:00
https://example.org/aimodels/resource/person/A5079244248,https://openalex.org/A5079244248,http://www.w3.org/2002/07/owl#sameAs,exact_openalex_id,https://openalex.org/A5079244248,https://openalex.org/A5079244248,accepted,2026-10-04T12:06:27.079166+00:00
https://example.org/aimodels/resource/person/A5079470006,https://openalex.org/A5079470006,http://www.w3.org/2002/07/owl#sameAs,exact_openalex_id,https://openalex.org/A5079470006,https://openalex.org/A5079470006,accepted,2026-10-04T12:06:27.079166+00:00
https://example.org/aimodels/resource/person/A5079514101,https://openalex.org/A5079514101,http://www.w3.org/2002/07/owl#sameAs,exact_openalex_id,https://openalex.org/A5079514101,https://openalex.org/A5079514101,accepted,2026-10-04T12:06:27.079166+00:00
https://example.org/aimodels/resource/person/A5079539370,https://openalex.org/A5079539370,http://www.w3.org/2002/07/owl#sameAs,exact_openalex_id,https://openalex.org/A5079539370,https://openalex.org/A5079539370,accepted,2026-10-04T12:06:27.079166+00:00
https://example.org/aimodels/resource/person/A5079540764,https://openalex.org/A5079540764,http://www.w3.org/2002/07/owl#sameAs,exact_openalex_id,https://openalex.org/A5079540764,https://openalex.org/A5079540764,accepted,2026-10-04T12:06:27.079166+00:00
https://example.org/aimodels/resource/person/A5079611849,https://openalex.org/A5079611849,http://www.w3.org/2002/07/owl#sameAs,exact_openalex_id,https://openalex.org/A5079611849,https://openalex.org/A5079611849,accepted,2026-10-04T12:06:27.079166+00:00
https://example.org/aimodels/resource/person/A5079652585,https://openalex.org/A5079652585,http://www.w3.org/2002/07/owl#sameAs,exact_openalex_id,https://openalex.org/A5079652585,https://openalex.org/A5079652585,accepted,2026-10-04T12:06:27.079166+00:00
https://example.org/aimodels/resource/person/A5079666746,https://openalex.org/A5079666746,http://www.w3.org/2002/07/owl#sameAs,exact_openalex_id,https://openalex.org/A5079666746,https://openalex.org/A5079666746,accepted,2026-10-04T12:06:27.079166+00:00
https://example.org/aimodels/resource/person/A5079837530,https://openalex.org/A5079837530,http://www.w3.org/2002/07/owl#sameAs,exact_openalex_id,https://openalex.org/A5079837530,https://openalex.org/A5079837530,accepted,2026-10-04T12:06:27.079166+00:00
https://example.org/aimodels/resource/person/A5079904764,https://openalex.org/A5079904764,http://www.w3.org/2002/07/owl#sameAs,exact_openalex_id,https://openalex.org/A5079904764,https://openalex.org/A5079904764,accepted,2026-10-04T12:06:27.079166+00:00
https://example.org/aimodels/resource/person/A5080012348,https://openalex.org/A5080012348,http://www.w3.org/2002/07/owl#sameAs,exact_openalex_id,https://openalex.org/A5080012348,https://openalex.org/A5080012348,accepted,2026-10-04T12:06:27.079166+00:00
https://example.org/aimodels/resource/person/A5080017460,https://openalex.org/A5080017460,http://www.w3.org/2002/07/owl#sameAs,exact_openalex_id,https://openalex.org/A5080017460,https://openalex.org/A5080017460,accepted,2026-10-04T12:06:27.079166+00:00
https://example.org/aimodels/resource/person/A5080050834,https://openalex.org/A5080050834,http://www.w3.org/2002/07/owl#sameAs,exact_openalex_id,https://openalex.org/A5080050834,https://openalex.org/A5080050834,accepted,2026-10-04T12:06:27.079166+00:00
https://example.org/aimodels/resource/person/A5080095155,https://openalex.org/A5080095155,http://www.w3.org/2002/07/owl#sameAs,exact_openalex_id,https://openalex.org/A5080095155,https://openalex.org/A5080095155,accepted,2026-10-04T12:06:27.079166+00:00
https://example.org/aimodels/resource/person/A5080097591,https://openalex.org/A5080097591,http://www.w3.org/2002/07/owl#sameAs,exact_openalex_id,https://openalex.org/A5080097591,https://openalex.org/A5080097591,accepted,2026-10-04T12:06:27.079166+00:00
https://example.org/aimodels/resource/person/A5080160770,https://openalex.org/A5080160770,http://www.w3.org/2002/07/owl#sameAs,exact_openalex_id,https://openalex.org/A5080160770,https://openalex.org/A5080160770,accepted,2026-10-04T12:06:27.079166+00:00
https://example.org/aimodels/resource/person/A5080211309,https://openalex.org/A5080211309,http://www.w3.org/2002/07/owl#sameAs,exact_openalex_id,https://openalex.org/A5080211309,https://openalex.org/A5080211309,accepted,2026-10-04T12:06:27.079166+00:00
https://example.org/aimodels/resource/person/A5080313896,https://openalex.org/A5080313896,http://www.w3.org/2002/07/owl#sameAs,exact_openalex_id,https://openalex.org/A5080313896,https://openalex.org/A5080313896,accepted,2026-10-04T12:06:27.079166+00:00
https://example.org/aimodels/resource/person/A5080552239,https://openalex.org/A5080552239,http://www.w3.org/2002/07/owl#sameAs,exact_openalex_id,https://openalex.org/A5080552239,https://openalex.org/A5080552239,accepted,2026-10-04T12:06:27.079166+00:00
https://example.org/aimodels/resource/person/A5080588688,https://openalex.org/A5080588688,http://www.w3.org/2002/07/owl#sameAs,exact_openalex_id,https://openalex.org/A5080588688,https://openalex.org/A5080588688,accepted,2026-10-04T12:06:27.079166+00:00
https://example.org/aimodels/resource/person/A5080647450,https://openalex.org/A5080647450,http://www.w3.org/2002/07/owl#sameAs,exact_openalex_id,https://openalex.org/A5080647450,https://openalex.org/A5080647450,accepted,2026-10-04T12:06:27.079166+00:00
https://example.org/aimodels/resource/person/A5080725225,https://openalex.org/A5080725225,http://www.w3.org/2002/07/owl#sameAs,exact_openalex_id,https://openalex.org/A5080725225,https://openalex.org/A5080725225,accepted,2026-10-04T12:06:27.079166+00:00
https://example.org/aimodels/resource/person/A5080738591,https://openalex.org/A5080738591,http://www.w3.org/2002/07/owl#sameAs,exact_openalex_id,https://openalex.org/A5080738591,https://openalex.org/A5080738591,accepted,2026-10-04T12:06:27.079166+00:00
https://example.org/aimodels/resource/person/A5080778601,https://openalex.org/A5080778601,http://www.w3.org/2002/07/owl#sameAs,exact_openalex_id,https://openalex.org/A5080778601,https://openalex.org/A5080778601,accepted,2026-10-04T12:06:27.079166+00:00
https://example.org/aimodels/resource/person/A5080857815,https://openalex.org/A5080857815,http://www.w3.org/2002/07/owl#sameAs,exact_openalex_id,https://openalex.org/A5080857815,https://openalex.org/A5080857815,accepted,2026-10-04T12:06:27.079166+00:00
https://example.org/aimodels/resource/person/A5080901995,https://openalex.org/A5080901995,http://www.w3.org/2002/07/owl#sameAs,exact_openalex_id,https://openalex.org/A5080901995,https://openalex.org/A5080901995,accepted,2026-10-04T12:06:27.079166+00:00
https://example.org/aimodels/resource/person/A5080941449,https://openalex.org/A5080941449,http://www.w3.org/2002/07/owl#sameAs,exact_openalex_id,https://openalex.org/A5080941449,https://openalex.org/A5080941449,accepted,2026-10-04T12:06:27.079166+00:00
https://example.org/aimodels/resource/person/A5081006489,https://openalex.org/A5081006489,http://www.w3.org/2002/07/owl#sameAs,exact_openalex_id,https://openalex.org/A5081006489,https://openalex.org/A5081006489,accepted,2026-10-04T12:06:27.079166+00:00
https://example.org/aimodels/resource/person/A5081011219,https://openalex.org/A5081011219,http://www.w3.org/2002/07/owl#sameAs,exact_openalex_id,https://openalex.org/A5081011219,https://openalex.org/A5081011219,accepted,2026-10-04T12:06:27.079166+00:00
https://example.org/aimodels/resource/person/A5081028846,https://openalex.org/A5081028846,http://www.w3.org/2002/07/owl#sameAs,exact_openalex_id,https://openalex.org/A5081028846,https://openalex.org/A5081028846,accepted,2026-10-04T12:06:27.079166+00:00
https://example.org/aimodels/resource/person/A5081036622,https://openalex.org/A5081036622,http://www.w3.org/2002/07/owl#sameAs,exact_openalex_id,https://openalex.org/A5081036622,https://openalex.org/A5081036622,accepted,2026-10-04T12:06:27.079166+00:00
https://example.org/aimodels/resource/person/A5081114983,https://openalex.org/A5081114983,http://www.w3.org/2002/07/owl#sameAs,exact_openalex_id,https://openalex.org/A5081114983,https://openalex.org/A5081114983,accepted,2026-10-04T12:06:27.079166+00:00
https://example.org/aimodels/resource/person/A5081157085,https://openalex.org/A5081157085,http://www.w3.org/2002/07/owl#sameAs,exact_openalex_id,https://openalex.org/A5081157085,https://openalex.org/A5081157085,accepted,2026-10-04T12:06:27.079166+00:00
https://example.org/aimodels/resource/person/A5081246075,https://openalex.org/A5081246075,http://www.w3.org/2002/07/owl#sameAs,exact_openalex_id,https://openalex.org/A5081246075,https://openalex.org/A5081246075,accepted,2026-10-04T12:06:27.079166+00:00
https://example.org/aimodels/resource/person/A5081413425,https://openalex.org/A5081413425,http://www.w3.org/2002/07/owl#sameAs,exact_openalex_id,https://openalex.org/A5081413425,https://openalex.org/A5081413425,accepted,2026-10-04T12:06:27.079166+00:00
https://example.org/aimodels/resource/person/A5081442873,https://openalex.org/A5081442873,http://www.w3.org/2002/07/owl#sameAs,exact_openalex_id,https://openalex.org/A5081442873,https://openalex.org/A5081442873,accepted,2026-10-04T12:06:27.079166+00:00
https://example.org/aimodels/resource/person/A5081511803,https://openalex.org/A5081511803,http://www.w3.org/2002/07/owl#sameAs,exact_openalex_id,https://openalex.org/A5081511803,https://openalex.org/A5081511803,accepted,2026-10-04T12:06:27.079166+00:00
https://example.org/aimodels/resource/person/A5081550394,https://openalex.org/A5081550394,http://www.w3.org/2002/07/owl#sameAs,exact_openalex_id,https://openalex.org/A5081550394,https://openalex.org/A5081550394,accepted,2026-10-04T12:06:27.079166+00:00
https://example.org/aimodels/resource/person/A5081558429,https://openalex.org/A5081558429,http://www.w3.org/2002/07/owl#sameAs,exact_openalex_id,https://openalex.org/A5081558429,https://openalex.org/A5081558429,accepted,2026-10-04T12:06:27.079166+00:00
https://example.org/aimodels/resource/person/A5081567725,https://openalex.org/A5081567725,http://www.w3.org/2002/07/owl#sameAs,exact_openalex_id,https://openalex.org/A5081567725,https://openalex.org/A5081567725,accepted,2026-10-04T12:06:27.079166+00:00
https://example.org/aimodels/resource/person/A5081667345,https://openalex.org/A5081667345,http://www.w3.org/2002/07/owl#sameAs,exact_openalex_id,https://openalex.org/A5081667345,https://openalex.org/A5081667345,accepted,2026-10-04T12:06:27.079166+00:00
https://example.org/aimodels/resource/person/A5081787254,https://openalex.org/A5081787254,http://www.w3.org/2002/07/owl#sameAs,exact_openalex_id,https://openalex.org/A5081787254,https://openalex.org/A5081787254,accepted,2026-10-04T12:06:27.079166+00:00
https://example.org/aimodels/resource/person/A5081831578,https://openalex.org/A5081831578,http://www.w3.org/2002/07/owl#sameAs,exact_openalex_id,https://openalex.org/A5081831578,https://openalex.org/A5081831578,accepted,2026-10-04T12:06:27.079166+00:00
https://example.org/aimodels/resource/person/A5081987422,https://openalex.org/A5081987422,http://www.w3.org/2002/07/owl#sameAs,exact_openalex_id,https://openalex.org/A5081987422,https://openalex.org/A5081987422,accepted,2026-10-04T12:06:27.079166+00:00
https://example.org/aimodels/resource/person/A5082096652,https://openalex.org/A5082096652,http://www.w3.org/2002/07/owl#sameAs,exact_openalex_id,https://openalex.org/A5082096652,https://openalex.org/A5082096652,accepted,2026-10-04T12:06:27.079166+00:00
https://example.org/aimodels/resource/person/A5082206666,https://openalex.org/A5082206666,http://www.w3.org/2002/07/owl#sameAs,exact_openalex_id,https://openalex.org/A5082206666,https://openalex.org/A5082206666,accepted,2026-10-04T12:06:27.079166+00:00
https://example.org/aimodels/resource/person/A5082224513,https://openalex.org/A5082224513,http://www.w3.org/2002/07/owl#sameAs,exact_openalex_id,https://openalex.org/A5082224513,https://openalex.org/A5082224513,accepted,2026-10-04T12:06:27.079166+00:00
https://example.org/aimodels/resource/person/A5082252423,https://openalex.org/A5082252423,http://www.w3.org/2002/07/owl#sameAs,exact_openalex_id,https://openalex.org/A5082252423,https://openalex.org/A5082252423,accepted,2026-10-04T12:06:27.079166+00:00
https://example.org/aimodels/resource/person/A5082290231,https://openalex.org/A5082290231,http://www.w3.org/2002/07/owl#sameAs,exact_openalex_id,https://openalex.org/A5082290231,https://openalex.org/A5082290231,accepted,2026-10-04T12:06:27.079166+00:00
https://example.org/aimodels/resource/person/A5082305994,https://openalex.org/A5082305994,http://www.w3.org/2002/07/owl#sameAs,exact_openalex_id,https://openalex.org/A5082305994,https://openalex.org/A5082305994,accepted,2026-10-04T12:06:27.079166+00:00
https://example.org/aimodels/resource/person/A5082308834,https://openalex.org/A5082308834,http://www.w3.org/2002/07/owl#sameAs,exact_openalex_id,https://openalex.org/A5082308834,https://openalex.org/A5082308834,accepted,2026-10-04T12:06:27.079166+00:00
https://example.org/aimodels/resource/person/A5082512329,https://openalex.org/A5082512329,http://www.w3.org/2002/07/owl#sameAs,exact_openalex_id,https://openalex.org/A5082512329,https://openalex.org/A5082512329,accepted,2026-10-04T12:06:27.079166+00:00
https://example.org/aimodels/resource/person/A5082534819,https://openalex.org/A5082534819,http://www.w3.org/2002/07/owl#sameAs,exact_openalex_id,https://openalex.org/A5082534819,https://openalex.org/A5082534819,accepted,2026-10-04T12:06:27.079166+00:00
https://example.org/aimodels/resource/person/A5082548649,https://openalex.org/A5082548649,http://www.w3.org/2002/07/owl#sameAs,exact_openalex_id,https://openalex.org/A5082548649,https://openalex.org/A5082548649,accepted,2026-10-04T12:06:27.079166+00:00
https://example.org/aimodels/resource/person/A5082569485,https://openalex.org/A5082569485,http://www.w3.org/2002/07/owl#sameAs,exact_openalex_id,https://openalex.org/A5082569485,https://openalex.org/A5082569485,accepted,2026-10-04T12:06:27.079166+00:00
https://example.org/aimodels/resource/person/A5082616743,https://openalex.org/A5082616743,http://www.w3.org/2002/07/owl#sameAs,exact_openalex_id,https://openalex.org/A5082616743,https://openalex.org/A5082616743,accepted,2026-10-04T12:06:27.079166+00:00
https://example.org/aimodels/resource/person/A5082626235,https://openalex.org/A5082626235,http://www.w3.org/2002/07/owl#sameAs,exact_openalex_id,https://openalex.org/A5082626235,https://openalex.org/A5082626235,accepted,2026-10-04T12:06:27.079166+00:00
https://example.org/aimodels/resource/person/A5082654541,https://openalex.org/A5082654541,http://www.w3.org/2002/07/owl#sameAs,exact_openalex_id,https://openalex.org/A5082654541,https://openalex.org/A5082654541,accepted,2026-10-04T12:06:27.079166+00:00
https://example.org/aimodels/resource/person/A5082867662,https://openalex.org/A5082867662,http://www.w3.org/2002/07/owl#sameAs,exact_openalex_id,https://openalex.org/A5082867662,https://openalex.org/A5082867662,accepted,2026-10-04T12:06:27.079166+00:00
https://example.org/aimodels/resource/person/A5082913979,https://openalex.org/A5082913979,http://www.w3.org/2002/07/owl#sameAs,exact_openalex_id,https://openalex.org/A5082913979,https://openalex.org/A5082913979,accepted,2026-10-04T12:06:27.079166+00:00
https://example.org/aimodels/resource/person/A5082952724,https://openalex.org/A5082952724,http://www.w3.org/2002/07/owl#sameAs,exact_openalex_id,https://openalex.org/A5082952724,https://openalex.org/A5082952724,accepted,2026-10-04T12:06:27.079166+00:00
https://example.org/aimodels/resource/person/A5083109184,https://openalex.org/A5083109184,http://www.w3.org/2002/07/owl#sameAs,exact_openalex_id,https://openalex.org/A5083109184,https://openalex.org/A5083109184,accepted,2026-10-04T12:06:27.079166+00:00
https://example.org/aimodels/resource/person/A5083173421,https://openalex.org/A5083173421,http://www.w3.org/2002/07/owl#sameAs,exact_openalex_id,https://openalex.org/A5083173421,https://openalex.org/A5083173421,accepted,2026-10-04T12:06:27.079166+00:00
https://example.org/aimodels/resource/person/A5083182498,https://openalex.org/A5083182498,http://www.w3.org/2002/07/owl#sameAs,exact_openalex_id,https://openalex.org/A5083182498,https://openalex.org/A5083182498,accepted,2026-10-04T12:06:27.079166+00:00
https://example.org/aimodels/resource/person/A5083185771,https://openalex.org/A5083185771,http://www.w3.org/2002/07/owl#sameAs,exact_openalex_id,https://openalex.org/A5083185771,https://openalex.org/A5083185771,accepted,2026-10-04T12:06:27.079166+00:00
https://example.org/aimodels/resource/person/A5083212922,https://openalex.org/A5083212922,http://www.w3.org/2002/07/owl#sameAs,exact_openalex_id,https://openalex.org/A5083212922,https://openalex.org/A5083212922,accepted,2026-10-04T12:06:27.079166+00:00
https://example.org/aimodels/resource/person/A5083402013,https://openalex.org/A5083402013,http://www.w3.org/2002/07/owl#sameAs,exact_openalex_id,https://openalex.org/A5083402013,https://openalex.org/A5083402013,accepted,2026-10-04T12:06:27.079166+00:00
https://example.org/aimodels/resource/person/A5083505661,https://openalex.org/A5083505661,http://www.w3.org/2002/07/owl#sameAs,exact_openalex_id,https://openalex.org/A5083505661,https://openalex.org/A5083505661,accepted,2026-10-04T12:06:27.079166+00:00
https://example.org/aimodels/resource/person/A5083548873,https://openalex.org/A5083548873,http://www.w3.org/2002/07/owl#sameAs,exact_openalex_id,https://openalex.org/A5083548873,https://openalex.org/A5083548873,accepted,2026-10-04T12:06:27.079166+00:00
https://example.org/aimodels/resource/person/A5083595182,https://openalex.org/A5083595182,http://www.w3.org/2002/07/owl#sameAs,exact_openalex_id,https://openalex.org/A5083595182,https://openalex.org/A5083595182,accepted,2026-10-04T12:06:27.079166+00:00
https://example.org/aimodels/resource/person/A5083735830,https://openalex.org/A5083735830,http://www.w3.org/2002/07/owl#sameAs,exact_openalex_id,https://openalex.org/A5083735830,https://openalex.org/A5083735830,accepted,2026-10-04T12:06:27.079166+00:00
https://example.org/aimodels/resource/person/A5083874423,https://openalex.org/A5083874423,http://www.w3.org/2002/07/owl#sameAs,exact_openalex_id,https://openalex.org/A5083874423,https://openalex.org/A5083874423,accepted,2026-10-04T12:06:27.079166+00:00
https://example.org/aimodels/resource/person/A5083955516,https://openalex.org/A5083955516,http://www.w3.org/2002/07/owl#sameAs,exact_openalex_id,https://openalex.org/A5083955516,https://openalex.org/A5083955516,accepted,2026-10-04T12:06:27.079166+00:00
https://example.org/aimodels/resource/person/A5084043782,https://openalex.org/A5084043782,http://www.w3.org/2002/07/owl#sameAs,exact_openalex_id,https://openalex.org/A5084043782,https://openalex.org/A5084043782,accepted,2026-10-04T12:06:27.079166+00:00
https://example.org/aimodels/resource/person/A5084104975,https://openalex.org/A5084104975,http://www.w3.org/2002/07/owl#sameAs,exact_openalex_id,https://openalex.org/A5084104975,https://openalex.org/A5084104975,accepted,2026-10-04T12:06:27.079166+00:00
https://example.org/aimodels/resource/person/A5084241804,https://openalex.org/A5084241804,http://www.w3.org/2002/07/owl#sameAs,exact_openalex_id,https://openalex.org/A5084241804,https://openalex.org/A5084241804,accepted,2026-10-04T12:06:27.079166+00:00
https://example.org/aimodels/resource/person/A5084254760,https://openalex.org/A5084254760,http://www.w3.org/2002/07/owl#sameAs,exact_openalex_id,https://openalex.org/A5084254760,https://openalex.org/A5084254760,accepted,2026-10-04T12:06:27.079166+00:00
https://example.org/aimodels/resource/person/A5084271210,https://openalex.org/A5084271210,http://www.w3.org/2002/07/owl#sameAs,exact_openalex_id,https://openalex.org/A5084271210,https://openalex.org/A5084271210,accepted,2026-10-04T12:06:27.079166+00:00
https://example.org/aimodels/resource/person/A5084286453,https://openalex.org/A5084286453,http://www.w3.org/2002/07/owl#sameAs,exact_openalex_id,https://openalex.org/A5084286453,https://openalex.org/A5084286453,accepted,2026-10-04T12:06:27.079166+00:00
https://example.org/aimodels/resource/person/A5084414561,https://openalex.org/A5084414561,http://www.w3.org/2002/07/owl#sameAs,exact_openalex_id,https://openalex.org/A5084414561,https://openalex.org/A5084414561,accepted,2026-10-04T12:06:27.079166+00:00
https://example.org/aimodels/resource/person/A5084459196,https://openalex.org/A5084459196,http://www.w3.org/2002/07/owl#sameAs,exact_openalex_id,https://openalex.org/A5084459196,https://openalex.org/A5084459196,accepted,2026-10-04T12:06:27.079166+00:00
https://example.org/aimodels/resource/person/A5084476585,https://openalex.org/A5084476585,http://www.w3.org/2002/07/owl#sameAs,exact_openalex_id,https://openalex.org/A5084476585,https://openalex.org/A5084476585,accepted,2026-10-04T12:06:27.079166+00:00
https://example.org/aimodels/resource/person/A5084512458,https://openalex.org/A5084512458,http://www.w3.org/2002/07/owl#sameAs,exact_openalex_id,https://openalex.org/A5084512458,https://openalex.org/A5084512458,accepted,2026-10-04T12:06:27.079166+00:00
https://example.org/aimodels/resource/person/A5084515381,https://openalex.org/A5084515381,http://www.w3.org/2002/07/owl#sameAs,exact_openalex_id,https://openalex.org/A5084515381,https://openalex.org/A5084515381,accepted,2026-10-04T12:06:27.079166+00:00
https://example.org/aimodels/resource/person/A5084553837,https://openalex.org/A5084553837,http://www.w3.org/2002/07/owl#sameAs,exact_openalex_id,https://openalex.org/A5084553837,https://openalex.org/A5084553837,accepted,2026-10-04T12:06:27.079166+00:00
https://example.org/aimodels/resource/person/A5084611574,https://openalex.org/A5084611574,http://www.w3.org/2002/07/owl#sameAs,exact_openalex_id,https://openalex.org/A5084611574,https://openalex.org/A5084611574,accepted,2026-10-04T12:06:27.079166+00:00
https://example.org/aimodels/resource/person/A5084633048,https://openalex.org/A5084633048,http://www.w3.org/2002/07/owl#sameAs,exact_openalex_id,https://openalex.org/A5084633048,https://openalex.org/A5084633048,accepted,2026-10-04T12:06:27.079166+00:00
https://example.org/aimodels/resource/person/A5084658659,https://openalex.org/A5084658659,http://www.w3.org/2002/07/owl#sameAs,exact_openalex_id,https://openalex.org/A5084658659,https://openalex.org/A5084658659,accepted,2026-10-04T12:06:27.079166+00:00
https://example.org/aimodels/resource/person/A5084743219,https://openalex.org/A5084743219,http://www.w3.org/2002/07/owl#sameAs,exact_openalex_id,https://openalex.org/A5084743219,https://openalex.org/A5084743219,accepted,2026-10-04T12:06:27.079166+00:00
https://example.org/aimodels/resource/person/A5084839131,https://openalex.org/A5084839131,http://www.w3.org/2002/07/owl#sameAs,exact_openalex_id,https://openalex.org/A5084839131,https://openalex.org/A5084839131,accepted,2026-10-04T12:06:27.079166+00:00
https://example.org/aimodels/resource/person/A5084917133,https://openalex.org/A5084917133,http://www.w3.org/2002/07/owl#sameAs,exact_openalex_id,https://openalex.org/A5084917133,https://openalex.org/A5084917133,accepted,2026-10-04T12:06:27.079166+00:00
https://example.org/aimodels/resource/person/A5084957527,https://openalex.org/A5084957527,http://www.w3.org/2002/07/owl#sameAs,exact_openalex_id,https://openalex.org/A5084957527,https://openalex.org/A5084957527,accepted,2026-10-04T12:06:27.079166+00:00
https://example.org/aimodels/resource/person/A5084989076,https://openalex.org/A5084989076,http://www.w3.org/2002/07/owl#sameAs,exact_openalex_id,https://openalex.org/A5084989076,https://openalex.org/A5084989076,accepted,2026-10-04T12:06:27.079166+00:00
https://example.org/aimodels/resource/person/A5085004466,https://openalex.org/A5085004466,http://www.w3.org/2002/07/owl#sameAs,exact_openalex_id,https://openalex.org/A5085004466,https://openalex.org/A5085004466,accepted,2026-10-04T12:06:27.079166+00:00
https://example.org/aimodels/resource/person/A5085011940,https://openalex.org/A5085011940,http://www.w3.org/2002/07/owl#sameAs,exact_openalex_id,https://openalex.org/A5085011940,https://openalex.org/A5085011940,accepted,2026-10-04T12:06:27.079166+00:00
https://example.org/aimodels/resource/person/A5085089542,https://openalex.org/A5085089542,http://www.w3.org/2002/07/owl#sameAs,exact_openalex_id,https://openalex.org/A5085089542,https://openalex.org/A5085089542,accepted,2026-10-04T12:06:27.079166+00:00
https://example.org/aimodels/resource/person/A5085146470,https://openalex.org/A5085146470,http://www.w3.org/2002/07/owl#sameAs,exact_openalex_id,https://openalex.org/A5085146470,https://openalex.org/A5085146470,accepted,2026-10-04T12:06:27.079166+00:00
https://example.org/aimodels/resource/person/A5085244021,https://openalex.org/A5085244021,http://www.w3.org/2002/07/owl#sameAs,exact_openalex_id,https://openalex.org/A5085244021,https://openalex.org/A5085244021,accepted,2026-10-04T12:06:27.079166+00:00
https://example.org/aimodels/resource/person/A5085254654,https://openalex.org/A5085254654,http://www.w3.org/2002/07/owl#sameAs,exact_openalex_id,https://openalex.org/A5085254654,https://openalex.org/A5085254654,accepted,2026-10-04T12:06:27.079166+00:00
https://example.org/aimodels/resource/person/A5085346370,https://openalex.org/A5085346370,http://www.w3.org/2002/07/owl#sameAs,exact_openalex_id,https://openalex.org/A5085346370,https://openalex.org/A5085346370,accepted,2026-10-04T12:06:27.079166+00:00
https://example.org/aimodels/resource/person/A5085396184,https://openalex.org/A5085396184,http://www.w3.org/2002/07/owl#sameAs,exact_openalex_id,https://openalex.org/A5085396184,https://openalex.org/A5085396184,accepted,2026-10-04T12:06:27.079166+00:00
https://example.org/aimodels/resource/person/A5085443636,https://openalex.org/A5085443636,http://www.w3.org/2002/07/owl#sameAs,exact_openalex_id,https://openalex.org/A5085443636,https://openalex.org/A5085443636,accepted,2026-10-04T12:06:27.079166+00:00
https://example.org/aimodels/resource/person/A5085679401,https://openalex.org/A5085679401,http://www.w3.org/2002/07/owl#sameAs,exact_openalex_id,https://openalex.org/A5085679401,https://openalex.org/A5085679401,accepted,2026-10-04T12:06:27.079166+00:00
https://example.org/aimodels/resource/person/A5085746798,https://openalex.org/A5085746798,http://www.w3.org/2002/07/owl#sameAs,exact_openalex_id,https://openalex.org/A5085746798,https://openalex.org/A5085746798,accepted,2026-10-04T12:06:27.079166+00:00
https://example.org/aimodels/resource/person/A5085787384,https://openalex.org/A5085787384,http://www.w3.org/2002/07/owl#sameAs,exact_openalex_id,https://openalex.org/A5085787384,https://openalex.org/A5085787384,accepted,2026-10-04T12:06:27.079166+00:00
https://example.org/aimodels/resource/person/A5085810270,https://openalex.org/A5085810270,http://www.w3.org/2002/07/owl#sameAs,exact_openalex_id,https://openalex.org/A5085810270,https://openalex.org/A5085810270,accepted,2026-10-04T12:06:27.079166+00:00
https://example.org/aimodels/resource/person/A5085834120,https://openalex.org/A5085834120,http://www.w3.org/2002/07/owl#sameAs,exact_openalex_id,https://openalex.org/A5085834120,https://openalex.org/A5085834120,accepted,2026-10-04T12:06:27.079166+00:00
https://example.org/aimodels/resource/person/A5086001486,https://openalex.org/A5086001486,http://www.w3.org/2002/07/owl#sameAs,exact_openalex_id,https://openalex.org/A5086001486,https://openalex.org/A5086001486,accepted,2026-10-04T12:06:27.079166+00:00
https://example.org/aimodels/resource/person/A5086009273,https://openalex.org/A5086009273,http://www.w3.org/2002/07/owl#sameAs,exact_openalex_id,https://openalex.org/A5086009273,https://openalex.org/A5086009273,accepted,2026-10-04T12:06:27.079166+00:00
https://example.org/aimodels/resource/person/A5086038509,https://openalex.org/A5086038509,http://www.w3.org/2002/07/owl#sameAs,exact_openalex_id,https://openalex.org/A5086038509,https://openalex.org/A5086038509,accepted,2026-10-04T12:06:27.079166+00:00
https://example.org/aimodels/resource/person/A5086198262,https://openalex.org/A5086198262,http://www.w3.org/2002/07/owl#sameAs,exact_openalex_id,https://openalex.org/A5086198262,https://openalex.org/A5086198262,accepted,2026-10-04T12:06:27.079166+00:00
https://example.org/aimodels/resource/person/A5086354041,https://openalex.org/A5086354041,http://www.w3.org/2002/07/owl#sameAs,exact_openalex_id,https://openalex.org/A5086354041,https://openalex.org/A5086354041,accepted,2026-10-04T12:06:27.079166+00:00
https://example.org/aimodels/resource/person/A5086674741,https://openalex.org/A5086674741,http://www.w3.org/2002/07/owl#sameAs,exact_openalex_id,https://openalex.org/A5086674741,https://openalex.org/A5086674741,accepted,2026-10-04T12:06:27.079166+00:00
https://example.org/aimodels/resource/person/A5086984307,https://openalex.org/A5086984307,http://www.w3.org/2002/07/owl#sameAs,exact_openalex_id,https://openalex.org/A5086984307,https://openalex.org/A5086984307,accepted,2026-10-04T12:06:27.079166+00:00
https://example.org/aimodels/resource/person/A5087003679,https://openalex.org/A5087003679,http://www.w3.org/2002/07/owl#sameAs,exact_openalex_id,https://openalex.org/A5087003679,https://openalex.org/A5087003679,accepted,2026-10-04T12:06:27.079166+00:00
https://example.org/aimodels/resource/person/A5087014857,https://openalex.org/A5087014857,http://www.w3.org/2002/07/owl#sameAs,exact_openalex_id,https://openalex.org/A5087014857,https://openalex.org/A5087014857,accepted,2026-10-04T12:06:27.079166+00:00
https://example.org/aimodels/resource/person/A5087022211,https://openalex.org/A5087022211,http://www.w3.org/2002/07/owl#sameAs,exact_openalex_id,https://openalex.org/A5087022211,https://openalex.org/A5087022211,accepted,2026-10-04T12:06:27.079166+00:00
https://example.org/aimodels/resource/person/A5087033501,https://openalex.org/A5087033501,http://www.w3.org/2002/07/owl#sameAs,exact_openalex_id,https://openalex.org/A5087033501,https://openalex.org/A5087033501,accepted,2026-10-04T12:06:27.079166+00:00
https://example.org/aimodels/resource/person/A5087045209,https://openalex.org/A5087045209,http://www.w3.org/2002/07/owl#sameAs,exact_openalex_id,https://openalex.org/A5087045209,https://openalex.org/A5087045209,accepted,2026-10-04T12:06:27.079166+00:00
https://example.org/aimodels/resource/person/A5087088138,https://openalex.org/A5087088138,http://www.w3.org/2002/07/owl#sameAs,exact_openalex_id,https://openalex.org/A5087088138,https://openalex.org/A5087088138,accepted,2026-10-04T12:06:27.079166+00:00
https://example.org/aimodels/resource/person/A5087214686,https://openalex.org/A5087214686,http://www.w3.org/2002/07/owl#sameAs,exact_openalex_id,https://openalex.org/A5087214686,https://openalex.org/A5087214686,accepted,2026-10-04T12:06:27.079166+00:00
https://example.org/aimodels/resource/person/A5087382703,https://openalex.org/A5087382703,http://www.w3.org/2002/07/owl#sameAs,exact_openalex_id,https://openalex.org/A5087382703,https://openalex.org/A5087382703,accepted,2026-10-04T12:06:27.079166+00:00
https://example.org/aimodels/resource/person/A5087421236,https://openalex.org/A5087421236,http://www.w3.org/2002/07/owl#sameAs,exact_openalex_id,https://openalex.org/A5087421236,https://openalex.org/A5087421236,accepted,2026-10-04T12:06:27.079166+00:00
https://example.org/aimodels/resource/person/A5087530146,https://openalex.org/A5087530146,http://www.w3.org/2002/07/owl#sameAs,exact_openalex_id,https://openalex.org/A5087530146,https://openalex.org/A5087530146,accepted,2026-10-04T12:06:27.079166+00:00
https://example.org/aimodels/resource/person/A5087560188,https://openalex.org/A5087560188,http://www.w3.org/2002/07/owl#sameAs,exact_openalex_id,https://openalex.org/A5087560188,https://openalex.org/A5087560188,accepted,2026-10-04T12:06:27.079166+00:00
https://example.org/aimodels/resource/person/A5087591662,https://openalex.org/A5087591662,http://www.w3.org/2002/07/owl#sameAs,exact_openalex_id,https://openalex.org/A5087591662,https://openalex.org/A5087591662,accepted,2026-10-04T12:06:27.079166+00:00
https://example.org/aimodels/resource/person/A5087616870,https://openalex.org/A5087616870,http://www.w3.org/2002/07/owl#sameAs,exact_openalex_id,https://openalex.org/A5087616870,https://openalex.org/A5087616870,accepted,2026-10-04T12:06:27.079166+00:00
https://example.org/aimodels/resource/person/A5087636608,https://openalex.org/A5087636608,http://www.w3.org/2002/07/owl#sameAs,exact_openalex_id,https://openalex.org/A5087636608,https://openalex.org/A5087636608,accepted,2026-10-04T12:06:27.079166+00:00
https://example.org/aimodels/resource/person/A5087654936,https://openalex.org/A5087654936,http://www.w3.org/2002/07/owl#sameAs,exact_openalex_id,https://openalex.org/A5087654936,https://openalex.org/A5087654936,accepted,2026-10-04T12:06:27.079166+00:00
https://example.org/aimodels/resource/person/A5087660055,https://openalex.org/A5087660055,http://www.w3.org/2002/07/owl#sameAs,exact_openalex_id,https://openalex.org/A5087660055,https://openalex.org/A5087660055,accepted,2026-10-04T12:06:27.079166+00:00
https://example.org/aimodels/resource/person/A5087687501,https://openalex.org/A5087687501,http://www.w3.org/2002/07/owl#sameAs,exact_openalex_id,https://openalex.org/A5087687501,https://openalex.org/A5087687501,accepted,2026-10-04T12:06:27.079166+00:00
https://example.org/aimodels/resource/person/A5087710258,https://openalex.org/A5087710258,http://www.w3.org/2002/07/owl#sameAs,exact_openalex_id,https://openalex.org/A5087710258,https://openalex.org/A5087710258,accepted,2026-10-04T12:06:27.079166+00:00
https://example.org/aimodels/resource/person/A5087801436,https://openalex.org/A5087801436,http://www.w3.org/2002/07/owl#sameAs,exact_openalex_id,https://openalex.org/A5087801436,https://openalex.org/A5087801436,accepted,2026-10-04T12:06:27.079166+00:00
https://example.org/aimodels/resource/person/A5087959258,https://openalex.org/A5087959258,http://www.w3.org/2002/07/owl#sameAs,exact_openalex_id,https://openalex.org/A5087959258,https://openalex.org/A5087959258,accepted,2026-10-04T12:06:27.079166+00:00
https://example.org/aimodels/resource/person/A5088028306,https://openalex.org/A5088028306,http://www.w3.org/2002/07/owl#sameAs,exact_openalex_id,https://openalex.org/A5088028306,https://openalex.org/A5088028306,accepted,2026-10-04T12:06:27.079166+00:00
https://example.org/aimodels/resource/person/A5088063475,https://openalex.org/A5088063475,http://www.w3.org/2002/07/owl#sameAs,exact_openalex_id,https://openalex.org/A5088063475,https://openalex.org/A5088063475,accepted,2026-10-04T12:06:27.079166+00:00
https://example.org/aimodels/resource/person/A5088112892,https://openalex.org/A5088112892,http://www.w3.org/2002/07/owl#sameAs,exact_openalex_id,https://openalex.org/A5088112892,https://openalex.org/A5088112892,accepted,2026-10-04T12:06:27.079166+00:00
https://example.org/aimodels/resource/person/A5088166627,https://openalex.org/A5088166627,http://www.w3.org/2002/07/owl#sameAs,exact_openalex_id,https://openalex.org/A5088166627,https://openalex.org/A5088166627,accepted,2026-10-04T12:06:27.079166+00:00
https://example.org/aimodels/resource/person/A5088352526,https://openalex.org/A5088352526,http://www.w3.org/2002/07/owl#sameAs,exact_openalex_id,https://openalex.org/A5088352526,https://openalex.org/A5088352526,accepted,2026-10-04T12:06:27.079166+00:00
https://example.org/aimodels/resource/person/A5088410008,https://openalex.org/A5088410008,http://www.w3.org/2002/07/owl#sameAs,exact_openalex_id,https://openalex.org/A5088410008,https://openalex.org/A5088410008,accepted,2026-10-04T12:06:27.079166+00:00
https://example.org/aimodels/resource/person/A5088463875,https://openalex.org/A5088463875,http://www.w3.org/2002/07/owl#sameAs,exact_openalex_id,https://openalex.org/A5088463875,https://openalex.org/A5088463875,accepted,2026-10-04T12:06:27.079166+00:00
https://example.org/aimodels/resource/person/A5088495817,https://openalex.org/A5088495817,http://www.w3.org/2002/07/owl#sameAs,exact_openalex_id,https://openalex.org/A5088495817,https://openalex.org/A5088495817,accepted,2026-10-04T12:06:27.079166+00:00
https://example.org/aimodels/resource/person/A5088517824,https://openalex.org/A5088517824,http://www.w3.org/2002/07/owl#sameAs,exact_openalex_id,https://openalex.org/A5088517824,https://openalex.org/A5088517824,accepted,2026-10-04T12:06:27.079166+00:00
https://example.org/aimodels/resource/person/A5088551093,https://openalex.org/A5088551093,http://www.w3.org/2002/07/owl#sameAs,exact_openalex_id,https://openalex.org/A5088551093,https://openalex.org/A5088551093,accepted,2026-10-04T12:06:27.079166+00:00
https://example.org/aimodels/resource/person/A5088601308,https://openalex.org/A5088601308,http://www.w3.org/2002/07/owl#sameAs,exact_openalex_id,https://openalex.org/A5088601308,https://openalex.org/A5088601308,accepted,2026-10-04T12:06:27.079166+00:00
https://example.org/aimodels/resource/person/A5088658365,https://openalex.org/A5088658365,http://www.w3.org/2002/07/owl#sameAs,exact_openalex_id,https://openalex.org/A5088658365,https://openalex.org/A5088658365,accepted,2026-10-04T12:06:27.079166+00:00
https://example.org/aimodels/resource/person/A5088720016,https://openalex.org/A5088720016,http://www.w3.org/2002/07/owl#sameAs,exact_openalex_id,https://openalex.org/A5088720016,https://openalex.org/A5088720016,accepted,2026-10-04T12:06:27.079166+00:00
https://example.org/aimodels/resource/person/A5088777896,https://openalex.org/A5088777896,http://www.w3.org/2002/07/owl#sameAs,exact_openalex_id,https://openalex.org/A5088777896,https://openalex.org/A5088777896,accepted,2026-10-04T12:06:27.079166+00:00
https://example.org/aimodels/resource/person/A5088834359,https://openalex.org/A5088834359,http://www.w3.org/2002/07/owl#sameAs,exact_openalex_id,https://openalex.org/A5088834359,https://openalex.org/A5088834359,accepted,2026-10-04T12:06:27.079166+00:00
https://example.org/aimodels/resource/person/A5088862043,https://openalex.org/A5088862043,http://www.w3.org/2002/07/owl#sameAs,exact_openalex_id,https://openalex.org/A5088862043,https://openalex.org/A5088862043,accepted,2026-10-04T12:06:27.079166+00:00
https://example.org/aimodels/resource/person/A5088906859,https://openalex.org/A5088906859,http://www.w3.org/2002/07/owl#sameAs,exact_openalex_id,https://openalex.org/A5088906859,https://openalex.org/A5088906859,accepted,2026-10-04T12:06:27.079166+00:00
https://example.org/aimodels/resource/person/A5089105283,https://openalex.org/A5089105283,http://www.w3.org/2002/07/owl#sameAs,exact_openalex_id,https://openalex.org/A5089105283,https://openalex.org/A5089105283,accepted,2026-10-04T12:06:27.079166+00:00
https://example.org/aimodels/resource/person/A5089152779,https://openalex.org/A5089152779,http://www.w3.org/2002/07/owl#sameAs,exact_openalex_id,https://openalex.org/A5089152779,https://openalex.org/A5089152779,accepted,2026-10-04T12:06:27.079166+00:00
https://example.org/aimodels/resource/person/A5089170562,https://openalex.org/A5089170562,http://www.w3.org/2002/07/owl#sameAs,exact_openalex_id,https://openalex.org/A5089170562,https://openalex.org/A5089170562,accepted,2026-10-04T12:06:27.079166+00:00
https://example.org/aimodels/resource/person/A5089232745,https://openalex.org/A5089232745,http://www.w3.org/2002/07/owl#sameAs,exact_openalex_id,https://openalex.org/A5089232745,https://openalex.org/A5089232745,accepted,2026-10-04T12:06:27.079166+00:00
https://example.org/aimodels/resource/person/A5089275971,https://openalex.org/A5089275971,http://www.w3.org/2002/07/owl#sameAs,exact_openalex_id,https://openalex.org/A5089275971,https://openalex.org/A5089275971,accepted,2026-10-04T12:06:27.079166+00:00
https://example.org/aimodels/resource/person/A5089355912,https://openalex.org/A5089355912,http://www.w3.org/2002/07/owl#sameAs,exact_openalex_id,https://openalex.org/A5089355912,https://openalex.org/A5089355912,accepted,2026-10-04T12:06:27.079166+00:00
https://example.org/aimodels/resource/person/A5089391738,https://openalex.org/A5089391738,http://www.w3.org/2002/07/owl#sameAs,exact_openalex_id,https://openalex.org/A5089391738,https://openalex.org/A5089391738,accepted,2026-10-04T12:06:27.079166+00:00
https://example.org/aimodels/resource/person/A5089404640,https://openalex.org/A5089404640,http://www.w3.org/2002/07/owl#sameAs,exact_openalex_id,https://openalex.org/A5089404640,https://openalex.org/A5089404640,accepted,2026-10-04T12:06:27.079166+00:00
https://example.org/aimodels/resource/person/A5089413311,https://openalex.org/A5089413311,http://www.w3.org/2002/07/owl#sameAs,exact_openalex_id,https://openalex.org/A5089413311,https://openalex.org/A5089413311,accepted,2026-10-04T12:06:27.079166+00:00
https://example.org/aimodels/resource/person/A5089419558,https://openalex.org/A5089419558,http://www.w3.org/2002/07/owl#sameAs,exact_openalex_id,https://openalex.org/A5089419558,https://openalex.org/A5089419558,accepted,2026-10-04T12:06:27.079166+00:00
https://example.org/aimodels/resource/person/A5089452138,https://openalex.org/A5089452138,http://www.w3.org/2002/07/owl#sameAs,exact_openalex_id,https://openalex.org/A5089452138,https://openalex.org/A5089452138,accepted,2026-10-04T12:06:27.079166+00:00
https://example.org/aimodels/resource/person/A5089476139,https://openalex.org/A5089476139,http://www.w3.org/2002/07/owl#sameAs,exact_openalex_id,https://openalex.org/A5089476139,https://openalex.org/A5089476139,accepted,2026-10-04T12:06:27.079166+00:00
https://example.org/aimodels/resource/person/A5089543053,https://openalex.org/A5089543053,http://www.w3.org/2002/07/owl#sameAs,exact_openalex_id,https://openalex.org/A5089543053,https://openalex.org/A5089543053,accepted,2026-10-04T12:06:27.079166+00:00
https://example.org/aimodels/resource/person/A5089553213,https://openalex.org/A5089553213,http://www.w3.org/2002/07/owl#sameAs,exact_openalex_id,https://openalex.org/A5089553213,https://openalex.org/A5089553213,accepted,2026-10-04T12:06:27.079166+00:00
https://example.org/aimodels/resource/person/A5089646974,https://openalex.org/A5089646974,http://www.w3.org/2002/07/owl#sameAs,exact_openalex_id,https://openalex.org/A5089646974,https://openalex.org/A5089646974,accepted,2026-10-04T12:06:27.079166+00:00
https://example.org/aimodels/resource/person/A5089660323,https://openalex.org/A5089660323,http://www.w3.org/2002/07/owl#sameAs,exact_openalex_id,https://openalex.org/A5089660323,https://openalex.org/A5089660323,accepted,2026-10-04T12:06:27.079166+00:00
https://example.org/aimodels/resource/person/A5089676369,https://openalex.org/A5089676369,http://www.w3.org/2002/07/owl#sameAs,exact_openalex_id,https://openalex.org/A5089676369,https://openalex.org/A5089676369,accepted,2026-10-04T12:06:27.079166+00:00
https://example.org/aimodels/resource/person/A5089730590,https://openalex.org/A5089730590,http://www.w3.org/2002/07/owl#sameAs,exact_openalex_id,https://openalex.org/A5089730590,https://openalex.org/A5089730590,accepted,2026-10-04T12:06:27.079166+00:00
https://example.org/aimodels/resource/person/A5089819604,https://openalex.org/A5089819604,http://www.w3.org/2002/07/owl#sameAs,exact_openalex_id,https://openalex.org/A5089819604,https://openalex.org/A5089819604,accepted,2026-10-04T12:06:27.079166+00:00
https://example.org/aimodels/resource/person/A5089914621,https://openalex.org/A5089914621,http://www.w3.org/2002/07/owl#sameAs,exact_openalex_id,https://openalex.org/A5089914621,https://openalex.org/A5089914621,accepted,2026-10-04T12:06:27.079166+00:00
https://example.org/aimodels/resource/person/A5089972944,https://openalex.org/A5089972944,http://www.w3.org/2002/07/owl#sameAs,exact_openalex_id,https://openalex.org/A5089972944,https://openalex.org/A5089972944,accepted,2026-10-04T12:06:27.079166+00:00
https://example.org/aimodels/resource/person/A5089986388,https://openalex.org/A5089986388,http://www.w3.org/2002/07/owl#sameAs,exact_openalex_id,https://openalex.org/A5089986388,https://openalex.org/A5089986388,accepted,2026-10-04T12:06:27.079166+00:00
https://example.org/aimodels/resource/person/A5090038537,https://openalex.org/A5090038537,http://www.w3.org/2002/07/owl#sameAs,exact_openalex_id,https://openalex.org/A5090038537,https://openalex.org/A5090038537,accepted,2026-10-04T12:06:27.079166+00:00
https://example.org/aimodels/resource/person/A5090145147,https://openalex.org/A5090145147,http://www.w3.org/2002/07/owl#sameAs,exact_openalex_id,https://openalex.org/A5090145147,https://openalex.org/A5090145147,accepted,2026-10-04T12:06:27.079166+00:00
https://example.org/aimodels/resource/person/A5090328003,https://openalex.org/A5090328003,http://www.w3.org/2002/07/owl#sameAs,exact_openalex_id,https://openalex.org/A5090328003,https://openalex.org/A5090328003,accepted,2026-10-04T12:06:27.079166+00:00
https://example.org/aimodels/resource/person/A5090341705,https://openalex.org/A5090341705,http://www.w3.org/2002/07/owl#sameAs,exact_openalex_id,https://openalex.org/A5090341705,https://openalex.org/A5090341705,accepted,2026-10-04T12:06:27.079166+00:00
https://example.org/aimodels/resource/person/A5090369859,https://openalex.org/A5090369859,http://www.w3.org/2002/07/owl#sameAs,exact_openalex_id,https://openalex.org/A5090369859,https://openalex.org/A5090369859,accepted,2026-10-04T12:06:27.079166+00:00
https://example.org/aimodels/resource/person/A5090383211,https://openalex.org/A5090383211,http://www.w3.org/2002/07/owl#sameAs,exact_openalex_id,https://openalex.org/A5090383211,https://openalex.org/A5090383211,accepted,2026-10-04T12:06:27.079166+00:00
https://example.org/aimodels/resource/person/A5090396089,https://openalex.org/A5090396089,http://www.w3.org/2002/07/owl#sameAs,exact_openalex_id,https://openalex.org/A5090396089,https://openalex.org/A5090396089,accepted,2026-10-04T12:06:27.079166+00:00
https://example.org/aimodels/resource/person/A5090399761,https://openalex.org/A5090399761,http://www.w3.org/2002/07/owl#sameAs,exact_openalex_id,https://openalex.org/A5090399761,https://openalex.org/A5090399761,accepted,2026-10-04T12:06:27.079166+00:00
https://example.org/aimodels/resource/person/A5090457109,https://openalex.org/A5090457109,http://www.w3.org/2002/07/owl#sameAs,exact_openalex_id,https://openalex.org/A5090457109,https://openalex.org/A5090457109,accepted,2026-10-04T12:06:27.079166+00:00
https://example.org/aimodels/resource/person/A5090477236,https://openalex.org/A5090477236,http://www.w3.org/2002/07/owl#sameAs,exact_openalex_id,https://openalex.org/A5090477236,https://openalex.org/A5090477236,accepted,2026-10-04T12:06:27.079166+00:00
https://example.org/aimodels/resource/person/A5090477420,https://openalex.org/A5090477420,http://www.w3.org/2002/07/owl#sameAs,exact_openalex_id,https://openalex.org/A5090477420,https://openalex.org/A5090477420,accepted,2026-10-04T12:06:27.079166+00:00
https://example.org/aimodels/resource/person/A5090570382,https://openalex.org/A5090570382,http://www.w3.org/2002/07/owl#sameAs,exact_openalex_id,https://openalex.org/A5090570382,https://openalex.org/A5090570382,accepted,2026-10-04T12:06:27.079166+00:00
https://example.org/aimodels/resource/person/A5090592321,https://openalex.org/A5090592321,http://www.w3.org/2002/07/owl#sameAs,exact_openalex_id,https://openalex.org/A5090592321,https://openalex.org/A5090592321,accepted,2026-10-04T12:06:27.079166+00:00
https://example.org/aimodels/resource/person/A5090629487,https://openalex.org/A5090629487,http://www.w3.org/2002/07/owl#sameAs,exact_openalex_id,https://openalex.org/A5090629487,https://openalex.org/A5090629487,accepted,2026-10-04T12:06:27.079166+00:00
https://example.org/aimodels/resource/person/A5090701958,https://openalex.org/A5090701958,http://www.w3.org/2002/07/owl#sameAs,exact_openalex_id,https://openalex.org/A5090701958,https://openalex.org/A5090701958,accepted,2026-10-04T12:06:27.079166+00:00
https://example.org/aimodels/resource/person/A5090718376,https://openalex.org/A5090718376,http://www.w3.org/2002/07/owl#sameAs,exact_openalex_id,https://openalex.org/A5090718376,https://openalex.org/A5090718376,accepted,2026-10-04T12:06:27.079166+00:00
https://example.org/aimodels/resource/person/A5090767423,https://openalex.org/A5090767423,http://www.w3.org/2002/07/owl#sameAs,exact_openalex_id,https://openalex.org/A5090767423,https://openalex.org/A5090767423,accepted,2026-10-04T12:06:27.079166+00:00
https://example.org/aimodels/resource/person/A5091125431,https://openalex.org/A5091125431,http://www.w3.org/2002/07/owl#sameAs,exact_openalex_id,https://openalex.org/A5091125431,https://openalex.org/A5091125431,accepted,2026-10-04T12:06:27.079166+00:00
https://example.org/aimodels/resource/person/A5091148039,https://openalex.org/A5091148039,http://www.w3.org/2002/07/owl#sameAs,exact_openalex_id,https://openalex.org/A5091148039,https://openalex.org/A5091148039,accepted,2026-10-04T12:06:27.079166+00:00
https://example.org/aimodels/resource/person/A5091175785,https://openalex.org/A5091175785,http://www.w3.org/2002/07/owl#sameAs,exact_openalex_id,https://openalex.org/A5091175785,https://openalex.org/A5091175785,accepted,2026-10-04T12:06:27.079166+00:00
https://example.org/aimodels/resource/person/A5091179481,https://openalex.org/A5091179481,http://www.w3.org/2002/07/owl#sameAs,exact_openalex_id,https://openalex.org/A5091179481,https://openalex.org/A5091179481,accepted,2026-10-04T12:06:27.079166+00:00
https://example.org/aimodels/resource/person/A5091186274,https://openalex.org/A5091186274,http://www.w3.org/2002/07/owl#sameAs,exact_openalex_id,https://openalex.org/A5091186274,https://openalex.org/A5091186274,accepted,2026-10-04T12:06:27.079166+00:00
https://example.org/aimodels/resource/person/A5091221987,https://openalex.org/A5091221987,http://www.w3.org/2002/07/owl#sameAs,exact_openalex_id,https://openalex.org/A5091221987,https://openalex.org/A5091221987,accepted,2026-10-04T12:06:27.079166+00:00
https://example.org/aimodels/resource/person/A5091250983,https://openalex.org/A5091250983,http://www.w3.org/2002/07/owl#sameAs,exact_openalex_id,https://openalex.org/A5091250983,https://openalex.org/A5091250983,accepted,2026-10-04T12:06:27.079166+00:00
https://example.org/aimodels/resource/person/A5091251187,https://openalex.org/A5091251187,http://www.w3.org/2002/07/owl#sameAs,exact_openalex_id,https://openalex.org/A5091251187,https://openalex.org/A5091251187,accepted,2026-10-04T12:06:27.079166+00:00
https://example.org/aimodels/resource/person/A5091272738,https://openalex.org/A5091272738,http://www.w3.org/2002/07/owl#sameAs,exact_openalex_id,https://openalex.org/A5091272738,https://openalex.org/A5091272738,accepted,2026-10-04T12:06:27.079166+00:00
https://example.org/aimodels/resource/person/A5091317839,https://openalex.org/A5091317839,http://www.w3.org/2002/07/owl#sameAs,exact_openalex_id,https://openalex.org/A5091317839,https://openalex.org/A5091317839,accepted,2026-10-04T12:06:27.079166+00:00
https://example.org/aimodels/resource/person/A5091353084,https://openalex.org/A5091353084,http://www.w3.org/2002/07/owl#sameAs,exact_openalex_id,https://openalex.org/A5091353084,https://openalex.org/A5091353084,accepted,2026-10-04T12:06:27.079166+00:00
https://example.org/aimodels/resource/person/A5091440798,https://openalex.org/A5091440798,http://www.w3.org/2002/07/owl#sameAs,exact_openalex_id,https://openalex.org/A5091440798,https://openalex.org/A5091440798,accepted,2026-10-04T12:06:27.079166+00:00
https://example.org/aimodels/resource/person/A5091443553,https://openalex.org/A5091443553,http://www.w3.org/2002/07/owl#sameAs,exact_openalex_id,https://openalex.org/A5091443553,https://openalex.org/A5091443553,accepted,2026-10-04T12:06:27.079166+00:00
https://example.org/aimodels/resource/person/A5091734792,https://openalex.org/A5091734792,http://www.w3.org/2002/07/owl#sameAs,exact_openalex_id,https://openalex.org/A5091734792,https://openalex.org/A5091734792,accepted,2026-10-04T12:06:27.079166+00:00
https://example.org/aimodels/resource/person/A5091807843,https://openalex.org/A5091807843,http://www.w3.org/2002/07/owl#sameAs,exact_openalex_id,https://openalex.org/A5091807843,https://openalex.org/A5091807843,accepted,2026-10-04T12:06:27.079166+00:00
https://example.org/aimodels/resource/person/A5091970724,https://openalex.org/A5091970724,http://www.w3.org/2002/07/owl#sameAs,exact_openalex_id,https://openalex.org/A5091970724,https://openalex.org/A5091970724,accepted,2026-10-04T12:06:27.079166+00:00
https://example.org/aimodels/resource/person/A5092029666,https://openalex.org/A5092029666,http://www.w3.org/2002/07/owl#sameAs,exact_openalex_id,https://openalex.org/A5092029666,https://openalex.org/A5092029666,accepted,2026-10-04T12:06:27.079166+00:00
https://example.org/aimodels/resource/person/A5092145402,https://openalex.org/A5092145402,http://www.w3.org/2002/07/owl#sameAs,exact_openalex_id,https://openalex.org/A5092145402,https://openalex.org/A5092145402,accepted,2026-10-04T12:06:27.079166+00:00
https://example.org/aimodels/resource/person/A5092224445,https://openalex.org/A5092224445,http://www.w3.org/2002/07/owl#sameAs,exact_openalex_id,https://openalex.org/A5092224445,https://openalex.org/A5092224445,accepted,2026-10-04T12:06:27.079166+00:00
https://example.org/aimodels/resource/person/A5092228829,https://openalex.org/A5092228829,http://www.w3.org/2002/07/owl#sameAs,exact_openalex_id,https://openalex.org/A5092228829,https://openalex.org/A5092228829,accepted,2026-10-04T12:06:27.079166+00:00
https://example.org/aimodels/resource/person/A5092401086,https://openalex.org/A5092401086,http://www.w3.org/2002/07/owl#sameAs,exact_openalex_id,https://openalex.org/A5092401086,https://openalex.org/A5092401086,accepted,2026-10-04T12:06:27.079166+00:00
https://example.org/aimodels/resource/person/A5092506185,https://openalex.org/A5092506185,http://www.w3.org/2002/07/owl#sameAs,exact_openalex_id,https://openalex.org/A5092506185,https://openalex.org/A5092506185,accepted,2026-10-04T12:06:27.079166+00:00
https://example.org/aimodels/resource/person/A5092506186,https://openalex.org/A5092506186,http://www.w3.org/2002/07/owl#sameAs,exact_openalex_id,https://openalex.org/A5092506186,https://openalex.org/A5092506186,accepted,2026-10-04T12:06:27.079166+00:00
https://example.org/aimodels/resource/person/A5092506187,https://openalex.org/A5092506187,http://www.w3.org/2002/07/owl#sameAs,exact_openalex_id,https://openalex.org/A5092506187,https://openalex.org/A5092506187,accepted,2026-10-04T12:06:27.079166+00:00
https://example.org/aimodels/resource/person/A5092506188,https://openalex.org/A5092506188,http://www.w3.org/2002/07/owl#sameAs,exact_openalex_id,https://openalex.org/A5092506188,https://openalex.org/A5092506188,accepted,2026-10-04T12:06:27.079166+00:00
https://example.org/aimodels/resource/person/A5092506189,https://openalex.org/A5092506189,http://www.w3.org/2002/07/owl#sameAs,exact_openalex_id,https://openalex.org/A5092506189,https://openalex.org/A5092506189,accepted,2026-10-04T12:06:27.079166+00:00
https://example.org/aimodels/resource/person/A5092506191,https://openalex.org/A5092506191,http://www.w3.org/2002/07/owl#sameAs,exact_openalex_id,https://openalex.org/A5092506191,https://openalex.org/A5092506191,accepted,2026-10-04T12:06:27.079166+00:00
https://example.org/aimodels/resource/person/A5092651390,https://openalex.org/A5092651390,http://www.w3.org/2002/07/owl#sameAs,exact_openalex_id,https://openalex.org/A5092651390,https://openalex.org/A5092651390,accepted,2026-10-04T12:06:27.079166+00:00
https://example.org/aimodels/resource/person/A5092780821,https://openalex.org/A5092780821,http://www.w3.org/2002/07/owl#sameAs,exact_openalex_id,https://openalex.org/A5092780821,https://openalex.org/A5092780821,accepted,2026-10-04T12:06:27.079166+00:00
https://example.org/aimodels/resource/person/A5092780822,https://openalex.org/A5092780822,http://www.w3.org/2002/07/owl#sameAs,exact_openalex_id,https://openalex.org/A5092780822,https://openalex.org/A5092780822,accepted,2026-10-04T12:06:27.079166+00:00
https://example.org/aimodels/resource/person/A5092810033,https://openalex.org/A5092810033,http://www.w3.org/2002/07/owl#sameAs,exact_openalex_id,https://openalex.org/A5092810033,https://openalex.org/A5092810033,accepted,2026-10-04T12:06:27.079166+00:00
https://example.org/aimodels/resource/person/A5092939745,https://openalex.org/A5092939745,http://www.w3.org/2002/07/owl#sameAs,exact_openalex_id,https://openalex.org/A5092939745,https://openalex.org/A5092939745,accepted,2026-10-04T12:06:27.079166+00:00
https://example.org/aimodels/resource/person/A5092994450,https://openalex.org/A5092994450,http://www.w3.org/2002/07/owl#sameAs,exact_openalex_id,https://openalex.org/A5092994450,https://openalex.org/A5092994450,accepted,2026-10-04T12:06:27.079166+00:00
https://example.org/aimodels/resource/person/A5093091829,https://openalex.org/A5093091829,http://www.w3.org/2002/07/owl#sameAs,exact_openalex_id,https://openalex.org/A5093091829,https://openalex.org/A5093091829,accepted,2026-10-04T12:06:27.079166+00:00
https://example.org/aimodels/resource/person/A5094077400,https://openalex.org/A5094077400,http://www.w3.org/2002/07/owl#sameAs,exact_openalex_id,https://openalex.org/A5094077400,https://openalex.org/A5094077400,accepted,2026-10-04T12:06:27.079166+00:00
https://example.org/aimodels/resource/person/A5098752951,https://openalex.org/A5098752951,http://www.w3.org/2002/07/owl#sameAs,exact_openalex_id,https://openalex.org/A5098752951,https://openalex.org/A5098752951,accepted,2026-10-04T12:06:27.079166+00:00
https://example.org/aimodels/resource/person/A5098910558,https://openalex.org/A5098910558,http://www.w3.org/2002/07/owl#sameAs,exact_openalex_id,https://openalex.org/A5098910558,https://openalex.org/A5098910558,accepted,2026-10-04T12:06:27.079166+00:00
https://example.org/aimodels/resource/person/A5099347627,https://openalex.org/A5099347627,http://www.w3.org/2002/07/owl#sameAs,exact_openalex_id,https://openalex.org/A5099347627,https://openalex.org/A5099347627,accepted,2026-10-04T12:06:27.079166+00:00
https://example.org/aimodels/resource/person/A5100320074,https://openalex.org/A5100320074,http://www.w3.org/2002/07/owl#sameAs,exact_openalex_id,https://openalex.org/A5100320074,https://openalex.org/A5100320074,accepted,2026-10-04T12:06:27.079166+00:00
https://example.org/aimodels/resource/person/A5100320723,https://openalex.org/A5100320723,http://www.w3.org/2002/07/owl#sameAs,exact_openalex_id,https://openalex.org/A5100320723,https://openalex.org/A5100320723,accepted,2026-10-04T12:06:27.079166+00:00
https://example.org/aimodels/resource/person/A5100325084,https://openalex.org/A5100325084,http://www.w3.org/2002/07/owl#sameAs,exact_openalex_id,https://openalex.org/A5100325084,https://openalex.org/A5100325084,accepted,2026-10-04T12:06:27.079166+00:00
https://example.org/aimodels/resource/person/A5100326213,https://openalex.org/A5100326213,http://www.w3.org/2002/07/owl#sameAs,exact_openalex_id,https://openalex.org/A5100326213,https://openalex.org/A5100326213,accepted,2026-10-04T12:06:27.079166+00:00
https://example.org/aimodels/resource/person/A5100330900,https://openalex.org/A5100330900,http://www.w3.org/2002/07/owl#sameAs,exact_openalex_id,https://openalex.org/A5100330900,https://openalex.org/A5100330900,accepted,2026-10-04T12:06:27.079166+00:00
https://example.org/aimodels/resource/person/A5100331094,https://openalex.org/A5100331094,http://www.w3.org/2002/07/owl#sameAs,exact_openalex_id,https://openalex.org/A5100331094,https://openalex.org/A5100331094,accepted,2026-10-04T12:06:27.079166+00:00
https://example.org/aimodels/resource/person/A5100333729,https://openalex.org/A5100333729,http://www.w3.org/2002/07/owl#sameAs,exact_openalex_id,https://openalex.org/A5100333729,https://openalex.org/A5100333729,accepted,2026-10-04T12:06:27.079166+00:00
https://example.org/aimodels/resource/person/A5100333755,https://openalex.org/A5100333755,http://www.w3.org/2002/07/owl#sameAs,exact_openalex_id,https://openalex.org/A5100333755,https://openalex.org/A5100333755,accepted,2026-10-04T12:06:27.079166+00:00
https://example.org/aimodels/resource/person/A5100334841,https://openalex.org/A5100334841,http://www.w3.org/2002/07/owl#sameAs,exact_openalex_id,https://openalex.org/A5100334841,https://openalex.org/A5100334841,accepted,2026-10-04T12:06:27.079166+00:00
https://example.org/aimodels/resource/person/A5100334977,https://openalex.org/A5100334977,http://www.w3.org/2002/07/owl#sameAs,exact_openalex_id,https://openalex.org/A5100334977,https://openalex.org/A5100334977,accepted,2026-10-04T12:06:27.079166+00:00
https://example.org/aimodels/resource/person/A5100338772,https://openalex.org/A5100338772,http://www.w3.org/2002/07/owl#sameAs,exact_openalex_id,https://openalex.org/A5100338772,https://openalex.org/A5100338772,accepted,2026-10-04T12:06:27.079166+00:00
https://example.org/aimodels/resource/person/A5100341808,https://openalex.org/A5100341808,http://www.w3.org/2002/07/owl#sameAs,exact_openalex_id,https://openalex.org/A5100341808,https://openalex.org/A5100341808,accepted,2026-10-04T12:06:27.079166+00:00
https://example.org/aimodels/resource/person/A5100343044,https://openalex.org/A5100343044,http://www.w3.org/2002/07/owl#sameAs,exact_openalex_id,https://openalex.org/A5100343044,https://openalex.org/A5100343044,accepted,2026-10-04T12:06:27.079166+00:00
https://example.org/aimodels/resource/person/A5100351935,https://openalex.org/A5100351935,http://www.w3.org/2002/07/owl#sameAs,exact_openalex_id,https://openalex.org/A5100351935,https://openalex.org/A5100351935,accepted,2026-10-04T12:06:27.079166+00:00
https://example.org/aimodels/resource/person/A5100353377,https://openalex.org/A5100353377,http://www.w3.org/2002/07/owl#sameAs,exact_openalex_id,https://openalex.org/A5100353377,https://openalex.org/A5100353377,accepted,2026-10-04T12:06:27.079166+00:00
https://example.org/aimodels/resource/person/A5100353526,https://openalex.org/A5100353526,http://www.w3.org/2002/07/owl#sameAs,exact_openalex_id,https://openalex.org/A5100353526,https://openalex.org/A5100353526,accepted,2026-10-04T12:06:27.079166+00:00
https://example.org/aimodels/resource/person/A5100353783,https://openalex.org/A5100353783,http://www.w3.org/2002/07/owl#sameAs,exact_openalex_id,https://openalex.org/A5100353783,https://openalex.org/A5100353783,accepted,2026-10-04T12:06:27.079166+00:00
https://example.org/aimodels/resource/person/A5100354997,https://openalex.org/A5100354997,http://www.w3.org/2002/07/owl#sameAs,exact_openalex_id,https://openalex.org/A5100354997,https://openalex.org/A5100354997,accepted,2026-10-04T12:06:27.079166+00:00
https://example.org/aimodels/resource/person/A5100355246,https://openalex.org/A5100355246,http://www.w3.org/2002/07/owl#sameAs,exact_openalex_id,https://openalex.org/A5100355246,https://openalex.org/A5100355246,accepted,2026-10-04T12:06:27.079166+00:00
https://example.org/aimodels/resource/person/A5100355692,https://openalex.org/A5100355692,http://www.w3.org/2002/07/owl#sameAs,exact_openalex_id,https://openalex.org/A5100355692,https://openalex.org/A5100355692,accepted,2026-10-04T12:06:27.079166+00:00
https://example.org/aimodels/resource/person/A5100357049,https://openalex.org/A5100357049,http://www.w3.org/2002/07/owl#sameAs,exact_openalex_id,https://openalex.org/A5100357049,https://openalex.org/A5100357049,accepted,2026-10-04T12:06:27.079166+00:00
https://example.org/aimodels/resource/person/A5100358735,https://openalex.org/A5100358735,http://www.w3.org/2002/07/owl#sameAs,exact_openalex_id,https://openalex.org/A5100358735,https://openalex.org/A5100358735,accepted,2026-10-04T12:06:27.079166+00:00
https://example.org/aimodels/resource/person/A5100360436,https://openalex.org/A5100360436,http://www.w3.org/2002/07/owl#sameAs,exact_openalex_id,https://openalex.org/A5100360436,https://openalex.org/A5100360436,accepted,2026-10-04T12:06:27.079166+00:00
https://example.org/aimodels/resource/person/A5100363220,https://openalex.org/A5100363220,http://www.w3.org/2002/07/owl#sameAs,exact_openalex_id,https://openalex.org/A5100363220,https://openalex.org/A5100363220,accepted,2026-10-04T12:06:27.079166+00:00
https://example.org/aimodels/resource/person/A5100364041,https://openalex.org/A5100364041,http://www.w3.org/2002/07/owl#sameAs,exact_openalex_id,https://openalex.org/A5100364041,https://openalex.org/A5100364041,accepted,2026-10-04T12:06:27.079166+00:00
https://example.org/aimodels/resource/person/A5100365595,https://openalex.org/A5100365595,http://www.w3.org/2002/07/owl#sameAs,exact_openalex_id,https://openalex.org/A5100365595,https://openalex.org/A5100365595,accepted,2026-10-04T12:06:27.079166+00:00
https://example.org/aimodels/resource/person/A5100366476,https://openalex.org/A5100366476,http://www.w3.org/2002/07/owl#sameAs,exact_openalex_id,https://openalex.org/A5100366476,https://openalex.org/A5100366476,accepted,2026-10-04T12:06:27.079166+00:00
https://example.org/aimodels/resource/person/A5100367735,https://openalex.org/A5100367735,http://www.w3.org/2002/07/owl#sameAs,exact_openalex_id,https://openalex.org/A5100367735,https://openalex.org/A5100367735,accepted,2026-10-04T12:06:27.079166+00:00
https://example.org/aimodels/resource/person/A5100368524,https://openalex.org/A5100368524,http://www.w3.org/2002/07/owl#sameAs,exact_openalex_id,https://openalex.org/A5100368524,https://openalex.org/A5100368524,accepted,2026-10-04T12:06:27.079166+00:00
https://example.org/aimodels/resource/person/A5100370065,https://openalex.org/A5100370065,http://www.w3.org/2002/07/owl#sameAs,exact_openalex_id,https://openalex.org/A5100370065,https://openalex.org/A5100370065,accepted,2026-10-04T12:06:27.079166+00:00
https://example.org/aimodels/resource/person/A5100372089,https://openalex.org/A5100372089,http://www.w3.org/2002/07/owl#sameAs,exact_openalex_id,https://openalex.org/A5100372089,https://openalex.org/A5100372089,accepted,2026-10-04T12:06:27.079166+00:00
https://example.org/aimodels/resource/person/A5100374771,https://openalex.org/A5100374771,http://www.w3.org/2002/07/owl#sameAs,exact_openalex_id,https://openalex.org/A5100374771,https://openalex.org/A5100374771,accepted,2026-10-04T12:06:27.079166+00:00
https://example.org/aimodels/resource/person/A5100374831,https://openalex.org/A5100374831,http://www.w3.org/2002/07/owl#sameAs,exact_openalex_id,https://openalex.org/A5100374831,https://openalex.org/A5100374831,accepted,2026-10-04T12:06:27.079166+00:00
https://example.org/aimodels/resource/person/A5100376310,https://openalex.org/A5100376310,http://www.w3.org/2002/07/owl#sameAs,exact_openalex_id,https://openalex.org/A5100376310,https://openalex.org/A5100376310,accepted,2026-10-04T12:06:27.079166+00:00
https://example.org/aimodels/resource/person/A5100377485,https://openalex.org/A5100377485,http://www.w3.org/2002/07/owl#sameAs,exact_openalex_id,https://openalex.org/A5100377485,https://openalex.org/A5100377485,accepted,2026-10-04T12:06:27.079166+00:00
https://example.org/aimodels/resource/person/A5100385692,https://openalex.org/A5100385692,http://www.w3.org/2002/07/owl#sameAs,exact_openalex_id,https://openalex.org/A5100385692,https://openalex.org/A5100385692,accepted,2026-10-04T12:06:27.079166+00:00
https://example.org/aimodels/resource/person/A5100386792,https://openalex.org/A5100386792,http://www.w3.org/2002/07/owl#sameAs,exact_openalex_id,https://openalex.org/A5100386792,https://openalex.org/A5100386792,accepted,2026-10-04T12:06:27.079166+00:00
https://example.org/aimodels/resource/person/A5100388508,https://openalex.org/A5100388508,http://www.w3.org/2002/07/owl#sameAs,exact_openalex_id,https://openalex.org/A5100388508,https://openalex.org/A5100388508,accepted,2026-10-04T12:06:27.079166+00:00
https://example.org/aimodels/resource/person/A5100389900,https://openalex.org/A5100389900,http://www.w3.org/2002/07/owl#sameAs,exact_openalex_id,https://openalex.org/A5100389900,https://openalex.org/A5100389900,accepted,2026-10-04T12:06:27.079166+00:00
https://example.org/aimodels/resource/person/A5100393899,https://openalex.org/A5100393899,http://www.w3.org/2002/07/owl#sameAs,exact_openalex_id,https://openalex.org/A5100393899,https://openalex.org/A5100393899,accepted,2026-10-04T12:06:27.079166+00:00
https://example.org/aimodels/resource/person/A5100394046,https://openalex.org/A5100394046,http://www.w3.org/2002/07/owl#sameAs,exact_openalex_id,https://openalex.org/A5100394046,https://openalex.org/A5100394046,accepted,2026-10-04T12:06:27.079166+00:00
https://example.org/aimodels/resource/person/A5100394926,https://openalex.org/A5100394926,http://www.w3.org/2002/07/owl#sameAs,exact_openalex_id,https://openalex.org/A5100394926,https://openalex.org/A5100394926,accepted,2026-10-04T12:06:27.079166+00:00
https://example.org/aimodels/resource/person/A5100398894,https://openalex.org/A5100398894,http://www.w3.org/2002/07/owl#sameAs,exact_openalex_id,https://openalex.org/A5100398894,https://openalex.org/A5100398894,accepted,2026-10-04T12:06:27.079166+00:00
https://example.org/aimodels/resource/person/A5100400376,https://openalex.org/A5100400376,http://www.w3.org/2002/07/owl#sameAs,exact_openalex_id,https://openalex.org/A5100400376,https://openalex.org/A5100400376,accepted,2026-10-04T12:06:27.079166+00:00
https://example.org/aimodels/resource/person/A5100400922,https://openalex.org/A5100400922,http://www.w3.org/2002/07/owl#sameAs,exact_openalex_id,https://openalex.org/A5100400922,https://openalex.org/A5100400922,accepted,2026-10-04T12:06:27.079166+00:00
https://example.org/aimodels/resource/person/A5100404176,https://openalex.org/A5100404176,http://www.w3.org/2002/07/owl#sameAs,exact_openalex_id,https://openalex.org/A5100404176,https://openalex.org/A5100404176,accepted,2026-10-04T12:06:27.079166+00:00
https://example.org/aimodels/resource/person/A5100406123,https://openalex.org/A5100406123,http://www.w3.org/2002/07/owl#sameAs,exact_openalex_id,https://openalex.org/A5100406123,https://openalex.org/A5100406123,accepted,2026-10-04T12:06:27.079166+00:00
https://example.org/aimodels/resource/person/A5100407966,https://openalex.org/A5100407966,http://www.w3.org/2002/07/owl#sameAs,exact_openalex_id,https://openalex.org/A5100407966,https://openalex.org/A5100407966,accepted,2026-10-04T12:06:27.079166+00:00
https://example.org/aimodels/resource/person/A5100409994,https://openalex.org/A5100409994,http://www.w3.org/2002/07/owl#sameAs,exact_openalex_id,https://openalex.org/A5100409994,https://openalex.org/A5100409994,accepted,2026-10-04T12:06:27.079166+00:00
https://example.org/aimodels/resource/person/A5100410908,https://openalex.org/A5100410908,http://www.w3.org/2002/07/owl#sameAs,exact_openalex_id,https://openalex.org/A5100410908,https://openalex.org/A5100410908,accepted,2026-10-04T12:06:27.079166+00:00
https://example.org/aimodels/resource/person/A5100411426,https://openalex.org/A5100411426,http://www.w3.org/2002/07/owl#sameAs,exact_openalex_id,https://openalex.org/A5100411426,https://openalex.org/A5100411426,accepted,2026-10-04T12:06:27.079166+00:00
https://example.org/aimodels/resource/person/A5100412513,https://openalex.org/A5100412513,http://www.w3.org/2002/07/owl#sameAs,exact_openalex_id,https://openalex.org/A5100412513,https://openalex.org/A5100412513,accepted,2026-10-04T12:06:27.079166+00:00
https://example.org/aimodels/resource/person/A5100418171,https://openalex.org/A5100418171,http://www.w3.org/2002/07/owl#sameAs,exact_openalex_id,https://openalex.org/A5100418171,https://openalex.org/A5100418171,accepted,2026-10-04T12:06:27.079166+00:00
https://example.org/aimodels/resource/person/A5100423656,https://openalex.org/A5100423656,http://www.w3.org/2002/07/owl#sameAs,exact_openalex_id,https://openalex.org/A5100423656,https://openalex.org/A5100423656,accepted,2026-10-04T12:06:27.079166+00:00
https://example.org/aimodels/resource/person/A5100424305,https://openalex.org/A5100424305,http://www.w3.org/2002/07/owl#sameAs,exact_openalex_id,https://openalex.org/A5100424305,https://openalex.org/A5100424305,accepted,2026-10-04T12:06:27.079166+00:00
https://example.org/aimodels/resource/person/A5100427047,https://openalex.org/A5100427047,http://www.w3.org/2002/07/owl#sameAs,exact_openalex_id,https://openalex.org/A5100427047,https://openalex.org/A5100427047,accepted,2026-10-04T12:06:27.079166+00:00
https://example.org/aimodels/resource/person/A5100427048,https://openalex.org/A5100427048,http://www.w3.org/2002/07/owl#sameAs,exact_openalex_id,https://openalex.org/A5100427048,https://openalex.org/A5100427048,accepted,2026-10-04T12:06:27.079166+00:00
https://example.org/aimodels/resource/person/A5100432232,https://openalex.org/A5100432232,http://www.w3.org/2002/07/owl#sameAs,exact_openalex_id,https://openalex.org/A5100432232,https://openalex.org/A5100432232,accepted,2026-10-04T12:06:27.079166+00:00
https://example.org/aimodels/resource/person/A5100434820,https://openalex.org/A5100434820,http://www.w3.org/2002/07/owl#sameAs,exact_openalex_id,https://openalex.org/A5100434820,https://openalex.org/A5100434820,accepted,2026-10-04T12:06:27.079166+00:00
https://example.org/aimodels/resource/person/A5100437453,https://openalex.org/A5100437453,http://www.w3.org/2002/07/owl#sameAs,exact_openalex_id,https://openalex.org/A5100437453,https://openalex.org/A5100437453,accepted,2026-10-04T12:06:27.079166+00:00
https://example.org/aimodels/resource/person/A5100437634,https://openalex.org/A5100437634,http://www.w3.org/2002/07/owl#sameAs,exact_openalex_id,https://openalex.org/A5100437634,https://openalex.org/A5100437634,accepted,2026-10-04T12:06:27.079166+00:00
https://example.org/aimodels/resource/person/A5100438461,https://openalex.org/A5100438461,http://www.w3.org/2002/07/owl#sameAs,exact_openalex_id,https://openalex.org/A5100438461,https://openalex.org/A5100438461,accepted,2026-10-04T12:06:27.079166+00:00
https://example.org/aimodels/resource/person/A5100440241,https://openalex.org/A5100440241,http://www.w3.org/2002/07/owl#sameAs,exact_openalex_id,https://openalex.org/A5100440241,https://openalex.org/A5100440241,accepted,2026-10-04T12:06:27.079166+00:00
https://example.org/aimodels/resource/person/A5100445668,https://openalex.org/A5100445668,http://www.w3.org/2002/07/owl#sameAs,exact_openalex_id,https://openalex.org/A5100445668,https://openalex.org/A5100445668,accepted,2026-10-04T12:06:27.079166+00:00
https://example.org/aimodels/resource/person/A5100446071,https://openalex.org/A5100446071,http://www.w3.org/2002/07/owl#sameAs,exact_openalex_id,https://openalex.org/A5100446071,https://openalex.org/A5100446071,accepted,2026-10-04T12:06:27.079166+00:00
https://example.org/aimodels/resource/person/A5100447280,https://openalex.org/A5100447280,http://www.w3.org/2002/07/owl#sameAs,exact_openalex_id,https://openalex.org/A5100447280,https://openalex.org/A5100447280,accepted,2026-10-04T12:06:27.079166+00:00
https://example.org/aimodels/resource/person/A5100448333,https://openalex.org/A5100448333,http://www.w3.org/2002/07/owl#sameAs,exact_openalex_id,https://openalex.org/A5100448333,https://openalex.org/A5100448333,accepted,2026-10-04T12:06:27.079166+00:00
https://example.org/aimodels/resource/person/A5100448802,https://openalex.org/A5100448802,http://www.w3.org/2002/07/owl#sameAs,exact_openalex_id,https://openalex.org/A5100448802,https://openalex.org/A5100448802,accepted,2026-10-04T12:06:27.079166+00:00
https://example.org/aimodels/resource/person/A5100450148,https://openalex.org/A5100450148,http://www.w3.org/2002/07/owl#sameAs,exact_openalex_id,https://openalex.org/A5100450148,https://openalex.org/A5100450148,accepted,2026-10-04T12:06:27.079166+00:00
https://example.org/aimodels/resource/person/A5100450462,https://openalex.org/A5100450462,http://www.w3.org/2002/07/owl#sameAs,exact_openalex_id,https://openalex.org/A5100450462,https://openalex.org/A5100450462,accepted,2026-10-04T12:06:27.079166+00:00
https://example.org/aimodels/resource/person/A5100450967,https://openalex.org/A5100450967,http://www.w3.org/2002/07/owl#sameAs,exact_openalex_id,https://openalex.org/A5100450967,https://openalex.org/A5100450967,accepted,2026-10-04T12:06:27.079166+00:00
https://example.org/aimodels/resource/person/A5100452654,https://openalex.org/A5100452654,http://www.w3.org/2002/07/owl#sameAs,exact_openalex_id,https://openalex.org/A5100452654,https://openalex.org/A5100452654,accepted,2026-10-04T12:06:27.079166+00:00
https://example.org/aimodels/resource/person/A5100453144,https://openalex.org/A5100453144,http://www.w3.org/2002/07/owl#sameAs,exact_openalex_id,https://openalex.org/A5100453144,https://openalex.org/A5100453144,accepted,2026-10-04T12:06:27.079166+00:00
https://example.org/aimodels/resource/person/A5100455805,https://openalex.org/A5100455805,http://www.w3.org/2002/07/owl#sameAs,exact_openalex_id,https://openalex.org/A5100455805,https://openalex.org/A5100455805,accepted,2026-10-04T12:06:27.079166+00:00
https://example.org/aimodels/resource/person/A5100457416,https://openalex.org/A5100457416,http://www.w3.org/2002/07/owl#sameAs,exact_openalex_id,https://openalex.org/A5100457416,https://openalex.org/A5100457416,accepted,2026-10-04T12:06:27.079166+00:00
https://example.org/aimodels/resource/person/A5100462353,https://openalex.org/A5100462353,http://www.w3.org/2002/07/owl#sameAs,exact_openalex_id,https://openalex.org/A5100462353,https://openalex.org/A5100462353,accepted,2026-10-04T12:06:27.079166+00:00
https://example.org/aimodels/resource/person/A5100537890,https://openalex.org/A5100537890,http://www.w3.org/2002/07/owl#sameAs,exact_openalex_id,https://openalex.org/A5100537890,https://openalex.org/A5100537890,accepted,2026-10-04T12:06:27.079166+00:00
https://example.org/aimodels/resource/person/A5100603679,https://openalex.org/A5100603679,http://www.w3.org/2002/07/owl#sameAs,exact_openalex_id,https://openalex.org/A5100603679,https://openalex.org/A5100603679,accepted,2026-10-04T12:06:27.079166+00:00
https://example.org/aimodels/resource/person/A5100608388,https://openalex.org/A5100608388,http://www.w3.org/2002/07/owl#sameAs,exact_openalex_id,https://openalex.org/A5100608388,https://openalex.org/A5100608388,accepted,2026-10-04T12:06:27.079166+00:00
https://example.org/aimodels/resource/person/A5100608759,https://openalex.org/A5100608759,http://www.w3.org/2002/07/owl#sameAs,exact_openalex_id,https://openalex.org/A5100608759,https://openalex.org/A5100608759,accepted,2026-10-04T12:06:27.079166+00:00
https://example.org/aimodels/resource/person/A5100615599,https://openalex.org/A5100615599,http://www.w3.org/2002/07/owl#sameAs,exact_openalex_id,https://openalex.org/A5100615599,https://openalex.org/A5100615599,accepted,2026-10-04T12:06:27.079166+00:00
https://example.org/aimodels/resource/person/A5100628725,https://openalex.org/A5100628725,http://www.w3.org/2002/07/owl#sameAs,exact_openalex_id,https://openalex.org/A5100628725,https://openalex.org/A5100628725,accepted,2026-10-04T12:06:27.079166+00:00
https://example.org/aimodels/resource/person/A5100632859,https://openalex.org/A5100632859,http://www.w3.org/2002/07/owl#sameAs,exact_openalex_id,https://openalex.org/A5100632859,https://openalex.org/A5100632859,accepted,2026-10-04T12:06:27.079166+00:00
https://example.org/aimodels/resource/person/A5100636286,https://openalex.org/A5100636286,http://www.w3.org/2002/07/owl#sameAs,exact_openalex_id,https://openalex.org/A5100636286,https://openalex.org/A5100636286,accepted,2026-10-04T12:06:27.079166+00:00
https://example.org/aimodels/resource/person/A5100638446,https://openalex.org/A5100638446,http://www.w3.org/2002/07/owl#sameAs,exact_openalex_id,https://openalex.org/A5100638446,https://openalex.org/A5100638446,accepted,2026-10-04T12:06:27.079166+00:00
https://example.org/aimodels/resource/person/A5100641283,https://openalex.org/A5100641283,http://www.w3.org/2002/07/owl#sameAs,exact_openalex_id,https://openalex.org/A5100641283,https://openalex.org/A5100641283,accepted,2026-10-04T12:06:27.079166+00:00
https://example.org/aimodels/resource/person/A5100643464,https://openalex.org/A5100643464,http://www.w3.org/2002/07/owl#sameAs,exact_openalex_id,https://openalex.org/A5100643464,https://openalex.org/A5100643464,accepted,2026-10-04T12:06:27.079166+00:00
https://example.org/aimodels/resource/person/A5100645854,https://openalex.org/A5100645854,http://www.w3.org/2002/07/owl#sameAs,exact_openalex_id,https://openalex.org/A5100645854,https://openalex.org/A5100645854,accepted,2026-10-04T12:06:27.079166+00:00
https://example.org/aimodels/resource/person/A5100647156,https://openalex.org/A5100647156,http://www.w3.org/2002/07/owl#sameAs,exact_openalex_id,https://openalex.org/A5100647156,https://openalex.org/A5100647156,accepted,2026-10-04T12:06:27.079166+00:00
https://example.org/aimodels/resource/person/A5100647639,https://openalex.org/A5100647639,http://www.w3.org/2002/07/owl#sameAs,exact_openalex_id,https://openalex.org/A5100647639,https://openalex.org/A5100647639,accepted,2026-10-04T12:06:27.079166+00:00
https://example.org/aimodels/resource/person/A5100655785,https://openalex.org/A5100655785,http://www.w3.org/2002/07/owl#sameAs,exact_openalex_id,https://openalex.org/A5100655785,https://openalex.org/A5100655785,accepted,2026-10-04T12:06:27.079166+00:00
https://example.org/aimodels/resource/person/A5100657725,https://openalex.org/A5100657725,http://www.w3.org/2002/07/owl#sameAs,exact_openalex_id,https://openalex.org/A5100657725,https://openalex.org/A5100657725,accepted,2026-10-04T12:06:27.079166+00:00
https://example.org/aimodels/resource/person/A5100660086,https://openalex.org/A5100660086,http://www.w3.org/2002/07/owl#sameAs,exact_openalex_id,https://openalex.org/A5100660086,https://openalex.org/A5100660086,accepted,2026-10-04T12:06:27.079166+00:00
https://example.org/aimodels/resource/person/A5100664091,https://openalex.org/A5100664091,http://www.w3.org/2002/07/owl#sameAs,exact_openalex_id,https://openalex.org/A5100664091,https://openalex.org/A5100664091,accepted,2026-10-04T12:06:27.079166+00:00
https://example.org/aimodels/resource/person/A5100667025,https://openalex.org/A5100667025,http://www.w3.org/2002/07/owl#sameAs,exact_openalex_id,https://openalex.org/A5100667025,https://openalex.org/A5100667025,accepted,2026-10-04T12:06:27.079166+00:00
https://example.org/aimodels/resource/person/A5100675173,https://openalex.org/A5100675173,http://www.w3.org/2002/07/owl#sameAs,exact_openalex_id,https://openalex.org/A5100675173,https://openalex.org/A5100675173,accepted,2026-10-04T12:06:27.079166+00:00
https://example.org/aimodels/resource/person/A5100676785,https://openalex.org/A5100676785,http://www.w3.org/2002/07/owl#sameAs,exact_openalex_id,https://openalex.org/A5100676785,https://openalex.org/A5100676785,accepted,2026-10-04T12:06:27.079166+00:00
https://example.org/aimodels/resource/person/A5100679058,https://openalex.org/A5100679058,http://www.w3.org/2002/07/owl#sameAs,exact_openalex_id,https://openalex.org/A5100679058,https://openalex.org/A5100679058,accepted,2026-10-04T12:06:27.079166+00:00
https://example.org/aimodels/resource/person/A5100685716,https://openalex.org/A5100685716,http://www.w3.org/2002/07/owl#sameAs,exact_openalex_id,https://openalex.org/A5100685716,https://openalex.org/A5100685716,accepted,2026-10-04T12:06:27.079166+00:00
https://example.org/aimodels/resource/person/A5100687441,https://openalex.org/A5100687441,http://www.w3.org/2002/07/owl#sameAs,exact_openalex_id,https://openalex.org/A5100687441,https://openalex.org/A5100687441,accepted,2026-10-04T12:06:27.079166+00:00
https://example.org/aimodels/resource/person/A5100700956,https://openalex.org/A5100700956,http://www.w3.org/2002/07/owl#sameAs,exact_openalex_id,https://openalex.org/A5100700956,https://openalex.org/A5100700956,accepted,2026-10-04T12:06:27.079166+00:00
https://example.org/aimodels/resource/person/A5100702488,https://openalex.org/A5100702488,http://www.w3.org/2002/07/owl#sameAs,exact_openalex_id,https://openalex.org/A5100702488,https://openalex.org/A5100702488,accepted,2026-10-04T12:06:27.079166+00:00
https://example.org/aimodels/resource/person/A5100707822,https://openalex.org/A5100707822,http://www.w3.org/2002/07/owl#sameAs,exact_openalex_id,https://openalex.org/A5100707822,https://openalex.org/A5100707822,accepted,2026-10-04T12:06:27.079166+00:00
https://example.org/aimodels/resource/person/A5100715425,https://openalex.org/A5100715425,http://www.w3.org/2002/07/owl#sameAs,exact_openalex_id,https://openalex.org/A5100715425,https://openalex.org/A5100715425,accepted,2026-10-04T12:06:27.079166+00:00
https://example.org/aimodels/resource/person/A5100715724,https://openalex.org/A5100715724,http://www.w3.org/2002/07/owl#sameAs,exact_openalex_id,https://openalex.org/A5100715724,https://openalex.org/A5100715724,accepted,2026-10-04T12:06:27.079166+00:00
https://example.org/aimodels/resource/person/A5100716216,https://openalex.org/A5100716216,http://www.w3.org/2002/07/owl#sameAs,exact_openalex_id,https://openalex.org/A5100716216,https://openalex.org/A5100716216,accepted,2026-10-04T12:06:27.079166+00:00
https://example.org/aimodels/resource/person/A5100718934,https://openalex.org/A5100718934,http://www.w3.org/2002/07/owl#sameAs,exact_openalex_id,https://openalex.org/A5100718934,https://openalex.org/A5100718934,accepted,2026-10-04T12:06:27.079166+00:00
https://example.org/aimodels/resource/person/A5100720739,https://openalex.org/A5100720739,http://www.w3.org/2002/07/owl#sameAs,exact_openalex_id,https://openalex.org/A5100720739,https://openalex.org/A5100720739,accepted,2026-10-04T12:06:27.079166+00:00
https://example.org/aimodels/resource/person/A5100721790,https://openalex.org/A5100721790,http://www.w3.org/2002/07/owl#sameAs,exact_openalex_id,https://openalex.org/A5100721790,https://openalex.org/A5100721790,accepted,2026-10-04T12:06:27.079166+00:00
https://example.org/aimodels/resource/person/A5100735418,https://openalex.org/A5100735418,http://www.w3.org/2002/07/owl#sameAs,exact_openalex_id,https://openalex.org/A5100735418,https://openalex.org/A5100735418,accepted,2026-10-04T12:06:27.079166+00:00
https://example.org/aimodels/resource/person/A5100736298,https://openalex.org/A5100736298,http://www.w3.org/2002/07/owl#sameAs,exact_openalex_id,https://openalex.org/A5100736298,https://openalex.org/A5100736298,accepted,2026-10-04T12:06:27.079166+00:00
https://example.org/aimodels/resource/person/A5100738980,https://openalex.org/A5100738980,http://www.w3.org/2002/07/owl#sameAs,exact_openalex_id,https://openalex.org/A5100738980,https://openalex.org/A5100738980,accepted,2026-10-04T12:06:27.079166+00:00
https://example.org/aimodels/resource/person/A5100746224,https://openalex.org/A5100746224,http://www.w3.org/2002/07/owl#sameAs,exact_openalex_id,https://openalex.org/A5100746224,https://openalex.org/A5100746224,accepted,2026-10-04T12:06:27.079166+00:00
https://example.org/aimodels/resource/person/A5100746903,https://openalex.org/A5100746903,http://www.w3.org/2002/07/owl#sameAs,exact_openalex_id,https://openalex.org/A5100746903,https://openalex.org/A5100746903,accepted,2026-10-04T12:06:27.079166+00:00
https://example.org/aimodels/resource/person/A5100752870,https://openalex.org/A5100752870,http://www.w3.org/2002/07/owl#sameAs,exact_openalex_id,https://openalex.org/A5100752870,https://openalex.org/A5100752870,accepted,2026-10-04T12:06:27.079166+00:00
https://example.org/aimodels/resource/person/A5100756491,https://openalex.org/A5100756491,http://www.w3.org/2002/07/owl#sameAs,exact_openalex_id,https://openalex.org/A5100756491,https://openalex.org/A5100756491,accepted,2026-10-04T12:06:27.079166+00:00
https://example.org/aimodels/resource/person/A5100757067,https://openalex.org/A5100757067,http://www.w3.org/2002/07/owl#sameAs,exact_openalex_id,https://openalex.org/A5100757067,https://openalex.org/A5100757067,accepted,2026-10-04T12:06:27.079166+00:00
https://example.org/aimodels/resource/person/A5100759473,https://openalex.org/A5100759473,http://www.w3.org/2002/07/owl#sameAs,exact_openalex_id,https://openalex.org/A5100759473,https://openalex.org/A5100759473,accepted,2026-10-04T12:06:27.079166+00:00
https://example.org/aimodels/resource/person/A5100765709,https://openalex.org/A5100765709,http://www.w3.org/2002/07/owl#sameAs,exact_openalex_id,https://openalex.org/A5100765709,https://openalex.org/A5100765709,accepted,2026-10-04T12:06:27.079166+00:00
https://example.org/aimodels/resource/person/A5100767817,https://openalex.org/A5100767817,http://www.w3.org/2002/07/owl#sameAs,exact_openalex_id,https://openalex.org/A5100767817,https://openalex.org/A5100767817,accepted,2026-10-04T12:06:27.079166+00:00
https://example.org/aimodels/resource/person/A5100768322,https://openalex.org/A5100768322,http://www.w3.org/2002/07/owl#sameAs,exact_openalex_id,https://openalex.org/A5100768322,https://openalex.org/A5100768322,accepted,2026-10-04T12:06:27.079166+00:00
https://example.org/aimodels/resource/person/A5100773163,https://openalex.org/A5100773163,http://www.w3.org/2002/07/owl#sameAs,exact_openalex_id,https://openalex.org/A5100773163,https://openalex.org/A5100773163,accepted,2026-10-04T12:06:27.079166+00:00
https://example.org/aimodels/resource/person/A5100775958,https://openalex.org/A5100775958,http://www.w3.org/2002/07/owl#sameAs,exact_openalex_id,https://openalex.org/A5100775958,https://openalex.org/A5100775958,accepted,2026-10-04T12:06:27.079166+00:00
https://example.org/aimodels/resource/person/A5100780322,https://openalex.org/A5100780322,http://www.w3.org/2002/07/owl#sameAs,exact_openalex_id,https://openalex.org/A5100780322,https://openalex.org/A5100780322,accepted,2026-10-04T12:06:27.079166+00:00
https://example.org/aimodels/resource/person/A5100781026,https://openalex.org/A5100781026,http://www.w3.org/2002/07/owl#sameAs,exact_openalex_id,https://openalex.org/A5100781026,https://openalex.org/A5100781026,accepted,2026-10-04T12:06:27.079166+00:00
https://example.org/aimodels/resource/person/A5100781448,https://openalex.org/A5100781448,http://www.w3.org/2002/07/owl#sameAs,exact_openalex_id,https://openalex.org/A5100781448,https://openalex.org/A5100781448,accepted,2026-10-04T12:06:27.079166+00:00
https://example.org/aimodels/resource/person/A5100784818,https://openalex.org/A5100784818,http://www.w3.org/2002/07/owl#sameAs,exact_openalex_id,https://openalex.org/A5100784818,https://openalex.org/A5100784818,accepted,2026-10-04T12:06:27.079166+00:00
https://example.org/aimodels/resource/person/A5100861568,https://openalex.org/A5100861568,http://www.w3.org/2002/07/owl#sameAs,exact_openalex_id,https://openalex.org/A5100861568,https://openalex.org/A5100861568,accepted,2026-10-04T12:06:27.079166+00:00
https://example.org/aimodels/resource/person/A5100915390,https://openalex.org/A5100915390,http://www.w3.org/2002/07/owl#sameAs,exact_openalex_id,https://openalex.org/A5100915390,https://openalex.org/A5100915390,accepted,2026-10-04T12:06:27.079166+00:00
https://example.org/aimodels/resource/person/A5100991397,https://openalex.org/A5100991397,http://www.w3.org/2002/07/owl#sameAs,exact_openalex_id,https://openalex.org/A5100991397,https://openalex.org/A5100991397,accepted,2026-10-04T12:06:27.079166+00:00
https://example.org/aimodels/resource/person/A5101093262,https://openalex.org/A5101093262,http://www.w3.org/2002/07/owl#sameAs,exact_openalex_id,https://openalex.org/A5101093262,https://openalex.org/A5101093262,accepted,2026-10-04T12:06:27.079166+00:00
https://example.org/aimodels/resource/person/A5101137578,https://openalex.org/A5101137578,http://www.w3.org/2002/07/owl#sameAs,exact_openalex_id,https://openalex.org/A5101137578,https://openalex.org/A5101137578,accepted,2026-10-04T12:06:27.079166+00:00
https://example.org/aimodels/resource/person/A5101180037,https://openalex.org/A5101180037,http://www.w3.org/2002/07/owl#sameAs,exact_openalex_id,https://openalex.org/A5101180037,https://openalex.org/A5101180037,accepted,2026-10-04T12:06:27.079166+00:00
https://example.org/aimodels/resource/person/A5101182523,https://openalex.org/A5101182523,http://www.w3.org/2002/07/owl#sameAs,exact_openalex_id,https://openalex.org/A5101182523,https://openalex.org/A5101182523,accepted,2026-10-04T12:06:27.079166+00:00
https://example.org/aimodels/resource/person/A5101201263,https://openalex.org/A5101201263,http://www.w3.org/2002/07/owl#sameAs,exact_openalex_id,https://openalex.org/A5101201263,https://openalex.org/A5101201263,accepted,2026-10-04T12:06:27.079166+00:00
https://example.org/aimodels/resource/person/A5101289776,https://openalex.org/A5101289776,http://www.w3.org/2002/07/owl#sameAs,exact_openalex_id,https://openalex.org/A5101289776,https://openalex.org/A5101289776,accepted,2026-10-04T12:06:27.079166+00:00
https://example.org/aimodels/resource/person/A5101315776,https://openalex.org/A5101315776,http://www.w3.org/2002/07/owl#sameAs,exact_openalex_id,https://openalex.org/A5101315776,https://openalex.org/A5101315776,accepted,2026-10-04T12:06:27.079166+00:00
https://example.org/aimodels/resource/person/A5101376203,https://openalex.org/A5101376203,http://www.w3.org/2002/07/owl#sameAs,exact_openalex_id,https://openalex.org/A5101376203,https://openalex.org/A5101376203,accepted,2026-10-04T12:06:27.079166+00:00
https://example.org/aimodels/resource/person/A5101377314,https://openalex.org/A5101377314,http://www.w3.org/2002/07/owl#sameAs,exact_openalex_id,https://openalex.org/A5101377314,https://openalex.org/A5101377314,accepted,2026-10-04T12:06:27.079166+00:00
https://example.org/aimodels/resource/person/A5101381944,https://openalex.org/A5101381944,http://www.w3.org/2002/07/owl#sameAs,exact_openalex_id,https://openalex.org/A5101381944,https://openalex.org/A5101381944,accepted,2026-10-04T12:06:27.079166+00:00
https://example.org/aimodels/resource/person/A5101394605,https://openalex.org/A5101394605,http://www.w3.org/2002/07/owl#sameAs,exact_openalex_id,https://openalex.org/A5101394605,https://openalex.org/A5101394605,accepted,2026-10-04T12:06:27.079166+00:00
https://example.org/aimodels/resource/person/A5101404414,https://openalex.org/A5101404414,http://www.w3.org/2002/07/owl#sameAs,exact_openalex_id,https://openalex.org/A5101404414,https://openalex.org/A5101404414,accepted,2026-10-04T12:06:27.079166+00:00
https://example.org/aimodels/resource/person/A5101404695,https://openalex.org/A5101404695,http://www.w3.org/2002/07/owl#sameAs,exact_openalex_id,https://openalex.org/A5101404695,https://openalex.org/A5101404695,accepted,2026-10-04T12:06:27.079166+00:00
https://example.org/aimodels/resource/person/A5101424484,https://openalex.org/A5101424484,http://www.w3.org/2002/07/owl#sameAs,exact_openalex_id,https://openalex.org/A5101424484,https://openalex.org/A5101424484,accepted,2026-10-04T12:06:27.079166+00:00
https://example.org/aimodels/resource/person/A5101432591,https://openalex.org/A5101432591,http://www.w3.org/2002/07/owl#sameAs,exact_openalex_id,https://openalex.org/A5101432591,https://openalex.org/A5101432591,accepted,2026-10-04T12:06:27.079166+00:00
https://example.org/aimodels/resource/person/A5101474800,https://openalex.org/A5101474800,http://www.w3.org/2002/07/owl#sameAs,exact_openalex_id,https://openalex.org/A5101474800,https://openalex.org/A5101474800,accepted,2026-10-04T12:06:27.079166+00:00
https://example.org/aimodels/resource/person/A5101486818,https://openalex.org/A5101486818,http://www.w3.org/2002/07/owl#sameAs,exact_openalex_id,https://openalex.org/A5101486818,https://openalex.org/A5101486818,accepted,2026-10-04T12:06:27.079166+00:00
https://example.org/aimodels/resource/person/A5101500719,https://openalex.org/A5101500719,http://www.w3.org/2002/07/owl#sameAs,exact_openalex_id,https://openalex.org/A5101500719,https://openalex.org/A5101500719,accepted,2026-10-04T12:06:27.079166+00:00
https://example.org/aimodels/resource/person/A5101503933,https://openalex.org/A5101503933,http://www.w3.org/2002/07/owl#sameAs,exact_openalex_id,https://openalex.org/A5101503933,https://openalex.org/A5101503933,accepted,2026-10-04T12:06:27.079166+00:00
https://example.org/aimodels/resource/person/A5101505879,https://openalex.org/A5101505879,http://www.w3.org/2002/07/owl#sameAs,exact_openalex_id,https://openalex.org/A5101505879,https://openalex.org/A5101505879,accepted,2026-10-04T12:06:27.079166+00:00
https://example.org/aimodels/resource/person/A5101509445,https://openalex.org/A5101509445,http://www.w3.org/2002/07/owl#sameAs,exact_openalex_id,https://openalex.org/A5101509445,https://openalex.org/A5101509445,accepted,2026-10-04T12:06:27.079166+00:00
https://example.org/aimodels/resource/person/A5101511644,https://openalex.org/A5101511644,http://www.w3.org/2002/07/owl#sameAs,exact_openalex_id,https://openalex.org/A5101511644,https://openalex.org/A5101511644,accepted,2026-10-04T12:06:27.079166+00:00
https://example.org/aimodels/resource/person/A5101522898,https://openalex.org/A5101522898,http://www.w3.org/2002/07/owl#sameAs,exact_openalex_id,https://openalex.org/A5101522898,https://openalex.org/A5101522898,accepted,2026-10-04T12:06:27.079166+00:00
https://example.org/aimodels/resource/person/A5101523508,https://openalex.org/A5101523508,http://www.w3.org/2002/07/owl#sameAs,exact_openalex_id,https://openalex.org/A5101523508,https://openalex.org/A5101523508,accepted,2026-10-04T12:06:27.079166+00:00
https://example.org/aimodels/resource/person/A5101538186,https://openalex.org/A5101538186,http://www.w3.org/2002/07/owl#sameAs,exact_openalex_id,https://openalex.org/A5101538186,https://openalex.org/A5101538186,accepted,2026-10-04T12:06:27.079166+00:00
https://example.org/aimodels/resource/person/A5101538534,https://openalex.org/A5101538534,http://www.w3.org/2002/07/owl#sameAs,exact_openalex_id,https://openalex.org/A5101538534,https://openalex.org/A5101538534,accepted,2026-10-04T12:06:27.079166+00:00
https://example.org/aimodels/resource/person/A5101551028,https://openalex.org/A5101551028,http://www.w3.org/2002/07/owl#sameAs,exact_openalex_id,https://openalex.org/A5101551028,https://openalex.org/A5101551028,accepted,2026-10-04T12:06:27.079166+00:00
https://example.org/aimodels/resource/person/A5101561897,https://openalex.org/A5101561897,http://www.w3.org/2002/07/owl#sameAs,exact_openalex_id,https://openalex.org/A5101561897,https://openalex.org/A5101561897,accepted,2026-10-04T12:06:27.079166+00:00
https://example.org/aimodels/resource/person/A5101581913,https://openalex.org/A5101581913,http://www.w3.org/2002/07/owl#sameAs,exact_openalex_id,https://openalex.org/A5101581913,https://openalex.org/A5101581913,accepted,2026-10-04T12:06:27.079166+00:00
https://example.org/aimodels/resource/person/A5101582577,https://openalex.org/A5101582577,http://www.w3.org/2002/07/owl#sameAs,exact_openalex_id,https://openalex.org/A5101582577,https://openalex.org/A5101582577,accepted,2026-10-04T12:06:27.079166+00:00
https://example.org/aimodels/resource/person/A5101588749,https://openalex.org/A5101588749,http://www.w3.org/2002/07/owl#sameAs,exact_openalex_id,https://openalex.org/A5101588749,https://openalex.org/A5101588749,accepted,2026-10-04T12:06:27.079166+00:00
https://example.org/aimodels/resource/person/A5101597225,https://openalex.org/A5101597225,http://www.w3.org/2002/07/owl#sameAs,exact_openalex_id,https://openalex.org/A5101597225,https://openalex.org/A5101597225,accepted,2026-10-04T12:06:27.079166+00:00
https://example.org/aimodels/resource/person/A5101598822,https://openalex.org/A5101598822,http://www.w3.org/2002/07/owl#sameAs,exact_openalex_id,https://openalex.org/A5101598822,https://openalex.org/A5101598822,accepted,2026-10-04T12:06:27.079166+00:00
https://example.org/aimodels/resource/person/A5101603882,https://openalex.org/A5101603882,http://www.w3.org/2002/07/owl#sameAs,exact_openalex_id,https://openalex.org/A5101603882,https://openalex.org/A5101603882,accepted,2026-10-04T12:06:27.079166+00:00
https://example.org/aimodels/resource/person/A5101626009,https://openalex.org/A5101626009,http://www.w3.org/2002/07/owl#sameAs,exact_openalex_id,https://openalex.org/A5101626009,https://openalex.org/A5101626009,accepted,2026-10-04T12:06:27.079166+00:00
https://example.org/aimodels/resource/person/A5101629463,https://openalex.org/A5101629463,http://www.w3.org/2002/07/owl#sameAs,exact_openalex_id,https://openalex.org/A5101629463,https://openalex.org/A5101629463,accepted,2026-10-04T12:06:27.079166+00:00
https://example.org/aimodels/resource/person/A5101642273,https://openalex.org/A5101642273,http://www.w3.org/2002/07/owl#sameAs,exact_openalex_id,https://openalex.org/A5101642273,https://openalex.org/A5101642273,accepted,2026-10-04T12:06:27.079166+00:00
https://example.org/aimodels/resource/person/A5101658564,https://openalex.org/A5101658564,http://www.w3.org/2002/07/owl#sameAs,exact_openalex_id,https://openalex.org/A5101658564,https://openalex.org/A5101658564,accepted,2026-10-04T12:06:27.079166+00:00
https://example.org/aimodels/resource/person/A5101696375,https://openalex.org/A5101696375,http://www.w3.org/2002/07/owl#sameAs,exact_openalex_id,https://openalex.org/A5101696375,https://openalex.org/A5101696375,accepted,2026-10-04T12:06:27.079166+00:00
https://example.org/aimodels/resource/person/A5101711824,https://openalex.org/A5101711824,http://www.w3.org/2002/07/owl#sameAs,exact_openalex_id,https://openalex.org/A5101711824,https://openalex.org/A5101711824,accepted,2026-10-04T12:06:27.079166+00:00
https://example.org/aimodels/resource/person/A5101729628,https://openalex.org/A5101729628,http://www.w3.org/2002/07/owl#sameAs,exact_openalex_id,https://openalex.org/A5101729628,https://openalex.org/A5101729628,accepted,2026-10-04T12:06:27.079166+00:00
https://example.org/aimodels/resource/person/A5101733098,https://openalex.org/A5101733098,http://www.w3.org/2002/07/owl#sameAs,exact_openalex_id,https://openalex.org/A5101733098,https://openalex.org/A5101733098,accepted,2026-10-04T12:06:27.079166+00:00
https://example.org/aimodels/resource/person/A5101771060,https://openalex.org/A5101771060,http://www.w3.org/2002/07/owl#sameAs,exact_openalex_id,https://openalex.org/A5101771060,https://openalex.org/A5101771060,accepted,2026-10-04T12:06:27.079166+00:00
https://example.org/aimodels/resource/person/A5101790532,https://openalex.org/A5101790532,http://www.w3.org/2002/07/owl#sameAs,exact_openalex_id,https://openalex.org/A5101790532,https://openalex.org/A5101790532,accepted,2026-10-04T12:06:27.079166+00:00
https://example.org/aimodels/resource/person/A5101800668,https://openalex.org/A5101800668,http://www.w3.org/2002/07/owl#sameAs,exact_openalex_id,https://openalex.org/A5101800668,https://openalex.org/A5101800668,accepted,2026-10-04T12:06:27.079166+00:00
https://example.org/aimodels/resource/person/A5101809968,https://openalex.org/A5101809968,http://www.w3.org/2002/07/owl#sameAs,exact_openalex_id,https://openalex.org/A5101809968,https://openalex.org/A5101809968,accepted,2026-10-04T12:06:27.079166+00:00
https://example.org/aimodels/resource/person/A5101821970,https://openalex.org/A5101821970,http://www.w3.org/2002/07/owl#sameAs,exact_openalex_id,https://openalex.org/A5101821970,https://openalex.org/A5101821970,accepted,2026-10-04T12:06:27.079166+00:00
https://example.org/aimodels/resource/person/A5101827340,https://openalex.org/A5101827340,http://www.w3.org/2002/07/owl#sameAs,exact_openalex_id,https://openalex.org/A5101827340,https://openalex.org/A5101827340,accepted,2026-10-04T12:06:27.079166+00:00
https://example.org/aimodels/resource/person/A5101839369,https://openalex.org/A5101839369,http://www.w3.org/2002/07/owl#sameAs,exact_openalex_id,https://openalex.org/A5101839369,https://openalex.org/A5101839369,accepted,2026-10-04T12:06:27.079166+00:00
https://example.org/aimodels/resource/person/A5101849100,https://openalex.org/A5101849100,http://www.w3.org/2002/07/owl#sameAs,exact_openalex_id,https://openalex.org/A5101849100,https://openalex.org/A5101849100,accepted,2026-10-04T12:06:27.079166+00:00
https://example.org/aimodels/resource/person/A5101850869,https://openalex.org/A5101850869,http://www.w3.org/2002/07/owl#sameAs,exact_openalex_id,https://openalex.org/A5101850869,https://openalex.org/A5101850869,accepted,2026-10-04T12:06:27.079166+00:00
https://example.org/aimodels/resource/person/A5101879892,https://openalex.org/A5101879892,http://www.w3.org/2002/07/owl#sameAs,exact_openalex_id,https://openalex.org/A5101879892,https://openalex.org/A5101879892,accepted,2026-10-04T12:06:27.079166+00:00
https://example.org/aimodels/resource/person/A5101882561,https://openalex.org/A5101882561,http://www.w3.org/2002/07/owl#sameAs,exact_openalex_id,https://openalex.org/A5101882561,https://openalex.org/A5101882561,accepted,2026-10-04T12:06:27.079166+00:00
https://example.org/aimodels/resource/person/A5101885416,https://openalex.org/A5101885416,http://www.w3.org/2002/07/owl#sameAs,exact_openalex_id,https://openalex.org/A5101885416,https://openalex.org/A5101885416,accepted,2026-10-04T12:06:27.079166+00:00
https://example.org/aimodels/resource/person/A5101918380,https://openalex.org/A5101918380,http://www.w3.org/2002/07/owl#sameAs,exact_openalex_id,https://openalex.org/A5101918380,https://openalex.org/A5101918380,accepted,2026-10-04T12:06:27.079166+00:00
https://example.org/aimodels/resource/person/A5101929118,https://openalex.org/A5101929118,http://www.w3.org/2002/07/owl#sameAs,exact_openalex_id,https://openalex.org/A5101929118,https://openalex.org/A5101929118,accepted,2026-10-04T12:06:27.079166+00:00
https://example.org/aimodels/resource/person/A5101929475,https://openalex.org/A5101929475,http://www.w3.org/2002/07/owl#sameAs,exact_openalex_id,https://openalex.org/A5101929475,https://openalex.org/A5101929475,accepted,2026-10-04T12:06:27.079166+00:00
https://example.org/aimodels/resource/person/A5101931548,https://openalex.org/A5101931548,http://www.w3.org/2002/07/owl#sameAs,exact_openalex_id,https://openalex.org/A5101931548,https://openalex.org/A5101931548,accepted,2026-10-04T12:06:27.079166+00:00
https://example.org/aimodels/resource/person/A5101933711,https://openalex.org/A5101933711,http://www.w3.org/2002/07/owl#sameAs,exact_openalex_id,https://openalex.org/A5101933711,https://openalex.org/A5101933711,accepted,2026-10-04T12:06:27.079166+00:00
https://example.org/aimodels/resource/person/A5101954854,https://openalex.org/A5101954854,http://www.w3.org/2002/07/owl#sameAs,exact_openalex_id,https://openalex.org/A5101954854,https://openalex.org/A5101954854,accepted,2026-10-04T12:06:27.079166+00:00
https://example.org/aimodels/resource/person/A5101959000,https://openalex.org/A5101959000,http://www.w3.org/2002/07/owl#sameAs,exact_openalex_id,https://openalex.org/A5101959000,https://openalex.org/A5101959000,accepted,2026-10-04T12:06:27.079166+00:00
https://example.org/aimodels/resource/person/A5101973028,https://openalex.org/A5101973028,http://www.w3.org/2002/07/owl#sameAs,exact_openalex_id,https://openalex.org/A5101973028,https://openalex.org/A5101973028,accepted,2026-10-04T12:06:27.079166+00:00
https://example.org/aimodels/resource/person/A5101973034,https://openalex.org/A5101973034,http://www.w3.org/2002/07/owl#sameAs,exact_openalex_id,https://openalex.org/A5101973034,https://openalex.org/A5101973034,accepted,2026-10-04T12:06:27.079166+00:00
https://example.org/aimodels/resource/person/A5101977008,https://openalex.org/A5101977008,http://www.w3.org/2002/07/owl#sameAs,exact_openalex_id,https://openalex.org/A5101977008,https://openalex.org/A5101977008,accepted,2026-10-04T12:06:27.079166+00:00
https://example.org/aimodels/resource/person/A5101989589,https://openalex.org/A5101989589,http://www.w3.org/2002/07/owl#sameAs,exact_openalex_id,https://openalex.org/A5101989589,https://openalex.org/A5101989589,accepted,2026-10-04T12:06:27.079166+00:00
https://example.org/aimodels/resource/person/A5101992030,https://openalex.org/A5101992030,http://www.w3.org/2002/07/owl#sameAs,exact_openalex_id,https://openalex.org/A5101992030,https://openalex.org/A5101992030,accepted,2026-10-04T12:06:27.079166+00:00
https://example.org/aimodels/resource/person/A5102001778,https://openalex.org/A5102001778,http://www.w3.org/2002/07/owl#sameAs,exact_openalex_id,https://openalex.org/A5102001778,https://openalex.org/A5102001778,accepted,2026-10-04T12:06:27.079166+00:00
https://example.org/aimodels/resource/person/A5102004349,https://openalex.org/A5102004349,http://www.w3.org/2002/07/owl#sameAs,exact_openalex_id,https://openalex.org/A5102004349,https://openalex.org/A5102004349,accepted,2026-10-04T12:06:27.079166+00:00
https://example.org/aimodels/resource/person/A5102019389,https://openalex.org/A5102019389,http://www.w3.org/2002/07/owl#sameAs,exact_openalex_id,https://openalex.org/A5102019389,https://openalex.org/A5102019389,accepted,2026-10-04T12:06:27.079166+00:00
https://example.org/aimodels/resource/person/A5102024536,https://openalex.org/A5102024536,http://www.w3.org/2002/07/owl#sameAs,exact_openalex_id,https://openalex.org/A5102024536,https://openalex.org/A5102024536,accepted,2026-10-04T12:06:27.079166+00:00
https://example.org/aimodels/resource/person/A5102168278,https://openalex.org/A5102168278,http://www.w3.org/2002/07/owl#sameAs,exact_openalex_id,https://openalex.org/A5102168278,https://openalex.org/A5102168278,accepted,2026-10-04T12:06:27.079166+00:00
https://example.org/aimodels/resource/person/A5102261615,https://openalex.org/A5102261615,http://www.w3.org/2002/07/owl#sameAs,exact_openalex_id,https://openalex.org/A5102261615,https://openalex.org/A5102261615,accepted,2026-10-04T12:06:27.079166+00:00
https://example.org/aimodels/resource/person/A5102320649,https://openalex.org/A5102320649,http://www.w3.org/2002/07/owl#sameAs,exact_openalex_id,https://openalex.org/A5102320649,https://openalex.org/A5102320649,accepted,2026-10-04T12:06:27.079166+00:00
https://example.org/aimodels/resource/person/A5102323363,https://openalex.org/A5102323363,http://www.w3.org/2002/07/owl#sameAs,exact_openalex_id,https://openalex.org/A5102323363,https://openalex.org/A5102323363,accepted,2026-10-04T12:06:27.079166+00:00
https://example.org/aimodels/resource/person/A5102493578,https://openalex.org/A5102493578,http://www.w3.org/2002/07/owl#sameAs,exact_openalex_id,https://openalex.org/A5102493578,https://openalex.org/A5102493578,accepted,2026-10-04T12:06:27.079166+00:00
https://example.org/aimodels/resource/person/A5102506185,https://openalex.org/A5102506185,http://www.w3.org/2002/07/owl#sameAs,exact_openalex_id,https://openalex.org/A5102506185,https://openalex.org/A5102506185,accepted,2026-10-04T12:06:27.079166+00:00
https://example.org/aimodels/resource/person/A5102536560,https://openalex.org/A5102536560,http://www.w3.org/2002/07/owl#sameAs,exact_openalex_id,https://openalex.org/A5102536560,https://openalex.org/A5102536560,accepted,2026-10-04T12:06:27.079166+00:00
https://example.org/aimodels/resource/person/A5102602497,https://openalex.org/A5102602497,http://www.w3.org/2002/07/owl#sameAs,exact_openalex_id,https://openalex.org/A5102602497,https://openalex.org/A5102602497,accepted,2026-10-04T12:06:27.079166+00:00
https://example.org/aimodels/resource/person/A5102775611,https://openalex.org/A5102775611,http://www.w3.org/2002/07/owl#sameAs,exact_openalex_id,https://openalex.org/A5102775611,https://openalex.org/A5102775611,accepted,2026-10-04T12:06:27.079166+00:00
https://example.org/aimodels/resource/person/A5102797989,https://openalex.org/A5102797989,http://www.w3.org/2002/07/owl#sameAs,exact_openalex_id,https://openalex.org/A5102797989,https://openalex.org/A5102797989,accepted,2026-10-04T12:06:27.079166+00:00
https://example.org/aimodels/resource/person/A5102871836,https://openalex.org/A5102871836,http://www.w3.org/2002/07/owl#sameAs,exact_openalex_id,https://openalex.org/A5102871836,https://openalex.org/A5102871836,accepted,2026-10-04T12:06:27.079166+00:00
https://example.org/aimodels/resource/person/A5102883290,https://openalex.org/A5102883290,http://www.w3.org/2002/07/owl#sameAs,exact_openalex_id,https://openalex.org/A5102883290,https://openalex.org/A5102883290,accepted,2026-10-04T12:06:27.079166+00:00
https://example.org/aimodels/resource/person/A5102894085,https://openalex.org/A5102894085,http://www.w3.org/2002/07/owl#sameAs,exact_openalex_id,https://openalex.org/A5102894085,https://openalex.org/A5102894085,accepted,2026-10-04T12:06:27.079166+00:00
https://example.org/aimodels/resource/person/A5102906366,https://openalex.org/A5102906366,http://www.w3.org/2002/07/owl#sameAs,exact_openalex_id,https://openalex.org/A5102906366,https://openalex.org/A5102906366,accepted,2026-10-04T12:06:27.079166+00:00
https://example.org/aimodels/resource/person/A5102912673,https://openalex.org/A5102912673,http://www.w3.org/2002/07/owl#sameAs,exact_openalex_id,https://openalex.org/A5102912673,https://openalex.org/A5102912673,accepted,2026-10-04T12:06:27.079166+00:00
https://example.org/aimodels/resource/person/A5102930702,https://openalex.org/A5102930702,http://www.w3.org/2002/07/owl#sameAs,exact_openalex_id,https://openalex.org/A5102930702,https://openalex.org/A5102930702,accepted,2026-10-04T12:06:27.079166+00:00
https://example.org/aimodels/resource/person/A5102941860,https://openalex.org/A5102941860,http://www.w3.org/2002/07/owl#sameAs,exact_openalex_id,https://openalex.org/A5102941860,https://openalex.org/A5102941860,accepted,2026-10-04T12:06:27.079166+00:00
https://example.org/aimodels/resource/person/A5102953149,https://openalex.org/A5102953149,http://www.w3.org/2002/07/owl#sameAs,exact_openalex_id,https://openalex.org/A5102953149,https://openalex.org/A5102953149,accepted,2026-10-04T12:06:27.079166+00:00
https://example.org/aimodels/resource/person/A5102992157,https://openalex.org/A5102992157,http://www.w3.org/2002/07/owl#sameAs,exact_openalex_id,https://openalex.org/A5102992157,https://openalex.org/A5102992157,accepted,2026-10-04T12:06:27.079166+00:00
https://example.org/aimodels/resource/person/A5102999001,https://openalex.org/A5102999001,http://www.w3.org/2002/07/owl#sameAs,exact_openalex_id,https://openalex.org/A5102999001,https://openalex.org/A5102999001,accepted,2026-10-04T12:06:27.079166+00:00
https://example.org/aimodels/resource/person/A5103002075,https://openalex.org/A5103002075,http://www.w3.org/2002/07/owl#sameAs,exact_openalex_id,https://openalex.org/A5103002075,https://openalex.org/A5103002075,accepted,2026-10-04T12:06:27.079166+00:00
https://example.org/aimodels/resource/person/A5103056110,https://openalex.org/A5103056110,http://www.w3.org/2002/07/owl#sameAs,exact_openalex_id,https://openalex.org/A5103056110,https://openalex.org/A5103056110,accepted,2026-10-04T12:06:27.079166+00:00
https://example.org/aimodels/resource/person/A5103063573,https://openalex.org/A5103063573,http://www.w3.org/2002/07/owl#sameAs,exact_openalex_id,https://openalex.org/A5103063573,https://openalex.org/A5103063573,accepted,2026-10-04T12:06:27.079166+00:00
https://example.org/aimodels/resource/person/A5103069680,https://openalex.org/A5103069680,http://www.w3.org/2002/07/owl#sameAs,exact_openalex_id,https://openalex.org/A5103069680,https://openalex.org/A5103069680,accepted,2026-10-04T12:06:27.079166+00:00
https://example.org/aimodels/resource/person/A5103097172,https://openalex.org/A5103097172,http://www.w3.org/2002/07/owl#sameAs,exact_openalex_id,https://openalex.org/A5103097172,https://openalex.org/A5103097172,accepted,2026-10-04T12:06:27.079166+00:00
https://example.org/aimodels/resource/person/A5103099305,https://openalex.org/A5103099305,http://www.w3.org/2002/07/owl#sameAs,exact_openalex_id,https://openalex.org/A5103099305,https://openalex.org/A5103099305,accepted,2026-10-04T12:06:27.079166+00:00
https://example.org/aimodels/resource/person/A5103099741,https://openalex.org/A5103099741,http://www.w3.org/2002/07/owl#sameAs,exact_openalex_id,https://openalex.org/A5103099741,https://openalex.org/A5103099741,accepted,2026-10-04T12:06:27.079166+00:00
https://example.org/aimodels/resource/person/A5103100933,https://openalex.org/A5103100933,http://www.w3.org/2002/07/owl#sameAs,exact_openalex_id,https://openalex.org/A5103100933,https://openalex.org/A5103100933,accepted,2026-10-04T12:06:27.079166+00:00
https://example.org/aimodels/resource/person/A5103112611,https://openalex.org/A5103112611,http://www.w3.org/2002/07/owl#sameAs,exact_openalex_id,https://openalex.org/A5103112611,https://openalex.org/A5103112611,accepted,2026-10-04T12:06:27.079166+00:00
https://example.org/aimodels/resource/person/A5103122635,https://openalex.org/A5103122635,http://www.w3.org/2002/07/owl#sameAs,exact_openalex_id,https://openalex.org/A5103122635,https://openalex.org/A5103122635,accepted,2026-10-04T12:06:27.079166+00:00
https://example.org/aimodels/resource/person/A5103131863,https://openalex.org/A5103131863,http://www.w3.org/2002/07/owl#sameAs,exact_openalex_id,https://openalex.org/A5103131863,https://openalex.org/A5103131863,accepted,2026-10-04T12:06:27.079166+00:00
https://example.org/aimodels/resource/person/A5103133745,https://openalex.org/A5103133745,http://www.w3.org/2002/07/owl#sameAs,exact_openalex_id,https://openalex.org/A5103133745,https://openalex.org/A5103133745,accepted,2026-10-04T12:06:27.079166+00:00
https://example.org/aimodels/resource/person/A5103139732,https://openalex.org/A5103139732,http://www.w3.org/2002/07/owl#sameAs,exact_openalex_id,https://openalex.org/A5103139732,https://openalex.org/A5103139732,accepted,2026-10-04T12:06:27.079166+00:00
https://example.org/aimodels/resource/person/A5103147054,https://openalex.org/A5103147054,http://www.w3.org/2002/07/owl#sameAs,exact_openalex_id,https://openalex.org/A5103147054,https://openalex.org/A5103147054,accepted,2026-10-04T12:06:27.079166+00:00
https://example.org/aimodels/resource/person/A5103178710,https://openalex.org/A5103178710,http://www.w3.org/2002/07/owl#sameAs,exact_openalex_id,https://openalex.org/A5103178710,https://openalex.org/A5103178710,accepted,2026-10-04T12:06:27.079166+00:00
https://example.org/aimodels/resource/person/A5103198578,https://openalex.org/A5103198578,http://www.w3.org/2002/07/owl#sameAs,exact_openalex_id,https://openalex.org/A5103198578,https://openalex.org/A5103198578,accepted,2026-10-04T12:06:27.079166+00:00
https://example.org/aimodels/resource/person/A5103211182,https://openalex.org/A5103211182,http://www.w3.org/2002/07/owl#sameAs,exact_openalex_id,https://openalex.org/A5103211182,https://openalex.org/A5103211182,accepted,2026-10-04T12:06:27.079166+00:00
https://example.org/aimodels/resource/person/A5103211502,https://openalex.org/A5103211502,http://www.w3.org/2002/07/owl#sameAs,exact_openalex_id,https://openalex.org/A5103211502,https://openalex.org/A5103211502,accepted,2026-10-04T12:06:27.079166+00:00
https://example.org/aimodels/resource/person/A5103220384,https://openalex.org/A5103220384,http://www.w3.org/2002/07/owl#sameAs,exact_openalex_id,https://openalex.org/A5103220384,https://openalex.org/A5103220384,accepted,2026-10-04T12:06:27.079166+00:00
https://example.org/aimodels/resource/person/A5103230101,https://openalex.org/A5103230101,http://www.w3.org/2002/07/owl#sameAs,exact_openalex_id,https://openalex.org/A5103230101,https://openalex.org/A5103230101,accepted,2026-10-04T12:06:27.079166+00:00
https://example.org/aimodels/resource/person/A5103234563,https://openalex.org/A5103234563,http://www.w3.org/2002/07/owl#sameAs,exact_openalex_id,https://openalex.org/A5103234563,https://openalex.org/A5103234563,accepted,2026-10-04T12:06:27.079166+00:00
https://example.org/aimodels/resource/person/A5103255393,https://openalex.org/A5103255393,http://www.w3.org/2002/07/owl#sameAs,exact_openalex_id,https://openalex.org/A5103255393,https://openalex.org/A5103255393,accepted,2026-10-04T12:06:27.079166+00:00
https://example.org/aimodels/resource/person/A5103256595,https://openalex.org/A5103256595,http://www.w3.org/2002/07/owl#sameAs,exact_openalex_id,https://openalex.org/A5103256595,https://openalex.org/A5103256595,accepted,2026-10-04T12:06:27.079166+00:00
https://example.org/aimodels/resource/person/A5103412589,https://openalex.org/A5103412589,http://www.w3.org/2002/07/owl#sameAs,exact_openalex_id,https://openalex.org/A5103412589,https://openalex.org/A5103412589,accepted,2026-10-04T12:06:27.079166+00:00
https://example.org/aimodels/resource/person/A5103525627,https://openalex.org/A5103525627,http://www.w3.org/2002/07/owl#sameAs,exact_openalex_id,https://openalex.org/A5103525627,https://openalex.org/A5103525627,accepted,2026-10-04T12:06:27.079166+00:00
https://example.org/aimodels/resource/person/A5103531364,https://openalex.org/A5103531364,http://www.w3.org/2002/07/owl#sameAs,exact_openalex_id,https://openalex.org/A5103531364,https://openalex.org/A5103531364,accepted,2026-10-04T12:06:27.079166+00:00
https://example.org/aimodels/resource/person/A5103532312,https://openalex.org/A5103532312,http://www.w3.org/2002/07/owl#sameAs,exact_openalex_id,https://openalex.org/A5103532312,https://openalex.org/A5103532312,accepted,2026-10-04T12:06:27.079166+00:00
https://example.org/aimodels/resource/person/A5103549458,https://openalex.org/A5103549458,http://www.w3.org/2002/07/owl#sameAs,exact_openalex_id,https://openalex.org/A5103549458,https://openalex.org/A5103549458,accepted,2026-10-04T12:06:27.079166+00:00
https://example.org/aimodels/resource/person/A5103742478,https://openalex.org/A5103742478,http://www.w3.org/2002/07/owl#sameAs,exact_openalex_id,https://openalex.org/A5103742478,https://openalex.org/A5103742478,accepted,2026-10-04T12:06:27.079166+00:00
https://example.org/aimodels/resource/person/A5103777591,https://openalex.org/A5103777591,http://www.w3.org/2002/07/owl#sameAs,exact_openalex_id,https://openalex.org/A5103777591,https://openalex.org/A5103777591,accepted,2026-10-04T12:06:27.079166+00:00
https://example.org/aimodels/resource/person/A5103852640,https://openalex.org/A5103852640,http://www.w3.org/2002/07/owl#sameAs,exact_openalex_id,https://openalex.org/A5103852640,https://openalex.org/A5103852640,accepted,2026-10-04T12:06:27.079166+00:00
https://example.org/aimodels/resource/person/A5103934038,https://openalex.org/A5103934038,http://www.w3.org/2002/07/owl#sameAs,exact_openalex_id,https://openalex.org/A5103934038,https://openalex.org/A5103934038,accepted,2026-10-04T12:06:27.079166+00:00
https://example.org/aimodels/resource/person/A5103947107,https://openalex.org/A5103947107,http://www.w3.org/2002/07/owl#sameAs,exact_openalex_id,https://openalex.org/A5103947107,https://openalex.org/A5103947107,accepted,2026-10-04T12:06:27.079166+00:00
https://example.org/aimodels/resource/person/A5103983469,https://openalex.org/A5103983469,http://www.w3.org/2002/07/owl#sameAs,exact_openalex_id,https://openalex.org/A5103983469,https://openalex.org/A5103983469,accepted,2026-10-04T12:06:27.079166+00:00
https://example.org/aimodels/resource/person/A5104053092,https://openalex.org/A5104053092,http://www.w3.org/2002/07/owl#sameAs,exact_openalex_id,https://openalex.org/A5104053092,https://openalex.org/A5104053092,accepted,2026-10-04T12:06:27.079166+00:00
https://example.org/aimodels/resource/person/A5104102021,https://openalex.org/A5104102021,http://www.w3.org/2002/07/owl#sameAs,exact_openalex_id,https://openalex.org/A5104102021,https://openalex.org/A5104102021,accepted,2026-10-04T12:06:27.079166+00:00
https://example.org/aimodels/resource/person/A5104127081,https://openalex.org/A5104127081,http://www.w3.org/2002/07/owl#sameAs,exact_openalex_id,https://openalex.org/A5104127081,https://openalex.org/A5104127081,accepted,2026-10-04T12:06:27.079166+00:00
https://example.org/aimodels/resource/person/A5104145657,https://openalex.org/A5104145657,http://www.w3.org/2002/07/owl#sameAs,exact_openalex_id,https://openalex.org/A5104145657,https://openalex.org/A5104145657,accepted,2026-10-04T12:06:27.079166+00:00
https://example.org/aimodels/resource/person/A5104217086,https://openalex.org/A5104217086,http://www.w3.org/2002/07/owl#sameAs,exact_openalex_id,https://openalex.org/A5104217086,https://openalex.org/A5104217086,accepted,2026-10-04T12:06:27.079166+00:00
https://example.org/aimodels/resource/person/A5104217087,https://openalex.org/A5104217087,http://www.w3.org/2002/07/owl#sameAs,exact_openalex_id,https://openalex.org/A5104217087,https://openalex.org/A5104217087,accepted,2026-10-04T12:06:27.079166+00:00
https://example.org/aimodels/resource/person/A5104238116,https://openalex.org/A5104238116,http://www.w3.org/2002/07/owl#sameAs,exact_openalex_id,https://openalex.org/A5104238116,https://openalex.org/A5104238116,accepted,2026-10-04T12:06:27.079166+00:00
https://example.org/aimodels/resource/person/A5104285560,https://openalex.org/A5104285560,http://www.w3.org/2002/07/owl#sameAs,exact_openalex_id,https://openalex.org/A5104285560,https://openalex.org/A5104285560,accepted,2026-10-04T12:06:27.079166+00:00
https://example.org/aimodels/resource/person/A5104286740,https://openalex.org/A5104286740,http://www.w3.org/2002/07/owl#sameAs,exact_openalex_id,https://openalex.org/A5104286740,https://openalex.org/A5104286740,accepted,2026-10-04T12:06:27.079166+00:00
https://example.org/aimodels/resource/person/A5104521370,https://openalex.org/A5104521370,http://www.w3.org/2002/07/owl#sameAs,exact_openalex_id,https://openalex.org/A5104521370,https://openalex.org/A5104521370,accepted,2026-10-04T12:06:27.079166+00:00
https://example.org/aimodels/resource/person/A5106322942,https://openalex.org/A5106322942,http://www.w3.org/2002/07/owl#sameAs,exact_openalex_id,https://openalex.org/A5106322942,https://openalex.org/A5106322942,accepted,2026-10-04T12:06:27.079166+00:00
https://example.org/aimodels/resource/person/A5106388659,https://openalex.org/A5106388659,http://www.w3.org/2002/07/owl#sameAs,exact_openalex_id,https://openalex.org/A5106388659,https://openalex.org/A5106388659,accepted,2026-10-04T12:06:27.079166+00:00
https://example.org/aimodels/resource/person/A5106407830,https://openalex.org/A5106407830,http://www.w3.org/2002/07/owl#sameAs,exact_openalex_id,https://openalex.org/A5106407830,https://openalex.org/A5106407830,accepted,2026-10-04T12:06:27.079166+00:00
https://example.org/aimodels/resource/person/A5106671151,https://openalex.org/A5106671151,http://www.w3.org/2002/07/owl#sameAs,exact_openalex_id,https://openalex.org/A5106671151,https://openalex.org/A5106671151,accepted,2026-10-04T12:06:27.079166+00:00
https://example.org/aimodels/resource/person/A5107243336,https://openalex.org/A5107243336,http://www.w3.org/2002/07/owl#sameAs,exact_openalex_id,https://openalex.org/A5107243336,https://openalex.org/A5107243336,accepted,2026-10-04T12:06:27.079166+00:00
https://example.org/aimodels/resource/person/A5107692307,https://openalex.org/A5107692307,http://www.w3.org/2002/07/owl#sameAs,exact_openalex_id,https://openalex.org/A5107692307,https://openalex.org/A5107692307,accepted,2026-10-04T12:06:27.079166+00:00
https://example.org/aimodels/resource/person/A5107835063,https://openalex.org/A5107835063,http://www.w3.org/2002/07/owl#sameAs,exact_openalex_id,https://openalex.org/A5107835063,https://openalex.org/A5107835063,accepted,2026-10-04T12:06:27.079166+00:00
https://example.org/aimodels/resource/person/A5107859338,https://openalex.org/A5107859338,http://www.w3.org/2002/07/owl#sameAs,exact_openalex_id,https://openalex.org/A5107859338,https://openalex.org/A5107859338,accepted,2026-10-04T12:06:27.079166+00:00
https://example.org/aimodels/resource/person/A5107893340,https://openalex.org/A5107893340,http://www.w3.org/2002/07/owl#sameAs,exact_openalex_id,https://openalex.org/A5107893340,https://openalex.org/A5107893340,accepted,2026-10-04T12:06:27.079166+00:00
https://example.org/aimodels/resource/person/A5107899645,https://openalex.org/A5107899645,http://www.w3.org/2002/07/owl#sameAs,exact_openalex_id,https://openalex.org/A5107899645,https://openalex.org/A5107899645,accepted,2026-10-04T12:06:27.079166+00:00
https://example.org/aimodels/resource/person/A5107939686,https://openalex.org/A5107939686,http://www.w3.org/2002/07/owl#sameAs,exact_openalex_id,https://openalex.org/A5107939686,https://openalex.org/A5107939686,accepted,2026-10-04T12:06:27.079166+00:00
https://example.org/aimodels/resource/person/A5108062941,https://openalex.org/A5108062941,http://www.w3.org/2002/07/owl#sameAs,exact_openalex_id,https://openalex.org/A5108062941,https://openalex.org/A5108062941,accepted,2026-10-04T12:06:27.079166+00:00
https://example.org/aimodels/resource/person/A5108093963,https://openalex.org/A5108093963,http://www.w3.org/2002/07/owl#sameAs,exact_openalex_id,https://openalex.org/A5108093963,https://openalex.org/A5108093963,accepted,2026-10-04T12:06:27.079166+00:00
https://example.org/aimodels/resource/person/A5108257764,https://openalex.org/A5108257764,http://www.w3.org/2002/07/owl#sameAs,exact_openalex_id,https://openalex.org/A5108257764,https://openalex.org/A5108257764,accepted,2026-10-04T12:06:27.079166+00:00
https://example.org/aimodels/resource/person/A5108399988,https://openalex.org/A5108399988,http://www.w3.org/2002/07/owl#sameAs,exact_openalex_id,https://openalex.org/A5108399988,https://openalex.org/A5108399988,accepted,2026-10-04T12:06:27.079166+00:00
https://example.org/aimodels/resource/person/A5108601104,https://openalex.org/A5108601104,http://www.w3.org/2002/07/owl#sameAs,exact_openalex_id,https://openalex.org/A5108601104,https://openalex.org/A5108601104,accepted,2026-10-04T12:06:27.079166+00:00
https://example.org/aimodels/resource/person/A5108814327,https://openalex.org/A5108814327,http://www.w3.org/2002/07/owl#sameAs,exact_openalex_id,https://openalex.org/A5108814327,https://openalex.org/A5108814327,accepted,2026-10-04T12:06:27.079166+00:00
https://example.org/aimodels/resource/person/A5108893565,https://openalex.org/A5108893565,http://www.w3.org/2002/07/owl#sameAs,exact_openalex_id,https://openalex.org/A5108893565,https://openalex.org/A5108893565,accepted,2026-10-04T12:06:27.079166+00:00
https://example.org/aimodels/resource/person/A5108943133,https://openalex.org/A5108943133,http://www.w3.org/2002/07/owl#sameAs,exact_openalex_id,https://openalex.org/A5108943133,https://openalex.org/A5108943133,accepted,2026-10-04T12:06:27.079166+00:00
https://example.org/aimodels/resource/person/A5108961327,https://openalex.org/A5108961327,http://www.w3.org/2002/07/owl#sameAs,exact_openalex_id,https://openalex.org/A5108961327,https://openalex.org/A5108961327,accepted,2026-10-04T12:06:27.079166+00:00
https://example.org/aimodels/resource/person/A5109005188,https://openalex.org/A5109005188,http://www.w3.org/2002/07/owl#sameAs,exact_openalex_id,https://openalex.org/A5109005188,https://openalex.org/A5109005188,accepted,2026-10-04T12:06:27.079166+00:00
https://example.org/aimodels/resource/person/A5109083484,https://openalex.org/A5109083484,http://www.w3.org/2002/07/owl#sameAs,exact_openalex_id,https://openalex.org/A5109083484,https://openalex.org/A5109083484,accepted,2026-10-04T12:06:27.079166+00:00
https://example.org/aimodels/resource/person/A5109384620,https://openalex.org/A5109384620,http://www.w3.org/2002/07/owl#sameAs,exact_openalex_id,https://openalex.org/A5109384620,https://openalex.org/A5109384620,accepted,2026-10-04T12:06:27.079166+00:00
https://example.org/aimodels/resource/person/A5109478033,https://openalex.org/A5109478033,http://www.w3.org/2002/07/owl#sameAs,exact_openalex_id,https://openalex.org/A5109478033,https://openalex.org/A5109478033,accepted,2026-10-04T12:06:27.079166+00:00
https://example.org/aimodels/resource/person/A5109481132,https://openalex.org/A5109481132,http://www.w3.org/2002/07/owl#sameAs,exact_openalex_id,https://openalex.org/A5109481132,https://openalex.org/A5109481132,accepted,2026-10-04T12:06:27.079166+00:00
https://example.org/aimodels/resource/person/A5109666673,https://openalex.org/A5109666673,http://www.w3.org/2002/07/owl#sameAs,exact_openalex_id,https://openalex.org/A5109666673,https://openalex.org/A5109666673,accepted,2026-10-04T12:06:27.079166+00:00
https://example.org/aimodels/resource/person/A5109672590,https://openalex.org/A5109672590,http://www.w3.org/2002/07/owl#sameAs,exact_openalex_id,https://openalex.org/A5109672590,https://openalex.org/A5109672590,accepted,2026-10-04T12:06:27.079166+00:00
https://example.org/aimodels/resource/person/A5109730221,https://openalex.org/A5109730221,http://www.w3.org/2002/07/owl#sameAs,exact_openalex_id,https://openalex.org/A5109730221,https://openalex.org/A5109730221,accepted,2026-10-04T12:06:27.079166+00:00
https://example.org/aimodels/resource/person/A5110082245,https://openalex.org/A5110082245,http://www.w3.org/2002/07/owl#sameAs,exact_openalex_id,https://openalex.org/A5110082245,https://openalex.org/A5110082245,accepted,2026-10-04T12:06:27.079166+00:00
https://example.org/aimodels/resource/person/A5110117745,https://openalex.org/A5110117745,http://www.w3.org/2002/07/owl#sameAs,exact_openalex_id,https://openalex.org/A5110117745,https://openalex.org/A5110117745,accepted,2026-10-04T12:06:27.079166+00:00
https://example.org/aimodels/resource/person/A5110193634,https://openalex.org/A5110193634,http://www.w3.org/2002/07/owl#sameAs,exact_openalex_id,https://openalex.org/A5110193634,https://openalex.org/A5110193634,accepted,2026-10-04T12:06:27.079166+00:00
https://example.org/aimodels/resource/person/A5110285832,https://openalex.org/A5110285832,http://www.w3.org/2002/07/owl#sameAs,exact_openalex_id,https://openalex.org/A5110285832,https://openalex.org/A5110285832,accepted,2026-10-04T12:06:27.079166+00:00
https://example.org/aimodels/resource/person/A5110564361,https://openalex.org/A5110564361,http://www.w3.org/2002/07/owl#sameAs,exact_openalex_id,https://openalex.org/A5110564361,https://openalex.org/A5110564361,accepted,2026-10-04T12:06:27.079166+00:00
https://example.org/aimodels/resource/person/A5110652380,https://openalex.org/A5110652380,http://www.w3.org/2002/07/owl#sameAs,exact_openalex_id,https://openalex.org/A5110652380,https://openalex.org/A5110652380,accepted,2026-10-04T12:06:27.079166+00:00
https://example.org/aimodels/resource/person/A5110691380,https://openalex.org/A5110691380,http://www.w3.org/2002/07/owl#sameAs,exact_openalex_id,https://openalex.org/A5110691380,https://openalex.org/A5110691380,accepted,2026-10-04T12:06:27.079166+00:00
https://example.org/aimodels/resource/person/A5110883303,https://openalex.org/A5110883303,http://www.w3.org/2002/07/owl#sameAs,exact_openalex_id,https://openalex.org/A5110883303,https://openalex.org/A5110883303,accepted,2026-10-04T12:06:27.079166+00:00
https://example.org/aimodels/resource/person/A5111038333,https://openalex.org/A5111038333,http://www.w3.org/2002/07/owl#sameAs,exact_openalex_id,https://openalex.org/A5111038333,https://openalex.org/A5111038333,accepted,2026-10-04T12:06:27.079166+00:00
https://example.org/aimodels/resource/person/A5111047576,https://openalex.org/A5111047576,http://www.w3.org/2002/07/owl#sameAs,exact_openalex_id,https://openalex.org/A5111047576,https://openalex.org/A5111047576,accepted,2026-10-04T12:06:27.079166+00:00
https://example.org/aimodels/resource/person/A5111073904,https://openalex.org/A5111073904,http://www.w3.org/2002/07/owl#sameAs,exact_openalex_id,https://openalex.org/A5111073904,https://openalex.org/A5111073904,accepted,2026-10-04T12:06:27.079166+00:00
https://example.org/aimodels/resource/person/A5111279824,https://openalex.org/A5111279824,http://www.w3.org/2002/07/owl#sameAs,exact_openalex_id,https://openalex.org/A5111279824,https://openalex.org/A5111279824,accepted,2026-10-04T12:06:27.079166+00:00
https://example.org/aimodels/resource/person/A5111319243,https://openalex.org/A5111319243,http://www.w3.org/2002/07/owl#sameAs,exact_openalex_id,https://openalex.org/A5111319243,https://openalex.org/A5111319243,accepted,2026-10-04T12:06:27.079166+00:00
https://example.org/aimodels/resource/person/A5111514705,https://openalex.org/A5111514705,http://www.w3.org/2002/07/owl#sameAs,exact_openalex_id,https://openalex.org/A5111514705,https://openalex.org/A5111514705,accepted,2026-10-04T12:06:27.079166+00:00
https://example.org/aimodels/resource/person/A5111802678,https://openalex.org/A5111802678,http://www.w3.org/2002/07/owl#sameAs,exact_openalex_id,https://openalex.org/A5111802678,https://openalex.org/A5111802678,accepted,2026-10-04T12:06:27.079166+00:00
https://example.org/aimodels/resource/person/A5111863979,https://openalex.org/A5111863979,http://www.w3.org/2002/07/owl#sameAs,exact_openalex_id,https://openalex.org/A5111863979,https://openalex.org/A5111863979,accepted,2026-10-04T12:06:27.079166+00:00
https://example.org/aimodels/resource/person/A5112330765,https://openalex.org/A5112330765,http://www.w3.org/2002/07/owl#sameAs,exact_openalex_id,https://openalex.org/A5112330765,https://openalex.org/A5112330765,accepted,2026-10-04T12:06:27.079166+00:00
https://example.org/aimodels/resource/person/A5112374713,https://openalex.org/A5112374713,http://www.w3.org/2002/07/owl#sameAs,exact_openalex_id,https://openalex.org/A5112374713,https://openalex.org/A5112374713,accepted,2026-10-04T12:06:27.079166+00:00
https://example.org/aimodels/resource/person/A5112433883,https://openalex.org/A5112433883,http://www.w3.org/2002/07/owl#sameAs,exact_openalex_id,https://openalex.org/A5112433883,https://openalex.org/A5112433883,accepted,2026-10-04T12:06:27.079166+00:00
https://example.org/aimodels/resource/person/A5112445699,https://openalex.org/A5112445699,http://www.w3.org/2002/07/owl#sameAs,exact_openalex_id,https://openalex.org/A5112445699,https://openalex.org/A5112445699,accepted,2026-10-04T12:06:27.079166+00:00
https://example.org/aimodels/resource/person/A5112608251,https://openalex.org/A5112608251,http://www.w3.org/2002/07/owl#sameAs,exact_openalex_id,https://openalex.org/A5112608251,https://openalex.org/A5112608251,accepted,2026-10-04T12:06:27.079166+00:00
https://example.org/aimodels/resource/person/A5112615531,https://openalex.org/A5112615531,http://www.w3.org/2002/07/owl#sameAs,exact_openalex_id,https://openalex.org/A5112615531,https://openalex.org/A5112615531,accepted,2026-10-04T12:06:27.079166+00:00
https://example.org/aimodels/resource/person/A5112620294,https://openalex.org/A5112620294,http://www.w3.org/2002/07/owl#sameAs,exact_openalex_id,https://openalex.org/A5112620294,https://openalex.org/A5112620294,accepted,2026-10-04T12:06:27.079166+00:00
https://example.org/aimodels/resource/person/A5112705664,https://openalex.org/A5112705664,http://www.w3.org/2002/07/owl#sameAs,exact_openalex_id,https://openalex.org/A5112705664,https://openalex.org/A5112705664,accepted,2026-10-04T12:06:27.079166+00:00
https://example.org/aimodels/resource/person/A5112748839,https://openalex.org/A5112748839,http://www.w3.org/2002/07/owl#sameAs,exact_openalex_id,https://openalex.org/A5112748839,https://openalex.org/A5112748839,accepted,2026-10-04T12:06:27.079166+00:00
https://example.org/aimodels/resource/person/A5112853549,https://openalex.org/A5112853549,http://www.w3.org/2002/07/owl#sameAs,exact_openalex_id,https://openalex.org/A5112853549,https://openalex.org/A5112853549,accepted,2026-10-04T12:06:27.079166+00:00
https://example.org/aimodels/resource/person/A5112877229,https://openalex.org/A5112877229,http://www.w3.org/2002/07/owl#sameAs,exact_openalex_id,https://openalex.org/A5112877229,https://openalex.org/A5112877229,accepted,2026-10-04T12:06:27.079166+00:00
https://example.org/aimodels/resource/person/A5112924039,https://openalex.org/A5112924039,http://www.w3.org/2002/07/owl#sameAs,exact_openalex_id,https://openalex.org/A5112924039,https://openalex.org/A5112924039,accepted,2026-10-04T12:06:27.079166+00:00
https://example.org/aimodels/resource/person/A5112942464,https://openalex.org/A5112942464,http://www.w3.org/2002/07/owl#sameAs,exact_openalex_id,https://openalex.org/A5112942464,https://openalex.org/A5112942464,accepted,2026-10-04T12:06:27.079166+00:00
https://example.org/aimodels/resource/person/A5112952983,https://openalex.org/A5112952983,http://www.w3.org/2002/07/owl#sameAs,exact_openalex_id,https://openalex.org/A5112952983,https://openalex.org/A5112952983,accepted,2026-10-04T12:06:27.079166+00:00
https://example.org/aimodels/resource/person/A5112963469,https://openalex.org/A5112963469,http://www.w3.org/2002/07/owl#sameAs,exact_openalex_id,https://openalex.org/A5112963469,https://openalex.org/A5112963469,accepted,2026-10-04T12:06:27.079166+00:00
https://example.org/aimodels/resource/person/A5113091614,https://openalex.org/A5113091614,http://www.w3.org/2002/07/owl#sameAs,exact_openalex_id,https://openalex.org/A5113091614,https://openalex.org/A5113091614,accepted,2026-10-04T12:06:27.079166+00:00
https://example.org/aimodels/resource/person/A5113226487,https://openalex.org/A5113226487,http://www.w3.org/2002/07/owl#sameAs,exact_openalex_id,https://openalex.org/A5113226487,https://openalex.org/A5113226487,accepted,2026-10-04T12:06:27.079166+00:00
https://example.org/aimodels/resource/person/A5113256072,https://openalex.org/A5113256072,http://www.w3.org/2002/07/owl#sameAs,exact_openalex_id,https://openalex.org/A5113256072,https://openalex.org/A5113256072,accepted,2026-10-04T12:06:27.079166+00:00
https://example.org/aimodels/resource/person/A5113287451,https://openalex.org/A5113287451,http://www.w3.org/2002/07/owl#sameAs,exact_openalex_id,https://openalex.org/A5113287451,https://openalex.org/A5113287451,accepted,2026-10-04T12:06:27.079166+00:00
https://example.org/aimodels/resource/person/A5113346577,https://openalex.org/A5113346577,http://www.w3.org/2002/07/owl#sameAs,exact_openalex_id,https://openalex.org/A5113346577,https://openalex.org/A5113346577,accepted,2026-10-04T12:06:27.079166+00:00
https://example.org/aimodels/resource/person/A5113394742,https://openalex.org/A5113394742,http://www.w3.org/2002/07/owl#sameAs,exact_openalex_id,https://openalex.org/A5113394742,https://openalex.org/A5113394742,accepted,2026-10-04T12:06:27.079166+00:00
https://example.org/aimodels/resource/person/A5113417549,https://openalex.org/A5113417549,http://www.w3.org/2002/07/owl#sameAs,exact_openalex_id,https://openalex.org/A5113417549,https://openalex.org/A5113417549,accepted,2026-10-04T12:06:27.079166+00:00
https://example.org/aimodels/resource/person/A5113452656,https://openalex.org/A5113452656,http://www.w3.org/2002/07/owl#sameAs,exact_openalex_id,https://openalex.org/A5113452656,https://openalex.org/A5113452656,accepted,2026-10-04T12:06:27.079166+00:00
https://example.org/aimodels/resource/person/A5113593955,https://openalex.org/A5113593955,http://www.w3.org/2002/07/owl#sameAs,exact_openalex_id,https://openalex.org/A5113593955,https://openalex.org/A5113593955,accepted,2026-10-04T12:06:27.079166+00:00
https://example.org/aimodels/resource/person/A5113628365,https://openalex.org/A5113628365,http://www.w3.org/2002/07/owl#sameAs,exact_openalex_id,https://openalex.org/A5113628365,https://openalex.org/A5113628365,accepted,2026-10-04T12:06:27.079166+00:00
https://example.org/aimodels/resource/person/A5113747152,https://openalex.org/A5113747152,http://www.w3.org/2002/07/owl#sameAs,exact_openalex_id,https://openalex.org/A5113747152,https://openalex.org/A5113747152,accepted,2026-10-04T12:06:27.079166+00:00
https://example.org/aimodels/resource/person/A5113750837,https://openalex.org/A5113750837,http://www.w3.org/2002/07/owl#sameAs,exact_openalex_id,https://openalex.org/A5113750837,https://openalex.org/A5113750837,accepted,2026-10-04T12:06:27.079166+00:00
https://example.org/aimodels/resource/person/A5113895633,https://openalex.org/A5113895633,http://www.w3.org/2002/07/owl#sameAs,exact_openalex_id,https://openalex.org/A5113895633,https://openalex.org/A5113895633,accepted,2026-10-04T12:06:27.079166+00:00
https://example.org/aimodels/resource/person/A5114054929,https://openalex.org/A5114054929,http://www.w3.org/2002/07/owl#sameAs,exact_openalex_id,https://openalex.org/A5114054929,https://openalex.org/A5114054929,accepted,2026-10-04T12:06:27.079166+00:00
https://example.org/aimodels/resource/person/A5114136395,https://openalex.org/A5114136395,http://www.w3.org/2002/07/owl#sameAs,exact_openalex_id,https://openalex.org/A5114136395,https://openalex.org/A5114136395,accepted,2026-10-04T12:06:27.079166+00:00
https://example.org/aimodels/resource/person/A5114190756,https://openalex.org/A5114190756,http://www.w3.org/2002/07/owl#sameAs,exact_openalex_id,https://openalex.org/A5114190756,https://openalex.org/A5114190756,accepted,2026-10-04T12:06:27.079166+00:00
https://example.org/aimodels/resource/person/A5114239683,https://openalex.org/A5114239683,http://www.w3.org/2002/07/owl#sameAs,exact_openalex_id,https://openalex.org/A5114239683,https://openalex.org/A5114239683,accepted,2026-10-04T12:06:27.079166+00:00
https://example.org/aimodels/resource/person/A5114267479,https://openalex.org/A5114267479,http://www.w3.org/2002/07/owl#sameAs,exact_openalex_id,https://openalex.org/A5114267479,https://openalex.org/A5114267479,accepted,2026-10-04T12:06:27.079166+00:00
https://example.org/aimodels/resource/person/A5114267480,https://openalex.org/A5114267480,http://www.w3.org/2002/07/owl#sameAs,exact_openalex_id,https://openalex.org/A5114267480,https://openalex.org/A5114267480,accepted,2026-10-04T12:06:27.079166+00:00
https://example.org/aimodels/resource/person/A5114500343,https://openalex.org/A5114500343,http://www.w3.org/2002/07/owl#sameAs,exact_openalex_id,https://openalex.org/A5114500343,https://openalex.org/A5114500343,accepted,2026-10-04T12:06:27.079166+00:00
https://example.org/aimodels/resource/person/A5114723683,https://openalex.org/A5114723683,http://www.w3.org/2002/07/owl#sameAs,exact_openalex_id,https://openalex.org/A5114723683,https://openalex.org/A5114723683,accepted,2026-10-04T12:06:27.079166+00:00
https://example.org/aimodels/resource/person/A5114889392,https://openalex.org/A5114889392,http://www.w3.org/2002/07/owl#sameAs,exact_openalex_id,https://openalex.org/A5114889392,https://openalex.org/A5114889392,accepted,2026-10-04T12:06:27.079166+00:00
https://example.org/aimodels/resource/person/A5114910293,https://openalex.org/A5114910293,http://www.w3.org/2002/07/owl#sameAs,exact_openalex_id,https://openalex.org/A5114910293,https://openalex.org/A5114910293,accepted,2026-10-04T12:06:27.079166+00:00
https://example.org/aimodels/resource/person/A5114910997,https://openalex.org/A5114910997,http://www.w3.org/2002/07/owl#sameAs,exact_openalex_id,https://openalex.org/A5114910997,https://openalex.org/A5114910997,accepted,2026-10-04T12:06:27.079166+00:00
https://example.org/aimodels/resource/person/A5115605110,https://openalex.org/A5115605110,http://www.w3.org/2002/07/owl#sameAs,exact_openalex_id,https://openalex.org/A5115605110,https://openalex.org/A5115605110,accepted,2026-10-04T12:06:27.079166+00:00
https://example.org/aimodels/resource/person/A5115695530,https://openalex.org/A5115695530,http://www.w3.org/2002/07/owl#sameAs,exact_openalex_id,https://openalex.org/A5115695530,https://openalex.org/A5115695530,accepted,2026-10-04T12:06:27.079166+00:00
https://example.org/aimodels/resource/person/A5115792630,https://openalex.org/A5115792630,http://www.w3.org/2002/07/owl#sameAs,exact_openalex_id,https://openalex.org/A5115792630,https://openalex.org/A5115792630,accepted,2026-10-04T12:06:27.079166+00:00
https://example.org/aimodels/resource/person/A5115810004,https://openalex.org/A5115810004,http://www.w3.org/2002/07/owl#sameAs,exact_openalex_id,https://openalex.org/A5115810004,https://openalex.org/A5115810004,accepted,2026-10-04T12:06:27.079166+00:00
https://example.org/aimodels/resource/person/A5115810005,https://openalex.org/A5115810005,http://www.w3.org/2002/07/owl#sameAs,exact_openalex_id,https://openalex.org/A5115810005,https://openalex.org/A5115810005,accepted,2026-10-04T12:06:27.079166+00:00
https://example.org/aimodels/resource/person/A5117097165,https://openalex.org/A5117097165,http://www.w3.org/2002/07/owl#sameAs,exact_openalex_id,https://openalex.org/A5117097165,https://openalex.org/A5117097165,accepted,2026-10-04T12:06:27.079166+00:00
https://example.org/aimodels/resource/person/A5117779795,https://openalex.org/A5117779795,http://www.w3.org/2002/07/owl#sameAs,exact_openalex_id,https://openalex.org/A5117779795,https://openalex.org/A5117779795,accepted,2026-10-04T12:06:27.079166+00:00
https://example.org/aimodels/resource/person/A5124228420,https://openalex.org/A5124228420,http://www.w3.org/2002/07/owl#sameAs,exact_openalex_id,https://openalex.org/A5124228420,https://openalex.org/A5124228420,accepted,2026-10-04T12:06:27.079166+00:00
https://example.org/aimodels/resource/person/A5125953256,https://openalex.org/A5125953256,http://www.w3.org/2002/07/owl#sameAs,exact_openalex_id,https://openalex.org/A5125953256,https://openalex.org/A5125953256,accepted,2026-10-04T12:06:27.079166+00:00
https://example.org/aimodels/resource/person/A5126282416,https://openalex.org/A5126282416,http://www.w3.org/2002/07/owl#sameAs,exact_openalex_id,https://openalex.org/A5126282416,https://openalex.org/A5126282416,accepted,2026-10-04T12:06:27.079166+00:00
https://example.org/aimodels/resource/person/A5127777713,https://openalex.org/A5127777713,http://www.w3.org/2002/07/owl#sameAs,exact_openalex_id,https://openalex.org/A5127777713,https://openalex.org/A5127777713,accepted,2026-10-04T12:06:27.079166+00:00
https://example.org/aimodels/resource/person/A5127806464,https://openalex.org/A5127806464,http://www.w3.org/2002/07/owl#sameAs,exact_openalex_id,https://openalex.org/A5127806464,https://openalex.org/A5127806464,accepted,2026-10-04T12:06:27.079166+00:00
https://example.org/aimodels/resource/person/A5127820429,https://openalex.org/A5127820429,http://www.w3.org/2002/07/owl#sameAs,exact_openalex_id,https://openalex.org/A5127820429,https://openalex.org/A5127820429,accepted,2026-10-04T12:06:27.079166+00:00
https://example.org/aimodels/resource/person/A5127830032,https://openalex.org/A5127830032,http://www.w3.org/2002/07/owl#sameAs,exact_openalex_id,https://openalex.org/A5127830032,https://openalex.org/A5127830032,accepted,2026-10-04T12:06:27.079166+00:00
https://example.org/aimodels/resource/person/A5127835223,https://openalex.org/A5127835223,http://www.w3.org/2002/07/owl#sameAs,exact_openalex_id,https://openalex.org/A5127835223,https://openalex.org/A5127835223,accepted,2026-10-04T12:06:27.079166+00:00
https://example.org/aimodels/resource/person/A5127845778,https://openalex.org/A5127845778,http://www.w3.org/2002/07/owl#sameAs,exact_openalex_id,https://openalex.org/A5127845778,https://openalex.org/A5127845778,accepted,2026-10-04T12:06:27.079166+00:00
https://example.org/aimodels/resource/person/A5127852725,https://openalex.org/A5127852725,http://www.w3.org/2002/07/owl#sameAs,exact_openalex_id,https://openalex.org/A5127852725,https://openalex.org/A5127852725,accepted,2026-10-04T12:06:27.079166+00:00
https://example.org/aimodels/resource/person/A5127857043,https://openalex.org/A5127857043,http://www.w3.org/2002/07/owl#sameAs,exact_openalex_id,https://openalex.org/A5127857043,https://openalex.org/A5127857043,accepted,2026-10-04T12:06:27.079166+00:00
https://example.org/aimodels/resource/person/A5127859290,https://openalex.org/A5127859290,http://www.w3.org/2002/07/owl#sameAs,exact_openalex_id,https://openalex.org/A5127859290,https://openalex.org/A5127859290,accepted,2026-10-04T12:06:27.079166+00:00
https://example.org/aimodels/resource/person/A5127861701,https://openalex.org/A5127861701,http://www.w3.org/2002/07/owl#sameAs,exact_openalex_id,https://openalex.org/A5127861701,https://openalex.org/A5127861701,accepted,2026-10-04T12:06:27.079166+00:00
https://example.org/aimodels/resource/person/A5127870194,https://openalex.org/A5127870194,http://www.w3.org/2002/07/owl#sameAs,exact_openalex_id,https://openalex.org/A5127870194,https://openalex.org/A5127870194,accepted,2026-10-04T12:06:27.079166+00:00
https://example.org/aimodels/resource/person/A5130341073,https://openalex.org/A5130341073,http://www.w3.org/2002/07/owl#sameAs,exact_openalex_id,https://openalex.org/A5130341073,https://openalex.org/A5130341073,accepted,2026-10-04T12:06:27.079166+00:00
https://example.org/aimodels/resource/person/A5134971971,https://openalex.org/A5134971971,http://www.w3.org/2002/07/owl#sameAs,exact_openalex_id,https://openalex.org/A5134971971,https://openalex.org/A5134971971,accepted,2026-10-04T12:06:27.079166+00:00
https://example.org/aimodels/resource/person/A5146717563,https://openalex.org/A5146717563,http://www.w3.org/2002/07/owl#sameAs,exact_openalex_id,https://openalex.org/A5146717563,https://openalex.org/A5146717563,accepted,2026-10-04T12:06:27.079166+00:00
https://example.org/aimodels/resource/person/A5150400279,https://openalex.org/A5150400279,http://www.w3.org/2002/07/owl#sameAs,exact_openalex_id,https://openalex.org/A5150400279,https://openalex.org/A5150400279,accepted,2026-10-04T12:06:27.079166+00:00
https://example.org/aimodels/resource/person/A5153264783,https://openalex.org/A5153264783,http://www.w3.org/2002/07/owl#sameAs,exact_openalex_id,https://openalex.org/A5153264783,https://openalex.org/A5153264783,accepted,2026-10-04T12:06:27.079166+00:00
https://example.org/aimodels/resource/person/A5153304514,https://openalex.org/A5153304514,http://www.w3.org/2002/07/owl#sameAs,exact_openalex_id,https://openalex.org/A5153304514,https://openalex.org/A5153304514,accepted,2026-10-04T12:06:27.079166+00:00
https://example.org/aimodels/resource/publisher/P4310310987,https://openalex.org/P4310310987,http://www.w3.org/2002/07/owl#sameAs,exact_openalex_id,https://openalex.org/P4310310987,https://openalex.org/P4310310987,accepted,2026-10-04T12:06:27.079166+00:00
https://example.org/aimodels/resource/publisher/P4310311648,https://openalex.org/P4310311648,http://www.w3.org/2002/07/owl#sameAs,exact_openalex_id,https://openalex.org/P4310311648,https://openalex.org/P4310311648,accepted,2026-10-04T12:06:27.079166+00:00
https://example.org/aimodels/resource/publisher/P4310311721,https://openalex.org/P4310311721,http://www.w3.org/2002/07/owl#sameAs,exact_openalex_id,https://openalex.org/P4310311721,https://openalex.org/P4310311721,accepted,2026-10-04T12:06:27.079166+00:00
https://example.org/aimodels/resource/publisher/P4310311889,https://openalex.org/P4310311889,http://www.w3.org/2002/07/owl#sameAs,exact_openalex_id,https://openalex.org/P4310311889,https://openalex.org/P4310311889,accepted,2026-10-04T12:06:27.079166+00:00
https://example.org/aimodels/resource/publisher/P4310313770,https://openalex.org/P4310313770,http://www.w3.org/2002/07/owl#sameAs,exact_openalex_id,https://openalex.org/P4310313770,https://openalex.org/P4310313770,accepted,2026-10-04T12:06:27.079166+00:00
https://example.org/aimodels/resource/publisher/P4310319798,https://openalex.org/P4310319798,http://www.w3.org/2002/07/owl#sameAs,exact_openalex_id,https://openalex.org/P4310319798,https://openalex.org/P4310319798,accepted,2026-10-04T12:06:27.079166+00:00
https://example.org/aimodels/resource/publisher/P4310319808,https://openalex.org/P4310319808,http://www.w3.org/2002/07/owl#sameAs,exact_openalex_id,https://openalex.org/P4310319808,https://openalex.org/P4310319808,accepted,2026-10-04T12:06:27.079166+00:00
https://example.org/aimodels/resource/publisher/P4310319811,https://openalex.org/P4310319811,http://www.w3.org/2002/07/owl#sameAs,exact_openalex_id,https://openalex.org/P4310319811,https://openalex.org/P4310319811,accepted,2026-10-04T12:06:27.079166+00:00
https://example.org/aimodels/resource/publisher/P4310319900,https://openalex.org/P4310319900,http://www.w3.org/2002/07/owl#sameAs,exact_openalex_id,https://openalex.org/P4310319900,https://openalex.org/P4310319900,accepted,2026-10-04T12:06:27.079166+00:00
https://example.org/aimodels/resource/publisher/P4310319908,https://openalex.org/P4310319908,http://www.w3.org/2002/07/owl#sameAs,exact_openalex_id,https://openalex.org/P4310319908,https://openalex.org/P4310319908,accepted,2026-10-04T12:06:27.079166+00:00
https://example.org/aimodels/resource/publisher/P4310319965,https://openalex.org/P4310319965,http://www.w3.org/2002/07/owl#sameAs,exact_openalex_id,https://openalex.org/P4310319965,https://openalex.org/P4310319965,accepted,2026-10-04T12:06:27.079166+00:00
https://example.org/aimodels/resource/publisher/P4310320052,https://openalex.org/P4310320052,http://www.w3.org/2002/07/owl#sameAs,exact_openalex_id,https://openalex.org/P4310320052,https://openalex.org/P4310320052,accepted,2026-10-04T12:06:27.079166+00:00
https://example.org/aimodels/resource/publisher/P4310320058,https://openalex.org/P4310320058,http://www.w3.org/2002/07/owl#sameAs,exact_openalex_id,https://openalex.org/P4310320058,https://openalex.org/P4310320058,accepted,2026-10-04T12:06:27.079166+00:00
https://example.org/aimodels/resource/publisher/P4310320244,https://openalex.org/P4310320244,http://www.w3.org/2002/07/owl#sameAs,exact_openalex_id,https://openalex.org/P4310320244,https://openalex.org/P4310320244,accepted,2026-10-04T12:06:27.079166+00:00
https://example.org/aimodels/resource/publisher/P4310320439,https://openalex.org/P4310320439,http://www.w3.org/2002/07/owl#sameAs,exact_openalex_id,https://openalex.org/P4310320439,https://openalex.org/P4310320439,accepted,2026-10-04T12:06:27.079166+00:00
https://example.org/aimodels/resource/publisher/P4310320547,https://openalex.org/P4310320547,http://www.w3.org/2002/07/owl#sameAs,exact_openalex_id,https://openalex.org/P4310320547,https://openalex.org/P4310320547,accepted,2026-10-04T12:06:27.079166+00:00
https://example.org/aimodels/resource/publisher/P4310320595,https://openalex.org/P4310320595,http://www.w3.org/2002/07/owl#sameAs,exact_openalex_id,https://openalex.org/P4310320595,https://openalex.org/P4310320595,accepted,2026-10-04T12:06:27.079166+00:00
https://example.org/aimodels/resource/publisher/P4310320990,https://openalex.org/P4310320990,http://www.w3.org/2002/07/owl#sameAs,exact_openalex_id,https://openalex.org/P4310320990,https://openalex.org/P4310320990,accepted,2026-10-04T12:06:27.079166+00:00
https://example.org/aimodels/resource/publisher/P4328143497,https://openalex.org/P4328143497,http://www.w3.org/2002/07/owl#sameAs,exact_openalex_id,https://openalex.org/P4328143497,https://openalex.org/P4328143497,accepted,2026-10-04T12:06:27.079166+00:00
https://example.org/aimodels/resource/source/S106296714,http://dbpedia.org/resource/Lecture_Notes_in_Computer_Science,http://www.w3.org/2002/07/owl#sameAs,dbpedia_declared_sameAs_wikidata,Q924044,https://dbpedia.org/sparql,accepted,2026-10-04T12:07:35.731086+00:00
https://example.org/aimodels/resource/source/S106296714,http://www.wikidata.org/entity/Q924044,http://www.w3.org/2002/07/owl#sameAs,openalex_declared_wikidata_id,Q924044,https://openalex.org/S106296714,accepted,2026-10-04T12:06:27.079166+00:00
https://example.org/aimodels/resource/source/S106296714,https://openalex.org/S106296714,http://www.w3.org/2002/07/owl#sameAs,exact_openalex_id,https://openalex.org/S106296714,https://openalex.org/S106296714,accepted,2026-10-04T12:06:27.079166+00:00
https://example.org/aimodels/resource/source/S110346167,https://openalex.org/S110346167,http://www.w3.org/2002/07/owl#sameAs,exact_openalex_id,https://openalex.org/S110346167,https://openalex.org/S110346167,accepted,2026-10-04T12:06:27.079166+00:00
https://example.org/aimodels/resource/source/S123849098,https://openalex.org/S123849098,http://www.w3.org/2002/07/owl#sameAs,exact_openalex_id,https://openalex.org/S123849098,https://openalex.org/S123849098,accepted,2026-10-04T12:06:27.079166+00:00
https://example.org/aimodels/resource/source/S125754415,https://openalex.org/S125754415,http://www.w3.org/2002/07/owl#sameAs,exact_openalex_id,https://openalex.org/S125754415,https://openalex.org/S125754415,accepted,2026-10-04T12:06:27.079166+00:00
https://example.org/aimodels/resource/source/S129236917,https://openalex.org/S129236917,http://www.w3.org/2002/07/owl#sameAs,exact_openalex_id,https://openalex.org/S129236917,https://openalex.org/S129236917,accepted,2026-10-04T12:06:27.079166+00:00
https://example.org/aimodels/resource/source/S134668137,http://www.wikidata.org/entity/Q135122,http://www.w3.org/2002/07/owl#sameAs,openalex_declared_wikidata_id,Q135122,https://openalex.org/S134668137,accepted,2026-10-04T12:06:27.079166+00:00
https://example.org/aimodels/resource/source/S134668137,https://openalex.org/S134668137,http://www.w3.org/2002/07/owl#sameAs,exact_openalex_id,https://openalex.org/S134668137,https://openalex.org/S134668137,accepted,2026-10-04T12:06:27.079166+00:00
https://example.org/aimodels/resource/source/S137519996,https://openalex.org/S137519996,http://www.w3.org/2002/07/owl#sameAs,exact_openalex_id,https://openalex.org/S137519996,https://openalex.org/S137519996,accepted,2026-10-04T12:06:27.079166+00:00
https://example.org/aimodels/resource/source/S137773608,http://www.wikidata.org/entity/Q180445,http://www.w3.org/2002/07/owl#sameAs,openalex_declared_wikidata_id,Q180445,https://openalex.org/S137773608,accepted,2026-10-04T12:06:27.079166+00:00
https://example.org/aimodels/resource/source/S137773608,https://openalex.org/S137773608,http://www.w3.org/2002/07/owl#sameAs,exact_openalex_id,https://openalex.org/S137773608,https://openalex.org/S137773608,accepted,2026-10-04T12:06:27.079166+00:00
https://example.org/aimodels/resource/source/S141152059,https://openalex.org/S141152059,http://www.w3.org/2002/07/owl#sameAs,exact_openalex_id,https://openalex.org/S141152059,https://openalex.org/S141152059,accepted,2026-10-04T12:06:27.079166+00:00
https://example.org/aimodels/resource/source/S142627899,https://openalex.org/S142627899,http://www.w3.org/2002/07/owl#sameAs,exact_openalex_id,https://openalex.org/S142627899,https://openalex.org/S142627899,accepted,2026-10-04T12:06:27.079166+00:00
https://example.org/aimodels/resource/source/S155526855,https://openalex.org/S155526855,http://www.w3.org/2002/07/owl#sameAs,exact_openalex_id,https://openalex.org/S155526855,https://openalex.org/S155526855,accepted,2026-10-04T12:06:27.079166+00:00
https://example.org/aimodels/resource/source/S157921468,http://www.wikidata.org/entity/Q3295299,http://www.w3.org/2002/07/owl#sameAs,openalex_declared_wikidata_id,Q3295299,https://openalex.org/S157921468,accepted,2026-10-04T12:06:27.079166+00:00
https://example.org/aimodels/resource/source/S157921468,https://openalex.org/S157921468,http://www.w3.org/2002/07/owl#sameAs,exact_openalex_id,https://openalex.org/S157921468,https://openalex.org/S157921468,accepted,2026-10-04T12:06:27.079166+00:00
https://example.org/aimodels/resource/source/S160466889,http://www.wikidata.org/entity/Q6863950,http://www.w3.org/2002/07/owl#sameAs,openalex_declared_wikidata_id,Q6863950,https://openalex.org/S160466889,accepted,2026-10-04T12:06:27.079166+00:00
https://example.org/aimodels/resource/source/S160466889,https://openalex.org/S160466889,http://www.w3.org/2002/07/owl#sameAs,exact_openalex_id,https://openalex.org/S160466889,https://openalex.org/S160466889,accepted,2026-10-04T12:06:27.079166+00:00
https://example.org/aimodels/resource/source/S16322639,https://openalex.org/S16322639,http://www.w3.org/2002/07/owl#sameAs,exact_openalex_id,https://openalex.org/S16322639,https://openalex.org/S16322639,accepted,2026-10-04T12:06:27.079166+00:00
https://example.org/aimodels/resource/source/S165666656,https://openalex.org/S165666656,http://www.w3.org/2002/07/owl#sameAs,exact_openalex_id,https://openalex.org/S165666656,https://openalex.org/S165666656,accepted,2026-10-04T12:06:27.079166+00:00
https://example.org/aimodels/resource/source/S166722454,https://openalex.org/S166722454,http://www.w3.org/2002/07/owl#sameAs,exact_openalex_id,https://openalex.org/S166722454,https://openalex.org/S166722454,accepted,2026-10-04T12:06:27.079166+00:00
https://example.org/aimodels/resource/source/S18088403,https://openalex.org/S18088403,http://www.w3.org/2002/07/owl#sameAs,exact_openalex_id,https://openalex.org/S18088403,https://openalex.org/S18088403,accepted,2026-10-04T12:06:27.079166+00:00
https://example.org/aimodels/resource/source/S183600629,https://openalex.org/S183600629,http://www.w3.org/2002/07/owl#sameAs,exact_openalex_id,https://openalex.org/S183600629,https://openalex.org/S183600629,accepted,2026-10-04T12:06:27.079166+00:00
https://example.org/aimodels/resource/source/S199944782,http://www.wikidata.org/entity/Q3146632,http://www.w3.org/2002/07/owl#sameAs,openalex_declared_wikidata_id,Q3146632,https://openalex.org/S199944782,accepted,2026-10-04T12:06:27.079166+00:00
https://example.org/aimodels/resource/source/S199944782,https://openalex.org/S199944782,http://www.w3.org/2002/07/owl#sameAs,exact_openalex_id,https://openalex.org/S199944782,https://openalex.org/S199944782,accepted,2026-10-04T12:06:27.079166+00:00
https://example.org/aimodels/resource/source/S203256638,http://www.wikidata.org/entity/Q1633234,http://www.w3.org/2002/07/owl#sameAs,openalex_declared_wikidata_id,Q1633234,https://openalex.org/S203256638,accepted,2026-10-04T12:06:27.079166+00:00
https://example.org/aimodels/resource/source/S203256638,https://openalex.org/S203256638,http://www.w3.org/2002/07/owl#sameAs,exact_openalex_id,https://openalex.org/S203256638,https://openalex.org/S203256638,accepted,2026-10-04T12:06:27.079166+00:00
https://example.org/aimodels/resource/source/S2484288132,http://www.wikidata.org/entity/Q28089618,http://www.w3.org/2002/07/owl#sameAs,openalex_declared_wikidata_id,Q28089618,https://openalex.org/S2484288132,accepted,2026-10-04T12:06:27.079166+00:00
https://example.org/aimodels/resource/source/S2484288132,https://openalex.org/S2484288132,http://www.w3.org/2002/07/owl#sameAs,exact_openalex_id,https://openalex.org/S2484288132,https://openalex.org/S2484288132,accepted,2026-10-04T12:06:27.079166+00:00
https://example.org/aimodels/resource/source/S2485537415,http://www.wikidata.org/entity/Q21015572,http://www.w3.org/2002/07/owl#sameAs,openalex_declared_wikidata_id,Q21015572,https://openalex.org/S2485537415,accepted,2026-10-04T12:06:27.079166+00:00
https://example.org/aimodels/resource/source/S2485537415,https://openalex.org/S2485537415,http://www.w3.org/2002/07/owl#sameAs,exact_openalex_id,https://openalex.org/S2485537415,https://openalex.org/S2485537415,accepted,2026-10-04T12:06:27.079166+00:00
https://example.org/aimodels/resource/source/S2492086750,http://www.wikidata.org/entity/Q27724473,http://www.w3.org/2002/07/owl#sameAs,openalex_declared_wikidata_id,Q27724473,https://openalex.org/S2492086750,accepted,2026-10-04T12:06:27.079166+00:00
https://example.org/aimodels/resource/source/S2492086750,https://openalex.org/S2492086750,http://www.w3.org/2002/07/owl#sameAs,exact_openalex_id,https://openalex.org/S2492086750,https://openalex.org/S2492086750,accepted,2026-10-04T12:06:27.079166+00:00
https://example.org/aimodels/resource/source/S2729999759,https://openalex.org/S2729999759,http://www.w3.org/2002/07/owl#sameAs,exact_openalex_id,https://openalex.org/S2729999759,https://openalex.org/S2729999759,accepted,2026-10-04T12:06:27.079166+00:00
https://example.org/aimodels/resource/source/S27339233,https://openalex.org/S27339233,http://www.w3.org/2002/07/owl#sameAs,exact_openalex_id,https://openalex.org/S27339233,https://openalex.org/S27339233,accepted,2026-10-04T12:06:27.079166+00:00
https://example.org/aimodels/resource/source/S2734413303,https://openalex.org/S2734413303,http://www.w3.org/2002/07/owl#sameAs,exact_openalex_id,https://openalex.org/S2734413303,https://openalex.org/S2734413303,accepted,2026-10-04T12:06:27.079166+00:00
https://example.org/aimodels/resource/source/S2737955091,http://www.wikidata.org/entity/Q27726568,http://www.w3.org/2002/07/owl#sameAs,openalex_declared_wikidata_id,Q27726568,https://openalex.org/S2737955091,accepted,2026-10-04T12:06:27.079166+00:00
https://example.org/aimodels/resource/source/S2737955091,https://openalex.org/S2737955091,http://www.w3.org/2002/07/owl#sameAs,exact_openalex_id,https://openalex.org/S2737955091,https://openalex.org/S2737955091,accepted,2026-10-04T12:06:27.079166+00:00
https://example.org/aimodels/resource/source/S2764356416,https://openalex.org/S2764356416,http://www.w3.org/2002/07/owl#sameAs,exact_openalex_id,https://openalex.org/S2764356416,https://openalex.org/S2764356416,accepted,2026-10-04T12:06:27.079166+00:00
https://example.org/aimodels/resource/source/S2764699309,https://openalex.org/S2764699309,http://www.w3.org/2002/07/owl#sameAs,exact_openalex_id,https://openalex.org/S2764699309,https://openalex.org/S2764699309,accepted,2026-10-04T12:06:27.079166+00:00
https://example.org/aimodels/resource/source/S2764918247,https://openalex.org/S2764918247,http://www.w3.org/2002/07/owl#sameAs,exact_openalex_id,https://openalex.org/S2764918247,https://openalex.org/S2764918247,accepted,2026-10-04T12:06:27.079166+00:00
https://example.org/aimodels/resource/source/S2912241403,http://www.wikidata.org/entity/Q44062926,http://www.w3.org/2002/07/owl#sameAs,openalex_declared_wikidata_id,Q44062926,https://openalex.org/S2912241403,accepted,2026-10-04T12:06:27.079166+00:00
https://example.org/aimodels/resource/source/S2912241403,https://openalex.org/S2912241403,http://www.w3.org/2002/07/owl#sameAs,exact_openalex_id,https://openalex.org/S2912241403,https://openalex.org/S2912241403,accepted,2026-10-04T12:06:27.079166+00:00
https://example.org/aimodels/resource/source/S30283931,https://openalex.org/S30283931,http://www.w3.org/2002/07/owl#sameAs,exact_openalex_id,https://openalex.org/S30283931,https://openalex.org/S30283931,accepted,2026-10-04T12:06:27.079166+00:00
https://example.org/aimodels/resource/source/S30698027,http://www.wikidata.org/entity/Q15755724,http://www.w3.org/2002/07/owl#sameAs,openalex_declared_wikidata_id,Q15755724,https://openalex.org/S30698027,accepted,2026-10-04T12:06:27.079166+00:00
https://example.org/aimodels/resource/source/S30698027,https://openalex.org/S30698027,http://www.w3.org/2002/07/owl#sameAs,exact_openalex_id,https://openalex.org/S30698027,https://openalex.org/S30698027,accepted,2026-10-04T12:06:27.079166+00:00
https://example.org/aimodels/resource/source/S34838331,https://openalex.org/S34838331,http://www.w3.org/2002/07/owl#sameAs,exact_openalex_id,https://openalex.org/S34838331,https://openalex.org/S34838331,accepted,2026-10-04T12:06:27.079166+00:00
https://example.org/aimodels/resource/source/S41803262,https://openalex.org/S41803262,http://www.w3.org/2002/07/owl#sameAs,exact_openalex_id,https://openalex.org/S41803262,https://openalex.org/S41803262,accepted,2026-10-04T12:06:27.079166+00:00
https://example.org/aimodels/resource/source/S4210172634,https://openalex.org/S4210172634,http://www.w3.org/2002/07/owl#sameAs,exact_openalex_id,https://openalex.org/S4210172634,https://openalex.org/S4210172634,accepted,2026-10-04T12:06:27.079166+00:00
https://example.org/aimodels/resource/source/S4210186527,https://openalex.org/S4210186527,http://www.w3.org/2002/07/owl#sameAs,exact_openalex_id,https://openalex.org/S4210186527,https://openalex.org/S4210186527,accepted,2026-10-04T12:06:27.079166+00:00
https://example.org/aimodels/resource/source/S4210189963,https://openalex.org/S4210189963,http://www.w3.org/2002/07/owl#sameAs,exact_openalex_id,https://openalex.org/S4210189963,https://openalex.org/S4210189963,accepted,2026-10-04T12:06:27.079166+00:00
https://example.org/aimodels/resource/source/S4210191458,http://www.wikidata.org/entity/Q27722923,http://www.w3.org/2002/07/owl#sameAs,openalex_declared_wikidata_id,Q27722923,https://openalex.org/S4210191458,accepted,2026-10-04T12:06:27.079166+00:00
https://example.org/aimodels/resource/source/S4210191458,https://openalex.org/S4210191458,http://www.w3.org/2002/07/owl#sameAs,exact_openalex_id,https://openalex.org/S4210191458,https://openalex.org/S4210191458,accepted,2026-10-04T12:06:27.079166+00:00
https://example.org/aimodels/resource/source/S4210195431,http://www.wikidata.org/entity/Q73908508,http://www.w3.org/2002/07/owl#sameAs,openalex_declared_wikidata_id,Q73908508,https://openalex.org/S4210195431,accepted,2026-10-04T12:06:27.079166+00:00
https://example.org/aimodels/resource/source/S4210195431,https://openalex.org/S4210195431,http://www.w3.org/2002/07/owl#sameAs,exact_openalex_id,https://openalex.org/S4210195431,https://openalex.org/S4210195431,accepted,2026-10-04T12:06:27.079166+00:00
https://example.org/aimodels/resource/source/S4210201537,http://www.wikidata.org/entity/Q50817184,http://www.w3.org/2002/07/owl#sameAs,openalex_declared_wikidata_id,Q50817184,https://openalex.org/S4210201537,accepted,2026-10-04T12:06:27.079166+00:00
https://example.org/aimodels/resource/source/S4210201537,https://openalex.org/S4210201537,http://www.w3.org/2002/07/owl#sameAs,exact_openalex_id,https://openalex.org/S4210201537,https://openalex.org/S4210201537,accepted,2026-10-04T12:06:27.079166+00:00
https://example.org/aimodels/resource/source/S4210218743,https://openalex.org/S4210218743,http://www.w3.org/2002/07/owl#sameAs,exact_openalex_id,https://openalex.org/S4210218743,https://openalex.org/S4210218743,accepted,2026-10-04T12:06:27.079166+00:00
https://example.org/aimodels/resource/source/S4210231404,http://dbpedia.org/resource/Frontiers_of_Computer_Science,http://www.w3.org/2002/07/owl#sameAs,dbpedia_declared_sameAs_wikidata,Q42609084,https://dbpedia.org/sparql,accepted,2026-10-04T12:07:35.731086+00:00
https://example.org/aimodels/resource/source/S4210231404,http://www.wikidata.org/entity/Q42609084,http://www.w3.org/2002/07/owl#sameAs,openalex_declared_wikidata_id,Q42609084,https://openalex.org/S4210231404,accepted,2026-10-04T12:06:27.079166+00:00
https://example.org/aimodels/resource/source/S4210231404,https://openalex.org/S4210231404,http://www.w3.org/2002/07/owl#sameAs,exact_openalex_id,https://openalex.org/S4210231404,https://openalex.org/S4210231404,accepted,2026-10-04T12:06:27.079166+00:00
https://example.org/aimodels/resource/source/S4306400194,https://openalex.org/S4306400194,http://www.w3.org/2002/07/owl#sameAs,exact_openalex_id,https://openalex.org/S4306400194,https://openalex.org/S4306400194,accepted,2026-10-04T12:06:27.079166+00:00
https://example.org/aimodels/resource/source/S4306400487,https://openalex.org/S4306400487,http://www.w3.org/2002/07/owl#sameAs,exact_openalex_id,https://openalex.org/S4306400487,https://openalex.org/S4306400487,accepted,2026-10-04T12:06:27.079166+00:00
https://example.org/aimodels/resource/source/S4306400562,https://openalex.org/S4306400562,http://www.w3.org/2002/07/owl#sameAs,exact_openalex_id,https://openalex.org/S4306400562,https://openalex.org/S4306400562,accepted,2026-10-04T12:06:27.079166+00:00
https://example.org/aimodels/resource/source/S4306402512,https://openalex.org/S4306402512,http://www.w3.org/2002/07/owl#sameAs,exact_openalex_id,https://openalex.org/S4306402512,https://openalex.org/S4306402512,accepted,2026-10-04T12:06:27.079166+00:00
https://example.org/aimodels/resource/source/S4363607743,https://openalex.org/S4363607743,http://www.w3.org/2002/07/owl#sameAs,exact_openalex_id,https://openalex.org/S4363607743,https://openalex.org/S4363607743,accepted,2026-10-04T12:06:27.079166+00:00
https://example.org/aimodels/resource/source/S4363607762,https://openalex.org/S4363607762,http://www.w3.org/2002/07/owl#sameAs,exact_openalex_id,https://openalex.org/S4363607762,https://openalex.org/S4363607762,accepted,2026-10-04T12:06:27.079166+00:00
https://example.org/aimodels/resource/source/S4363608463,https://openalex.org/S4363608463,http://www.w3.org/2002/07/owl#sameAs,exact_openalex_id,https://openalex.org/S4363608463,https://openalex.org/S4363608463,accepted,2026-10-04T12:06:27.079166+00:00
https://example.org/aimodels/resource/source/S4363608652,https://openalex.org/S4363608652,http://www.w3.org/2002/07/owl#sameAs,exact_openalex_id,https://openalex.org/S4363608652,https://openalex.org/S4363608652,accepted,2026-10-04T12:06:27.079166+00:00
https://example.org/aimodels/resource/source/S4363608991,https://openalex.org/S4363608991,http://www.w3.org/2002/07/owl#sameAs,exact_openalex_id,https://openalex.org/S4363608991,https://openalex.org/S4363608991,accepted,2026-10-04T12:06:27.079166+00:00
https://example.org/aimodels/resource/source/S4377196569,https://openalex.org/S4377196569,http://www.w3.org/2002/07/owl#sameAs,exact_openalex_id,https://openalex.org/S4377196569,https://openalex.org/S4377196569,accepted,2026-10-04T12:06:27.079166+00:00
https://example.org/aimodels/resource/source/S4387290862,https://openalex.org/S4387290862,http://www.w3.org/2002/07/owl#sameAs,exact_openalex_id,https://openalex.org/S4387290862,https://openalex.org/S4387290862,accepted,2026-10-04T12:06:27.079166+00:00
https://example.org/aimodels/resource/source/S4393917817,https://openalex.org/S4393917817,http://www.w3.org/2002/07/owl#sameAs,exact_openalex_id,https://openalex.org/S4393917817,https://openalex.org/S4393917817,accepted,2026-10-04T12:06:27.079166+00:00
https://example.org/aimodels/resource/source/S4394735545,https://openalex.org/S4394735545,http://www.w3.org/2002/07/owl#sameAs,exact_openalex_id,https://openalex.org/S4394735545,https://openalex.org/S4394735545,accepted,2026-10-04T12:06:27.079166+00:00
https://example.org/aimodels/resource/source/S4819472,https://openalex.org/S4819472,http://www.w3.org/2002/07/owl#sameAs,exact_openalex_id,https://openalex.org/S4819472,https://openalex.org/S4819472,accepted,2026-10-04T12:06:27.079166+00:00
https://example.org/aimodels/resource/source/S71191459,https://openalex.org/S71191459,http://www.w3.org/2002/07/owl#sameAs,exact_openalex_id,https://openalex.org/S71191459,https://openalex.org/S71191459,accepted,2026-10-04T12:06:27.079166+00:00
https://example.org/aimodels/resource/source/S7407061190,https://openalex.org/S7407061190,http://www.w3.org/2002/07/owl#sameAs,exact_openalex_id,https://openalex.org/S7407061190,https://openalex.org/S7407061190,accepted,2026-10-04T12:06:27.079166+00:00
https://example.org/aimodels/resource/source/S7560371,https://openalex.org/S7560371,http://www.w3.org/2002/07/owl#sameAs,exact_openalex_id,https://openalex.org/S7560371,https://openalex.org/S7560371,accepted,2026-10-04T12:06:27.079166+00:00
https://example.org/aimodels/resource/source/S8351582,https://openalex.org/S8351582,http://www.w3.org/2002/07/owl#sameAs,exact_openalex_id,https://openalex.org/S8351582,https://openalex.org/S8351582,accepted,2026-10-04T12:06:27.079166+00:00
https://example.org/aimodels/resource/source/S8802318,https://openalex.org/S8802318,http://www.w3.org/2002/07/owl#sameAs,exact_openalex_id,https://openalex.org/S8802318,https://openalex.org/S8802318,accepted,2026-10-04T12:06:27.079166+00:00
https://example.org/aimodels/resource/source/S88577320,https://openalex.org/S88577320,http://www.w3.org/2002/07/owl#sameAs,exact_openalex_id,https://openalex.org/S88577320,https://openalex.org/S88577320,accepted,2026-10-04T12:06:27.079166+00:00
https://example.org/aimodels/resource/source/S90466346,https://openalex.org/S90466346,http://www.w3.org/2002/07/owl#sameAs,exact_openalex_id,https://openalex.org/S90466346,https://openalex.org/S90466346,accepted,2026-10-04T12:06:27.079166+00:00
https://example.org/aimodels/resource/source/S93630570,https://openalex.org/S93630570,http://www.w3.org/2002/07/owl#sameAs,exact_openalex_id,https://openalex.org/S93630570,https://openalex.org/S93630570,accepted,2026-10-04T12:06:27.079166+00:00
https://example.org/aimodels/resource/subfield/1304,https://openalex.org/subfields/1304,http://www.w3.org/2002/07/owl#sameAs,exact_openalex_id,https://openalex.org/subfields/1304,https://openalex.org/subfields/1304,accepted,2026-10-04T12:06:27.079166+00:00
https://example.org/aimodels/resource/subfield/1312,https://openalex.org/subfields/1312,http://www.w3.org/2002/07/owl#sameAs,exact_openalex_id,https://openalex.org/subfields/1312,https://openalex.org/subfields/1312,accepted,2026-10-04T12:06:27.079166+00:00
https://example.org/aimodels/resource/subfield/1404,https://openalex.org/subfields/1404,http://www.w3.org/2002/07/owl#sameAs,exact_openalex_id,https://openalex.org/subfields/1404,https://openalex.org/subfields/1404,accepted,2026-10-04T12:06:27.079166+00:00
https://example.org/aimodels/resource/subfield/1702,https://openalex.org/subfields/1702,http://www.w3.org/2002/07/owl#sameAs,exact_openalex_id,https://openalex.org/subfields/1702,https://openalex.org/subfields/1702,accepted,2026-10-04T12:06:27.079166+00:00
https://example.org/aimodels/resource/subfield/1703,https://openalex.org/subfields/1703,http://www.w3.org/2002/07/owl#sameAs,exact_openalex_id,https://openalex.org/subfields/1703,https://openalex.org/subfields/1703,accepted,2026-10-04T12:06:27.079166+00:00
https://example.org/aimodels/resource/subfield/1705,https://openalex.org/subfields/1705,http://www.w3.org/2002/07/owl#sameAs,exact_openalex_id,https://openalex.org/subfields/1705,https://openalex.org/subfields/1705,accepted,2026-10-04T12:06:27.079166+00:00
https://example.org/aimodels/resource/subfield/1706,https://openalex.org/subfields/1706,http://www.w3.org/2002/07/owl#sameAs,exact_openalex_id,https://openalex.org/subfields/1706,https://openalex.org/subfields/1706,accepted,2026-10-04T12:06:27.079166+00:00
https://example.org/aimodels/resource/subfield/1707,https://openalex.org/subfields/1707,http://www.w3.org/2002/07/owl#sameAs,exact_openalex_id,https://openalex.org/subfields/1707,https://openalex.org/subfields/1707,accepted,2026-10-04T12:06:27.079166+00:00
https://example.org/aimodels/resource/subfield/1708,https://openalex.org/subfields/1708,http://www.w3.org/2002/07/owl#sameAs,exact_openalex_id,https://openalex.org/subfields/1708,https://openalex.org/subfields/1708,accepted,2026-10-04T12:06:27.079166+00:00
https://example.org/aimodels/resource/subfield/1709,https://openalex.org/subfields/1709,http://www.w3.org/2002/07/owl#sameAs,exact_openalex_id,https://openalex.org/subfields/1709,https://openalex.org/subfields/1709,accepted,2026-10-04T12:06:27.079166+00:00
https://example.org/aimodels/resource/subfield/1710,https://openalex.org/subfields/1710,http://www.w3.org/2002/07/owl#sameAs,exact_openalex_id,https://openalex.org/subfields/1710,https://openalex.org/subfields/1710,accepted,2026-10-04T12:06:27.079166+00:00
https://example.org/aimodels/resource/subfield/1711,https://openalex.org/subfields/1711,http://www.w3.org/2002/07/owl#sameAs,exact_openalex_id,https://openalex.org/subfields/1711,https://openalex.org/subfields/1711,accepted,2026-10-04T12:06:27.079166+00:00
https://example.org/aimodels/resource/subfield/1712,https://openalex.org/subfields/1712,http://www.w3.org/2002/07/owl#sameAs,exact_openalex_id,https://openalex.org/subfields/1712,https://openalex.org/subfields/1712,accepted,2026-10-04T12:06:27.079166+00:00
https://example.org/aimodels/resource/subfield/1802,https://openalex.org/subfields/1802,http://www.w3.org/2002/07/owl#sameAs,exact_openalex_id,https://openalex.org/subfields/1802,https://openalex.org/subfields/1802,accepted,2026-10-04T12:06:27.079166+00:00
https://example.org/aimodels/resource/subfield/1803,https://openalex.org/subfields/1803,http://www.w3.org/2002/07/owl#sameAs,exact_openalex_id,https://openalex.org/subfields/1803,https://openalex.org/subfields/1803,accepted,2026-10-04T12:06:27.079166+00:00
https://example.org/aimodels/resource/subfield/2204,https://openalex.org/subfields/2204,http://www.w3.org/2002/07/owl#sameAs,exact_openalex_id,https://openalex.org/subfields/2204,https://openalex.org/subfields/2204,accepted,2026-10-04T12:06:27.079166+00:00
https://example.org/aimodels/resource/subfield/2207,https://openalex.org/subfields/2207,http://www.w3.org/2002/07/owl#sameAs,exact_openalex_id,https://openalex.org/subfields/2207,https://openalex.org/subfields/2207,accepted,2026-10-04T12:06:27.079166+00:00
https://example.org/aimodels/resource/subfield/2208,https://openalex.org/subfields/2208,http://www.w3.org/2002/07/owl#sameAs,exact_openalex_id,https://openalex.org/subfields/2208,https://openalex.org/subfields/2208,accepted,2026-10-04T12:06:27.079166+00:00
https://example.org/aimodels/resource/subfield/2213,https://openalex.org/subfields/2213,http://www.w3.org/2002/07/owl#sameAs,exact_openalex_id,https://openalex.org/subfields/2213,https://openalex.org/subfields/2213,accepted,2026-10-04T12:06:27.079166+00:00
https://example.org/aimodels/resource/subfield/2215,https://openalex.org/subfields/2215,http://www.w3.org/2002/07/owl#sameAs,exact_openalex_id,https://openalex.org/subfields/2215,https://openalex.org/subfields/2215,accepted,2026-10-04T12:06:27.079166+00:00
https://example.org/aimodels/resource/subfield/2403,https://openalex.org/subfields/2403,http://www.w3.org/2002/07/owl#sameAs,exact_openalex_id,https://openalex.org/subfields/2403,https://openalex.org/subfields/2403,accepted,2026-10-04T12:06:27.079166+00:00
https://example.org/aimodels/resource/subfield/2505,https://openalex.org/subfields/2505,http://www.w3.org/2002/07/owl#sameAs,exact_openalex_id,https://openalex.org/subfields/2505,https://openalex.org/subfields/2505,accepted,2026-10-04T12:06:27.079166+00:00
https://example.org/aimodels/resource/subfield/2718,https://openalex.org/subfields/2718,http://www.w3.org/2002/07/owl#sameAs,exact_openalex_id,https://openalex.org/subfields/2718,https://openalex.org/subfields/2718,accepted,2026-10-04T12:06:27.079166+00:00
https://example.org/aimodels/resource/subfield/2741,https://openalex.org/subfields/2741,http://www.w3.org/2002/07/owl#sameAs,exact_openalex_id,https://openalex.org/subfields/2741,https://openalex.org/subfields/2741,accepted,2026-10-04T12:06:27.079166+00:00
https://example.org/aimodels/resource/subfield/3204,https://openalex.org/subfields/3204,http://www.w3.org/2002/07/owl#sameAs,exact_openalex_id,https://openalex.org/subfields/3204,https://openalex.org/subfields/3204,accepted,2026-10-04T12:06:27.079166+00:00
https://example.org/aimodels/resource/subfield/3205,https://openalex.org/subfields/3205,http://www.w3.org/2002/07/owl#sameAs,exact_openalex_id,https://openalex.org/subfields/3205,https://openalex.org/subfields/3205,accepted,2026-10-04T12:06:27.079166+00:00
https://example.org/aimodels/resource/subfield/3207,https://openalex.org/subfields/3207,http://www.w3.org/2002/07/owl#sameAs,exact_openalex_id,https://openalex.org/subfields/3207,https://openalex.org/subfields/3207,accepted,2026-10-04T12:06:27.079166+00:00
https://example.org/aimodels/resource/subfield/3300,https://openalex.org/subfields/3300,http://www.w3.org/2002/07/owl#sameAs,exact_openalex_id,https://openalex.org/subfields/3300,https://openalex.org/subfields/3300,accepted,2026-10-04T12:06:27.079166+00:00
https://example.org/aimodels/resource/subfield/3304,https://openalex.org/subfields/3304,http://www.w3.org/2002/07/owl#sameAs,exact_openalex_id,https://openalex.org/subfields/3304,https://openalex.org/subfields/3304,accepted,2026-10-04T12:06:27.079166+00:00
https://example.org/aimodels/resource/subfield/3311,https://openalex.org/subfields/3311,http://www.w3.org/2002/07/owl#sameAs,exact_openalex_id,https://openalex.org/subfields/3311,https://openalex.org/subfields/3311,accepted,2026-10-04T12:06:27.079166+00:00
https://example.org/aimodels/resource/subfield/3312,https://openalex.org/subfields/3312,http://www.w3.org/2002/07/owl#sameAs,exact_openalex_id,https://openalex.org/subfields/3312,https://openalex.org/subfields/3312,accepted,2026-10-04T12:06:27.079166+00:00
https://example.org/aimodels/resource/subfield/3313,https://openalex.org/subfields/3313,http://www.w3.org/2002/07/owl#sameAs,exact_openalex_id,https://openalex.org/subfields/3313,https://openalex.org/subfields/3313,accepted,2026-10-04T12:06:27.079166+00:00
https://example.org/aimodels/resource/subfield/3605,https://openalex.org/subfields/3605,http://www.w3.org/2002/07/owl#sameAs,exact_openalex_id,https://openalex.org/subfields/3605,https://openalex.org/subfields/3605,accepted,2026-10-04T12:06:27.079166+00:00
https://example.org/aimodels/resource/topic/T10028,https://openalex.org/T10028,http://www.w3.org/2002/07/owl#sameAs,exact_openalex_id,https://openalex.org/T10028,https://openalex.org/T10028,accepted,2026-10-04T12:06:27.079166+00:00
https://example.org/aimodels/resource/topic/T10036,https://openalex.org/T10036,http://www.w3.org/2002/07/owl#sameAs,exact_openalex_id,https://openalex.org/T10036,https://openalex.org/T10036,accepted,2026-10-04T12:06:27.079166+00:00
https://example.org/aimodels/resource/topic/T10044,https://openalex.org/T10044,http://www.w3.org/2002/07/owl#sameAs,exact_openalex_id,https://openalex.org/T10044,https://openalex.org/T10044,accepted,2026-10-04T12:06:27.079166+00:00
https://example.org/aimodels/resource/topic/T10054,https://openalex.org/T10054,http://www.w3.org/2002/07/owl#sameAs,exact_openalex_id,https://openalex.org/T10054,https://openalex.org/T10054,accepted,2026-10-04T12:06:27.079166+00:00
https://example.org/aimodels/resource/topic/T10101,https://openalex.org/T10101,http://www.w3.org/2002/07/owl#sameAs,exact_openalex_id,https://openalex.org/T10101,https://openalex.org/T10101,accepted,2026-10-04T12:06:27.079166+00:00
https://example.org/aimodels/resource/topic/T10181,https://openalex.org/T10181,http://www.w3.org/2002/07/owl#sameAs,exact_openalex_id,https://openalex.org/T10181,https://openalex.org/T10181,accepted,2026-10-04T12:06:27.079166+00:00
https://example.org/aimodels/resource/topic/T10201,https://openalex.org/T10201,http://www.w3.org/2002/07/owl#sameAs,exact_openalex_id,https://openalex.org/T10201,https://openalex.org/T10201,accepted,2026-10-04T12:06:27.079166+00:00
https://example.org/aimodels/resource/topic/T10203,https://openalex.org/T10203,http://www.w3.org/2002/07/owl#sameAs,exact_openalex_id,https://openalex.org/T10203,https://openalex.org/T10203,accepted,2026-10-04T12:06:27.079166+00:00
https://example.org/aimodels/resource/topic/T10211,https://openalex.org/T10211,http://www.w3.org/2002/07/owl#sameAs,exact_openalex_id,https://openalex.org/T10211,https://openalex.org/T10211,accepted,2026-10-04T12:06:27.079166+00:00
https://example.org/aimodels/resource/topic/T10215,https://openalex.org/T10215,http://www.w3.org/2002/07/owl#sameAs,exact_openalex_id,https://openalex.org/T10215,https://openalex.org/T10215,accepted,2026-10-04T12:06:27.079166+00:00
https://example.org/aimodels/resource/topic/T10260,https://openalex.org/T10260,http://www.w3.org/2002/07/owl#sameAs,exact_openalex_id,https://openalex.org/T10260,https://openalex.org/T10260,accepted,2026-10-04T12:06:27.079166+00:00
https://example.org/aimodels/resource/topic/T10270,https://openalex.org/T10270,http://www.w3.org/2002/07/owl#sameAs,exact_openalex_id,https://openalex.org/T10270,https://openalex.org/T10270,accepted,2026-10-04T12:06:27.079166+00:00
https://example.org/aimodels/resource/topic/T10320,https://openalex.org/T10320,http://www.w3.org/2002/07/owl#sameAs,exact_openalex_id,https://openalex.org/T10320,https://openalex.org/T10320,accepted,2026-10-04T12:06:27.079166+00:00
https://example.org/aimodels/resource/topic/T10350,https://openalex.org/T10350,http://www.w3.org/2002/07/owl#sameAs,exact_openalex_id,https://openalex.org/T10350,https://openalex.org/T10350,accepted,2026-10-04T12:06:27.079166+00:00
https://example.org/aimodels/resource/topic/T10430,https://openalex.org/T10430,http://www.w3.org/2002/07/owl#sameAs,exact_openalex_id,https://openalex.org/T10430,https://openalex.org/T10430,accepted,2026-10-04T12:06:27.079166+00:00
https://example.org/aimodels/resource/topic/T10462,https://openalex.org/T10462,http://www.w3.org/2002/07/owl#sameAs,exact_openalex_id,https://openalex.org/T10462,https://openalex.org/T10462,accepted,2026-10-04T12:06:27.079166+00:00
https://example.org/aimodels/resource/topic/T10533,https://openalex.org/T10533,http://www.w3.org/2002/07/owl#sameAs,exact_openalex_id,https://openalex.org/T10533,https://openalex.org/T10533,accepted,2026-10-04T12:06:27.079166+00:00
https://example.org/aimodels/resource/topic/T10609,https://openalex.org/T10609,http://www.w3.org/2002/07/owl#sameAs,exact_openalex_id,https://openalex.org/T10609,https://openalex.org/T10609,accepted,2026-10-04T12:06:27.079166+00:00
https://example.org/aimodels/resource/topic/T10627,https://openalex.org/T10627,http://www.w3.org/2002/07/owl#sameAs,exact_openalex_id,https://openalex.org/T10627,https://openalex.org/T10627,accepted,2026-10-04T12:06:27.079166+00:00
https://example.org/aimodels/resource/topic/T10636,https://openalex.org/T10636,http://www.w3.org/2002/07/owl#sameAs,exact_openalex_id,https://openalex.org/T10636,https://openalex.org/T10636,accepted,2026-10-04T12:06:27.079166+00:00
https://example.org/aimodels/resource/topic/T10653,https://openalex.org/T10653,http://www.w3.org/2002/07/owl#sameAs,exact_openalex_id,https://openalex.org/T10653,https://openalex.org/T10653,accepted,2026-10-04T12:06:27.079166+00:00
https://example.org/aimodels/resource/topic/T10664,https://openalex.org/T10664,http://www.w3.org/2002/07/owl#sameAs,exact_openalex_id,https://openalex.org/T10664,https://openalex.org/T10664,accepted,2026-10-04T12:06:27.079166+00:00
https://example.org/aimodels/resource/topic/T10709,https://openalex.org/T10709,http://www.w3.org/2002/07/owl#sameAs,exact_openalex_id,https://openalex.org/T10709,https://openalex.org/T10709,accepted,2026-10-04T12:06:27.079166+00:00
https://example.org/aimodels/resource/topic/T10731,https://openalex.org/T10731,http://www.w3.org/2002/07/owl#sameAs,exact_openalex_id,https://openalex.org/T10731,https://openalex.org/T10731,accepted,2026-10-04T12:06:27.079166+00:00
https://example.org/aimodels/resource/topic/T10743,https://openalex.org/T10743,http://www.w3.org/2002/07/owl#sameAs,exact_openalex_id,https://openalex.org/T10743,https://openalex.org/T10743,accepted,2026-10-04T12:06:27.079166+00:00
https://example.org/aimodels/resource/topic/T10764,https://openalex.org/T10764,http://www.w3.org/2002/07/owl#sameAs,exact_openalex_id,https://openalex.org/T10764,https://openalex.org/T10764,accepted,2026-10-04T12:06:27.079166+00:00
https://example.org/aimodels/resource/topic/T10775,https://openalex.org/T10775,http://www.w3.org/2002/07/owl#sameAs,exact_openalex_id,https://openalex.org/T10775,https://openalex.org/T10775,accepted,2026-10-04T12:06:27.079166+00:00
https://example.org/aimodels/resource/topic/T10789,https://openalex.org/T10789,http://www.w3.org/2002/07/owl#sameAs,exact_openalex_id,https://openalex.org/T10789,https://openalex.org/T10789,accepted,2026-10-04T12:06:27.079166+00:00
https://example.org/aimodels/resource/topic/T10812,https://openalex.org/T10812,http://www.w3.org/2002/07/owl#sameAs,exact_openalex_id,https://openalex.org/T10812,https://openalex.org/T10812,accepted,2026-10-04T12:06:27.079166+00:00
https://example.org/aimodels/resource/topic/T10824,https://openalex.org/T10824,http://www.w3.org/2002/07/owl#sameAs,exact_openalex_id,https://openalex.org/T10824,https://openalex.org/T10824,accepted,2026-10-04T12:06:27.079166+00:00
https://example.org/aimodels/resource/topic/T10829,https://openalex.org/T10829,http://www.w3.org/2002/07/owl#sameAs,exact_openalex_id,https://openalex.org/T10829,https://openalex.org/T10829,accepted,2026-10-04T12:06:27.079166+00:00
https://example.org/aimodels/resource/topic/T10860,https://openalex.org/T10860,http://www.w3.org/2002/07/owl#sameAs,exact_openalex_id,https://openalex.org/T10860,https://openalex.org/T10860,accepted,2026-10-04T12:06:27.079166+00:00
https://example.org/aimodels/resource/topic/T10862,https://openalex.org/T10862,http://www.w3.org/2002/07/owl#sameAs,exact_openalex_id,https://openalex.org/T10862,https://openalex.org/T10862,accepted,2026-10-04T12:06:27.079166+00:00
https://example.org/aimodels/resource/topic/T10883,https://openalex.org/T10883,http://www.w3.org/2002/07/owl#sameAs,exact_openalex_id,https://openalex.org/T10883,https://openalex.org/T10883,accepted,2026-10-04T12:06:27.079166+00:00
https://example.org/aimodels/resource/topic/T10927,https://openalex.org/T10927,http://www.w3.org/2002/07/owl#sameAs,exact_openalex_id,https://openalex.org/T10927,https://openalex.org/T10927,accepted,2026-10-04T12:06:27.079166+00:00
https://example.org/aimodels/resource/topic/T11122,https://openalex.org/T11122,http://www.w3.org/2002/07/owl#sameAs,exact_openalex_id,https://openalex.org/T11122,https://openalex.org/T11122,accepted,2026-10-04T12:06:27.079166+00:00
https://example.org/aimodels/resource/topic/T11147,https://openalex.org/T11147,http://www.w3.org/2002/07/owl#sameAs,exact_openalex_id,https://openalex.org/T11147,https://openalex.org/T11147,accepted,2026-10-04T12:06:27.079166+00:00
https://example.org/aimodels/resource/topic/T11181,https://openalex.org/T11181,http://www.w3.org/2002/07/owl#sameAs,exact_openalex_id,https://openalex.org/T11181,https://openalex.org/T11181,accepted,2026-10-04T12:06:27.079166+00:00
https://example.org/aimodels/resource/topic/T11241,https://openalex.org/T11241,http://www.w3.org/2002/07/owl#sameAs,exact_openalex_id,https://openalex.org/T11241,https://openalex.org/T11241,accepted,2026-10-04T12:06:27.079166+00:00
https://example.org/aimodels/resource/topic/T11269,https://openalex.org/T11269,http://www.w3.org/2002/07/owl#sameAs,exact_openalex_id,https://openalex.org/T11269,https://openalex.org/T11269,accepted,2026-10-04T12:06:27.079166+00:00
https://example.org/aimodels/resource/topic/T11273,https://openalex.org/T11273,http://www.w3.org/2002/07/owl#sameAs,exact_openalex_id,https://openalex.org/T11273,https://openalex.org/T11273,accepted,2026-10-04T12:06:27.079166+00:00
https://example.org/aimodels/resource/topic/T11307,https://openalex.org/T11307,http://www.w3.org/2002/07/owl#sameAs,exact_openalex_id,https://openalex.org/T11307,https://openalex.org/T11307,accepted,2026-10-04T12:06:27.079166+00:00
https://example.org/aimodels/resource/topic/T11309,https://openalex.org/T11309,http://www.w3.org/2002/07/owl#sameAs,exact_openalex_id,https://openalex.org/T11309,https://openalex.org/T11309,accepted,2026-10-04T12:06:27.079166+00:00
https://example.org/aimodels/resource/topic/T11344,https://openalex.org/T11344,http://www.w3.org/2002/07/owl#sameAs,exact_openalex_id,https://openalex.org/T11344,https://openalex.org/T11344,accepted,2026-10-04T12:06:27.079166+00:00
https://example.org/aimodels/resource/topic/T11407,https://openalex.org/T11407,http://www.w3.org/2002/07/owl#sameAs,exact_openalex_id,https://openalex.org/T11407,https://openalex.org/T11407,accepted,2026-10-04T12:06:27.079166+00:00
https://example.org/aimodels/resource/topic/T11478,https://openalex.org/T11478,http://www.w3.org/2002/07/owl#sameAs,exact_openalex_id,https://openalex.org/T11478,https://openalex.org/T11478,accepted,2026-10-04T12:06:27.079166+00:00
https://example.org/aimodels/resource/topic/T11512,https://openalex.org/T11512,http://www.w3.org/2002/07/owl#sameAs,exact_openalex_id,https://openalex.org/T11512,https://openalex.org/T11512,accepted,2026-10-04T12:06:27.079166+00:00
https://example.org/aimodels/resource/topic/T11516,https://openalex.org/T11516,http://www.w3.org/2002/07/owl#sameAs,exact_openalex_id,https://openalex.org/T11516,https://openalex.org/T11516,accepted,2026-10-04T12:06:27.079166+00:00
https://example.org/aimodels/resource/topic/T11550,https://openalex.org/T11550,http://www.w3.org/2002/07/owl#sameAs,exact_openalex_id,https://openalex.org/T11550,https://openalex.org/T11550,accepted,2026-10-04T12:06:27.079166+00:00
https://example.org/aimodels/resource/topic/T11574,https://openalex.org/T11574,http://www.w3.org/2002/07/owl#sameAs,exact_openalex_id,https://openalex.org/T11574,https://openalex.org/T11574,accepted,2026-10-04T12:06:27.079166+00:00
https://example.org/aimodels/resource/topic/T11596,https://openalex.org/T11596,http://www.w3.org/2002/07/owl#sameAs,exact_openalex_id,https://openalex.org/T11596,https://openalex.org/T11596,accepted,2026-10-04T12:06:27.079166+00:00
https://example.org/aimodels/resource/topic/T11598,https://openalex.org/T11598,http://www.w3.org/2002/07/owl#sameAs,exact_openalex_id,https://openalex.org/T11598,https://openalex.org/T11598,accepted,2026-10-04T12:06:27.079166+00:00
https://example.org/aimodels/resource/topic/T11612,https://openalex.org/T11612,http://www.w3.org/2002/07/owl#sameAs,exact_openalex_id,https://openalex.org/T11612,https://openalex.org/T11612,accepted,2026-10-04T12:06:27.079166+00:00
https://example.org/aimodels/resource/topic/T11636,https://openalex.org/T11636,http://www.w3.org/2002/07/owl#sameAs,exact_openalex_id,https://openalex.org/T11636,https://openalex.org/T11636,accepted,2026-10-04T12:06:27.079166+00:00
https://example.org/aimodels/resource/topic/T11652,https://openalex.org/T11652,http://www.w3.org/2002/07/owl#sameAs,exact_openalex_id,https://openalex.org/T11652,https://openalex.org/T11652,accepted,2026-10-04T12:06:27.079166+00:00
https://example.org/aimodels/resource/topic/T11689,https://openalex.org/T11689,http://www.w3.org/2002/07/owl#sameAs,exact_openalex_id,https://openalex.org/T11689,https://openalex.org/T11689,accepted,2026-10-04T12:06:27.079166+00:00
https://example.org/aimodels/resource/topic/T11704,https://openalex.org/T11704,http://www.w3.org/2002/07/owl#sameAs,exact_openalex_id,https://openalex.org/T11704,https://openalex.org/T11704,accepted,2026-10-04T12:06:27.079166+00:00
https://example.org/aimodels/resource/topic/T11707,https://openalex.org/T11707,http://www.w3.org/2002/07/owl#sameAs,exact_openalex_id,https://openalex.org/T11707,https://openalex.org/T11707,accepted,2026-10-04T12:06:27.079166+00:00
https://example.org/aimodels/resource/topic/T11710,https://openalex.org/T11710,http://www.w3.org/2002/07/owl#sameAs,exact_openalex_id,https://openalex.org/T11710,https://openalex.org/T11710,accepted,2026-10-04T12:06:27.079166+00:00
https://example.org/aimodels/resource/topic/T11714,https://openalex.org/T11714,http://www.w3.org/2002/07/owl#sameAs,exact_openalex_id,https://openalex.org/T11714,https://openalex.org/T11714,accepted,2026-10-04T12:06:27.079166+00:00
https://example.org/aimodels/resource/topic/T11715,https://openalex.org/T11715,http://www.w3.org/2002/07/owl#sameAs,exact_openalex_id,https://openalex.org/T11715,https://openalex.org/T11715,accepted,2026-10-04T12:06:27.079166+00:00
https://example.org/aimodels/resource/topic/T11719,https://openalex.org/T11719,http://www.w3.org/2002/07/owl#sameAs,exact_openalex_id,https://openalex.org/T11719,https://openalex.org/T11719,accepted,2026-10-04T12:06:27.079166+00:00
https://example.org/aimodels/resource/topic/T11775,https://openalex.org/T11775,http://www.w3.org/2002/07/owl#sameAs,exact_openalex_id,https://openalex.org/T11775,https://openalex.org/T11775,accepted,2026-10-04T12:06:27.079166+00:00
https://example.org/aimodels/resource/topic/T11902,https://openalex.org/T11902,http://www.w3.org/2002/07/owl#sameAs,exact_openalex_id,https://openalex.org/T11902,https://openalex.org/T11902,accepted,2026-10-04T12:06:27.079166+00:00
https://example.org/aimodels/resource/topic/T11937,https://openalex.org/T11937,http://www.w3.org/2002/07/owl#sameAs,exact_openalex_id,https://openalex.org/T11937,https://openalex.org/T11937,accepted,2026-10-04T12:06:27.079166+00:00
https://example.org/aimodels/resource/topic/T11948,https://openalex.org/T11948,http://www.w3.org/2002/07/owl#sameAs,exact_openalex_id,https://openalex.org/T11948,https://openalex.org/T11948,accepted,2026-10-04T12:06:27.079166+00:00
https://example.org/aimodels/resource/topic/T11980,https://openalex.org/T11980,http://www.w3.org/2002/07/owl#sameAs,exact_openalex_id,https://openalex.org/T11980,https://openalex.org/T11980,accepted,2026-10-04T12:06:27.079166+00:00
https://example.org/aimodels/resource/topic/T11986,https://openalex.org/T11986,http://www.w3.org/2002/07/owl#sameAs,exact_openalex_id,https://openalex.org/T11986,https://openalex.org/T11986,accepted,2026-10-04T12:06:27.079166+00:00
https://example.org/aimodels/resource/topic/T11995,https://openalex.org/T11995,http://www.w3.org/2002/07/owl#sameAs,exact_openalex_id,https://openalex.org/T11995,https://openalex.org/T11995,accepted,2026-10-04T12:06:27.079166+00:00
https://example.org/aimodels/resource/topic/T12002,https://openalex.org/T12002,http://www.w3.org/2002/07/owl#sameAs,exact_openalex_id,https://openalex.org/T12002,https://openalex.org/T12002,accepted,2026-10-04T12:06:27.079166+00:00
https://example.org/aimodels/resource/topic/T12026,https://openalex.org/T12026,http://www.w3.org/2002/07/owl#sameAs,exact_openalex_id,https://openalex.org/T12026,https://openalex.org/T12026,accepted,2026-10-04T12:06:27.079166+00:00
https://example.org/aimodels/resource/topic/T12031,https://openalex.org/T12031,http://www.w3.org/2002/07/owl#sameAs,exact_openalex_id,https://openalex.org/T12031,https://openalex.org/T12031,accepted,2026-10-04T12:06:27.079166+00:00
https://example.org/aimodels/resource/topic/T12034,https://openalex.org/T12034,http://www.w3.org/2002/07/owl#sameAs,exact_openalex_id,https://openalex.org/T12034,https://openalex.org/T12034,accepted,2026-10-04T12:06:27.079166+00:00
https://example.org/aimodels/resource/topic/T12072,https://openalex.org/T12072,http://www.w3.org/2002/07/owl#sameAs,exact_openalex_id,https://openalex.org/T12072,https://openalex.org/T12072,accepted,2026-10-04T12:06:27.079166+00:00
https://example.org/aimodels/resource/topic/T12127,https://openalex.org/T12127,http://www.w3.org/2002/07/owl#sameAs,exact_openalex_id,https://openalex.org/T12127,https://openalex.org/T12127,accepted,2026-10-04T12:06:27.079166+00:00
https://example.org/aimodels/resource/topic/T12128,https://openalex.org/T12128,http://www.w3.org/2002/07/owl#sameAs,exact_openalex_id,https://openalex.org/T12128,https://openalex.org/T12128,accepted,2026-10-04T12:06:27.079166+00:00
https://example.org/aimodels/resource/topic/T12255,https://openalex.org/T12255,http://www.w3.org/2002/07/owl#sameAs,exact_openalex_id,https://openalex.org/T12255,https://openalex.org/T12255,accepted,2026-10-04T12:06:27.079166+00:00
https://example.org/aimodels/resource/topic/T12262,https://openalex.org/T12262,http://www.w3.org/2002/07/owl#sameAs,exact_openalex_id,https://openalex.org/T12262,https://openalex.org/T12262,accepted,2026-10-04T12:06:27.079166+00:00
https://example.org/aimodels/resource/topic/T12408,https://openalex.org/T12408,http://www.w3.org/2002/07/owl#sameAs,exact_openalex_id,https://openalex.org/T12408,https://openalex.org/T12408,accepted,2026-10-04T12:06:27.079166+00:00
https://example.org/aimodels/resource/topic/T12422,https://openalex.org/T12422,http://www.w3.org/2002/07/owl#sameAs,exact_openalex_id,https://openalex.org/T12422,https://openalex.org/T12422,accepted,2026-10-04T12:06:27.079166+00:00
https://example.org/aimodels/resource/topic/T12423,https://openalex.org/T12423,http://www.w3.org/2002/07/owl#sameAs,exact_openalex_id,https://openalex.org/T12423,https://openalex.org/T12423,accepted,2026-10-04T12:06:27.079166+00:00
https://example.org/aimodels/resource/topic/T12535,https://openalex.org/T12535,http://www.w3.org/2002/07/owl#sameAs,exact_openalex_id,https://openalex.org/T12535,https://openalex.org/T12535,accepted,2026-10-04T12:06:27.079166+00:00
https://example.org/aimodels/resource/topic/T12607,https://openalex.org/T12607,http://www.w3.org/2002/07/owl#sameAs,exact_openalex_id,https://openalex.org/T12607,https://openalex.org/T12607,accepted,2026-10-04T12:06:27.079166+00:00
https://example.org/aimodels/resource/topic/T12676,https://openalex.org/T12676,http://www.w3.org/2002/07/owl#sameAs,exact_openalex_id,https://openalex.org/T12676,https://openalex.org/T12676,accepted,2026-10-04T12:06:27.079166+00:00
https://example.org/aimodels/resource/topic/T12761,https://openalex.org/T12761,http://www.w3.org/2002/07/owl#sameAs,exact_openalex_id,https://openalex.org/T12761,https://openalex.org/T12761,accepted,2026-10-04T12:06:27.079166+00:00
https://example.org/aimodels/resource/topic/T12808,https://openalex.org/T12808,http://www.w3.org/2002/07/owl#sameAs,exact_openalex_id,https://openalex.org/T12808,https://openalex.org/T12808,accepted,2026-10-04T12:06:27.079166+00:00
https://example.org/aimodels/resource/topic/T12859,https://openalex.org/T12859,http://www.w3.org/2002/07/owl#sameAs,exact_openalex_id,https://openalex.org/T12859,https://openalex.org/T12859,accepted,2026-10-04T12:06:27.079166+00:00
https://example.org/aimodels/resource/topic/T13083,https://openalex.org/T13083,http://www.w3.org/2002/07/owl#sameAs,exact_openalex_id,https://openalex.org/T13083,https://openalex.org/T13083,accepted,2026-10-04T12:06:27.079166+00:00
https://example.org/aimodels/resource/topic/T13280,https://openalex.org/T13280,http://www.w3.org/2002/07/owl#sameAs,exact_openalex_id,https://openalex.org/T13280,https://openalex.org/T13280,accepted,2026-10-04T12:06:27.079166+00:00
https://example.org/aimodels/resource/topic/T13482,https://openalex.org/T13482,http://www.w3.org/2002/07/owl#sameAs,exact_openalex_id,https://openalex.org/T13482,https://openalex.org/T13482,accepted,2026-10-04T12:06:27.079166+00:00
https://example.org/aimodels/resource/topic/T13523,https://openalex.org/T13523,http://www.w3.org/2002/07/owl#sameAs,exact_openalex_id,https://openalex.org/T13523,https://openalex.org/T13523,accepted,2026-10-04T12:06:27.079166+00:00
https://example.org/aimodels/resource/topic/T13629,https://openalex.org/T13629,http://www.w3.org/2002/07/owl#sameAs,exact_openalex_id,https://openalex.org/T13629,https://openalex.org/T13629,accepted,2026-10-04T12:06:27.079166+00:00
https://example.org/aimodels/resource/topic/T13650,https://openalex.org/T13650,http://www.w3.org/2002/07/owl#sameAs,exact_openalex_id,https://openalex.org/T13650,https://openalex.org/T13650,accepted,2026-10-04T12:06:27.079166+00:00
https://example.org/aimodels/resource/topic/T13702,https://openalex.org/T13702,http://www.w3.org/2002/07/owl#sameAs,exact_openalex_id,https://openalex.org/T13702,https://openalex.org/T13702,accepted,2026-10-04T12:06:27.079166+00:00
https://example.org/aimodels/resource/topic/T13910,https://openalex.org/T13910,http://www.w3.org/2002/07/owl#sameAs,exact_openalex_id,https://openalex.org/T13910,https://openalex.org/T13910,accepted,2026-10-04T12:06:27.079166+00:00
https://example.org/aimodels/resource/topic/T13937,https://openalex.org/T13937,http://www.w3.org/2002/07/owl#sameAs,exact_openalex_id,https://openalex.org/T13937,https://openalex.org/T13937,accepted,2026-10-04T12:06:27.079166+00:00
https://example.org/aimodels/resource/topic/T14182,https://openalex.org/T14182,http://www.w3.org/2002/07/owl#sameAs,exact_openalex_id,https://openalex.org/T14182,https://openalex.org/T14182,accepted,2026-10-04T12:06:27.079166+00:00
https://example.org/aimodels/resource/topic/T14306,https://openalex.org/T14306,http://www.w3.org/2002/07/owl#sameAs,exact_openalex_id,https://openalex.org/T14306,https://openalex.org/T14306,accepted,2026-10-04T12:06:27.079166+00:00
https://example.org/aimodels/resource/topic/T14339,https://openalex.org/T14339,http://www.w3.org/2002/07/owl#sameAs,exact_openalex_id,https://openalex.org/T14339,https://openalex.org/T14339,accepted,2026-10-04T12:06:27.079166+00:00
https://example.org/aimodels/resource/topic/T14347,https://openalex.org/T14347,http://www.w3.org/2002/07/owl#sameAs,exact_openalex_id,https://openalex.org/T14347,https://openalex.org/T14347,accepted,2026-10-04T12:06:27.079166+00:00
https://example.org/aimodels/resource/topic/T14351,https://openalex.org/T14351,http://www.w3.org/2002/07/owl#sameAs,exact_openalex_id,https://openalex.org/T14351,https://openalex.org/T14351,accepted,2026-10-04T12:06:27.079166+00:00
