id,paper_id,person_id,position,is_corresponding
W1524333225-A5084286453,https://openalex.org/W1524333225,https://openalex.org/A5084286453,first,true
W1525961042-A5020917394,https://openalex.org/W1525961042,https://openalex.org/A5020917394,last,false
W1525961042-A5052390500,https://openalex.org/W1525961042,https://openalex.org/A5052390500,middle,false
W1525961042-A5057127344,https://openalex.org/W1525961042,https://openalex.org/A5057127344,middle,false
W1525961042-A5062546146,https://openalex.org/W1525961042,https://openalex.org/A5062546146,middle,false
W1525961042-A5076635608,https://openalex.org/W1525961042,https://openalex.org/A5076635608,first,false
W1525961042-A5078511139,https://openalex.org/W1525961042,https://openalex.org/A5078511139,middle,false
W1525961042-A5107859338,https://openalex.org/W1525961042,https://openalex.org/A5107859338,middle,false
W1539309091-A5020917394,https://openalex.org/W1539309091,https://openalex.org/A5020917394,middle,false
W1539309091-A5048132414,https://openalex.org/W1539309091,https://openalex.org/A5048132414,middle,false
W1539309091-A5068010225,https://openalex.org/W1539309091,https://openalex.org/A5068010225,first,false
W1539309091-A5076738898,https://openalex.org/W1539309091,https://openalex.org/A5076738898,middle,false
W1539309091-A5103532312,https://openalex.org/W1539309091,https://openalex.org/A5103532312,last,false
W1539309091-A5113452656,https://openalex.org/W1539309091,https://openalex.org/A5113452656,middle,false
W1800356822-A5088551093,https://openalex.org/W1800356822,https://openalex.org/A5088551093,first,false
W1800356822-A5108093963,https://openalex.org/W1800356822,https://openalex.org/A5108093963,last,false
W1800356822-A5112445699,https://openalex.org/W1800356822,https://openalex.org/A5112445699,middle,false
W2109664771-A5046457818,https://openalex.org/W2109664771,https://openalex.org/A5046457818,middle,false
W2109664771-A5047997552,https://openalex.org/W2109664771,https://openalex.org/A5047997552,middle,false
W2109664771-A5076738898,https://openalex.org/W2109664771,https://openalex.org/A5076738898,first,false
W2109664771-A5078560039,https://openalex.org/W2109664771,https://openalex.org/A5078560039,middle,false
W2541884796-A5031761219,https://openalex.org/W2541884796,https://openalex.org/A5031761219,middle,false
W2541884796-A5040311844,https://openalex.org/W2541884796,https://openalex.org/A5040311844,first,false
W2541884796-A5044698998,https://openalex.org/W2541884796,https://openalex.org/A5044698998,last,false
W2541884796-A5071710055,https://openalex.org/W2541884796,https://openalex.org/A5071710055,middle,false
W2541884796-A5080901995,https://openalex.org/W2541884796,https://openalex.org/A5080901995,middle,false
W2889326796-A5016113002,https://openalex.org/W2889326796,https://openalex.org/A5016113002,first,false
W2889326796-A5065912572,https://openalex.org/W2889326796,https://openalex.org/A5065912572,last,false
W2889326796-A5076248976,https://openalex.org/W2889326796,https://openalex.org/A5076248976,middle,false
W2889326796-A5083212922,https://openalex.org/W2889326796,https://openalex.org/A5083212922,middle,false
W2936262349-A5015128745,https://openalex.org/W2936262349,https://openalex.org/A5015128745,first,false
W2936262349-A5048292406,https://openalex.org/W2936262349,https://openalex.org/A5048292406,middle,false
W2936262349-A5076412680,https://openalex.org/W2936262349,https://openalex.org/A5076412680,middle,false
W2936262349-A5101989589,https://openalex.org/W2936262349,https://openalex.org/A5101989589,middle,false
W2936262349-A5102992157,https://openalex.org/W2936262349,https://openalex.org/A5102992157,last,false
W2938704169-A5023705881,https://openalex.org/W2938704169,https://openalex.org/A5023705881,middle,false
W2938704169-A5033945505,https://openalex.org/W2938704169,https://openalex.org/A5033945505,middle,false
W2938704169-A5034181783,https://openalex.org/W2938704169,https://openalex.org/A5034181783,middle,false
W2938704169-A5063151917,https://openalex.org/W2938704169,https://openalex.org/A5063151917,first,false
W2938704169-A5102992157,https://openalex.org/W2938704169,https://openalex.org/A5102992157,last,false
W2946930197-A5019426968,https://openalex.org/W2946930197,https://openalex.org/A5019426968,last,false
W2946930197-A5024723282,https://openalex.org/W2946930197,https://openalex.org/A5024723282,middle,false
W2946930197-A5034257647,https://openalex.org/W2946930197,https://openalex.org/A5034257647,first,false
W2946930197-A5064284582,https://openalex.org/W2946930197,https://openalex.org/A5064284582,middle,false
W2946930197-A5100353377,https://openalex.org/W2946930197,https://openalex.org/A5100353377,middle,false
W2948223045-A5051203366,https://openalex.org/W2948223045,https://openalex.org/A5051203366,first,false
W2948223045-A5084241804,https://openalex.org/W2948223045,https://openalex.org/A5084241804,middle,false
W2948223045-A5107835063,https://openalex.org/W2948223045,https://openalex.org/A5107835063,last,false
W2949028947-A5026789962,https://openalex.org/W2949028947,https://openalex.org/A5026789962,first,false
W2949028947-A5062546146,https://openalex.org/W2949028947,https://openalex.org/A5062546146,last,false
W2949028947-A5084459196,https://openalex.org/W2949028947,https://openalex.org/A5084459196,middle,false
W2951534261-A5002438859,https://openalex.org/W2951534261,https://openalex.org/A5002438859,middle,false
W2951534261-A5004455756,https://openalex.org/W2951534261,https://openalex.org/A5004455756,middle,false
W2951534261-A5030018356,https://openalex.org/W2951534261,https://openalex.org/A5030018356,middle,false
W2951534261-A5048533217,https://openalex.org/W2951534261,https://openalex.org/A5048533217,middle,false
W2951534261-A5090383211,https://openalex.org/W2951534261,https://openalex.org/A5090383211,middle,false
W2951534261-A5100374771,https://openalex.org/W2951534261,https://openalex.org/A5100374771,middle,false
W2951534261-A5100450967,https://openalex.org/W2951534261,https://openalex.org/A5100450967,last,false
W2951534261-A5114910293,https://openalex.org/W2951534261,https://openalex.org/A5114910293,middle,false
W2952230511-A5019206666,https://openalex.org/W2952230511,https://openalex.org/A5019206666,middle,false
W2952230511-A5028780139,https://openalex.org/W2952230511,https://openalex.org/A5028780139,last,false
W2952230511-A5038751868,https://openalex.org/W2952230511,https://openalex.org/A5038751868,middle,false
W2952230511-A5053915453,https://openalex.org/W2952230511,https://openalex.org/A5053915453,first,false
W2952230511-A5076635608,https://openalex.org/W2952230511,https://openalex.org/A5076635608,middle,false
W2952230511-A5090341705,https://openalex.org/W2952230511,https://openalex.org/A5090341705,middle,false
W2963383024-A5024481540,https://openalex.org/W2963383024,https://openalex.org/A5024481540,last,false
W2963383024-A5027383005,https://openalex.org/W2963383024,https://openalex.org/A5027383005,middle,false
W2963383024-A5029105520,https://openalex.org/W2963383024,https://openalex.org/A5029105520,middle,false
W2963383024-A5037747070,https://openalex.org/W2963383024,https://openalex.org/A5037747070,middle,false
W2963383024-A5052878017,https://openalex.org/W2963383024,https://openalex.org/A5052878017,first,false
W2963383024-A5084271210,https://openalex.org/W2963383024,https://openalex.org/A5084271210,middle,false
W2973049837-A5028709336,https://openalex.org/W2973049837,https://openalex.org/A5028709336,first,false
W2973049837-A5032046813,https://openalex.org/W2973049837,https://openalex.org/A5032046813,middle,false
W2973049837-A5059955534,https://openalex.org/W2973049837,https://openalex.org/A5059955534,last,false
W2973049837-A5065423139,https://openalex.org/W2973049837,https://openalex.org/A5065423139,middle,false
W2973727699-A5010396318,https://openalex.org/W2973727699,https://openalex.org/A5010396318,middle,false
W2973727699-A5031170568,https://openalex.org/W2973727699,https://openalex.org/A5031170568,middle,false
W2973727699-A5041667198,https://openalex.org/W2973727699,https://openalex.org/A5041667198,middle,false
W2973727699-A5066242985,https://openalex.org/W2973727699,https://openalex.org/A5066242985,last,false
W2973727699-A5068437386,https://openalex.org/W2973727699,https://openalex.org/A5068437386,middle,false
W2973727699-A5072436307,https://openalex.org/W2973727699,https://openalex.org/A5072436307,first,false
W2982399380-A5004412943,https://openalex.org/W2982399380,https://openalex.org/A5004412943,first,false
W2982399380-A5011974509,https://openalex.org/W2982399380,https://openalex.org/A5011974509,middle,false
W2982399380-A5019081674,https://openalex.org/W2982399380,https://openalex.org/A5019081674,middle,false
W2982399380-A5024311574,https://openalex.org/W2982399380,https://openalex.org/A5024311574,middle,false
W2982399380-A5067919401,https://openalex.org/W2982399380,https://openalex.org/A5067919401,last,false
W2982399380-A5075834790,https://openalex.org/W2982399380,https://openalex.org/A5075834790,middle,false
W2982399380-A5091317839,https://openalex.org/W2982399380,https://openalex.org/A5091317839,middle,false
W2982399380-A5103742478,https://openalex.org/W2982399380,https://openalex.org/A5103742478,middle,false
W2983995706-A5009408707,https://openalex.org/W2983995706,https://openalex.org/A5009408707,last,false
W2983995706-A5013041264,https://openalex.org/W2983995706,https://openalex.org/A5013041264,first,false
W2983995706-A5079185258,https://openalex.org/W2983995706,https://openalex.org/A5079185258,middle,false
W2983995706-A5100707822,https://openalex.org/W2983995706,https://openalex.org/A5100707822,middle,false
W3008686018-A5021878400,https://openalex.org/W3008686018,https://openalex.org/A5021878400,last,false
W3008686018-A5023591414,https://openalex.org/W3008686018,https://openalex.org/A5023591414,first,false
W3008686018-A5045077843,https://openalex.org/W3008686018,https://openalex.org/A5045077843,middle,false
W3015453090-A5001778694,https://openalex.org/W3015453090,https://openalex.org/A5001778694,middle,false
W3015453090-A5056105462,https://openalex.org/W3015453090,https://openalex.org/A5056105462,middle,false
W3015453090-A5066588555,https://openalex.org/W3015453090,https://openalex.org/A5066588555,first,false
W3015453090-A5085011940,https://openalex.org/W3015453090,https://openalex.org/A5085011940,last,false
W3015468748-A5064858748,https://openalex.org/W3015468748,https://openalex.org/A5064858748,last,false
W3015468748-A5090038537,https://openalex.org/W3015468748,https://openalex.org/A5090038537,first,false
W3015468748-A5101509445,https://openalex.org/W3015468748,https://openalex.org/A5101509445,middle,false
W3030163527-A5002922045,https://openalex.org/W3030163527,https://openalex.org/A5002922045,middle,false
W3030163527-A5006446297,https://openalex.org/W3030163527,https://openalex.org/A5006446297,middle,false
W3030163527-A5022674572,https://openalex.org/W3030163527,https://openalex.org/A5022674572,middle,false
W3030163527-A5026541761,https://openalex.org/W3030163527,https://openalex.org/A5026541761,middle,false
W3030163527-A5030305998,https://openalex.org/W3030163527,https://openalex.org/A5030305998,middle,false
W3030163527-A5030935953,https://openalex.org/W3030163527,https://openalex.org/A5030935953,middle,false
W3030163527-A5031060893,https://openalex.org/W3030163527,https://openalex.org/A5031060893,middle,false
W3030163527-A5031107879,https://openalex.org/W3030163527,https://openalex.org/A5031107879,middle,false
W3030163527-A5043840749,https://openalex.org/W3030163527,https://openalex.org/A5043840749,middle,false
W3030163527-A5048200646,https://openalex.org/W3030163527,https://openalex.org/A5048200646,middle,false
W3030163527-A5049786610,https://openalex.org/W3030163527,https://openalex.org/A5049786610,middle,false
W3030163527-A5051250767,https://openalex.org/W3030163527,https://openalex.org/A5051250767,middle,false
W3030163527-A5053213601,https://openalex.org/W3030163527,https://openalex.org/A5053213601,middle,false
W3030163527-A5054887773,https://openalex.org/W3030163527,https://openalex.org/A5054887773,middle,false
W3030163527-A5057289323,https://openalex.org/W3030163527,https://openalex.org/A5057289323,middle,false
W3030163527-A5057742306,https://openalex.org/W3030163527,https://openalex.org/A5057742306,middle,false
W3030163527-A5059260582,https://openalex.org/W3030163527,https://openalex.org/A5059260582,middle,false
W3030163527-A5064685592,https://openalex.org/W3030163527,https://openalex.org/A5064685592,middle,false
W3030163527-A5066197394,https://openalex.org/W3030163527,https://openalex.org/A5066197394,last,false
W3030163527-A5070026510,https://openalex.org/W3030163527,https://openalex.org/A5070026510,middle,false
W3030163527-A5076418776,https://openalex.org/W3030163527,https://openalex.org/A5076418776,middle,false
W3030163527-A5080941449,https://openalex.org/W3030163527,https://openalex.org/A5080941449,middle,false
W3030163527-A5081413425,https://openalex.org/W3030163527,https://openalex.org/A5081413425,middle,false
W3030163527-A5083109184,https://openalex.org/W3030163527,https://openalex.org/A5083109184,middle,false
W3030163527-A5084254760,https://openalex.org/W3030163527,https://openalex.org/A5084254760,middle,false
W3030163527-A5084512458,https://openalex.org/W3030163527,https://openalex.org/A5084512458,middle,false
W3030163527-A5089232745,https://openalex.org/W3030163527,https://openalex.org/A5089232745,middle,false
W3030163527-A5101696375,https://openalex.org/W3030163527,https://openalex.org/A5101696375,middle,false
W3034723486-A5023750515,https://openalex.org/W3034723486,https://openalex.org/A5023750515,first,false
W3034723486-A5088112892,https://openalex.org/W3034723486,https://openalex.org/A5088112892,last,false
W3036601975-A5083212922,https://openalex.org/W3036601975,https://openalex.org/A5083212922,last,false
W3037032032-A5051203366,https://openalex.org/W3037032032,https://openalex.org/A5051203366,first,false
W3037032032-A5084241804,https://openalex.org/W3037032032,https://openalex.org/A5084241804,middle,false
W3037032032-A5107835063,https://openalex.org/W3037032032,https://openalex.org/A5107835063,last,false
W3039017601-A5007815326,https://openalex.org/W3039017601,https://openalex.org/A5007815326,first,false
W3039017601-A5069316249,https://openalex.org/W3039017601,https://openalex.org/A5069316249,last,false
W3042667808-A5014688346,https://openalex.org/W3042667808,https://openalex.org/A5014688346,middle,false
W3042667808-A5014866912,https://openalex.org/W3042667808,https://openalex.org/A5014866912,middle,false
W3042667808-A5024983536,https://openalex.org/W3042667808,https://openalex.org/A5024983536,first,false
W3042667808-A5027450194,https://openalex.org/W3042667808,https://openalex.org/A5027450194,last,false
W3042667808-A5037310413,https://openalex.org/W3042667808,https://openalex.org/A5037310413,middle,false
W3042667808-A5077791956,https://openalex.org/W3042667808,https://openalex.org/A5077791956,middle,false
W3042667808-A5089105283,https://openalex.org/W3042667808,https://openalex.org/A5089105283,middle,false
W3042667808-A5091175785,https://openalex.org/W3042667808,https://openalex.org/A5091175785,middle,false
W3085177480-A5071144367,https://openalex.org/W3085177480,https://openalex.org/A5071144367,last,false
W3085177480-A5076269589,https://openalex.org/W3085177480,https://openalex.org/A5076269589,first,false
W3088599783-A5015128745,https://openalex.org/W3088599783,https://openalex.org/A5015128745,middle,false
W3088599783-A5022328505,https://openalex.org/W3088599783,https://openalex.org/A5022328505,first,false
W3088599783-A5075783850,https://openalex.org/W3088599783,https://openalex.org/A5075783850,middle,false
W3088599783-A5088517824,https://openalex.org/W3088599783,https://openalex.org/A5088517824,last,false
W3088599783-A5102992157,https://openalex.org/W3088599783,https://openalex.org/A5102992157,middle,false
W3095319910-A5046574356,https://openalex.org/W3095319910,https://openalex.org/A5046574356,first,true
W3095319910-A5074452768,https://openalex.org/W3095319910,https://openalex.org/A5074452768,last,false
W3098267758-A5003112970,https://openalex.org/W3098267758,https://openalex.org/A5003112970,middle,false
W3098267758-A5005779128,https://openalex.org/W3098267758,https://openalex.org/A5005779128,last,false
W3098267758-A5006965739,https://openalex.org/W3098267758,https://openalex.org/A5006965739,first,false
W3098267758-A5103983469,https://openalex.org/W3098267758,https://openalex.org/A5103983469,middle,false
W3098267758-A5110564361,https://openalex.org/W3098267758,https://openalex.org/A5110564361,middle,false
W3112103703-A5058355406,https://openalex.org/W3112103703,https://openalex.org/A5058355406,first,true
W3118781290-A5000713520,https://openalex.org/W3118781290,https://openalex.org/A5000713520,middle,false
W3118781290-A5008410925,https://openalex.org/W3118781290,https://openalex.org/A5008410925,middle,false
W3118781290-A5017394465,https://openalex.org/W3118781290,https://openalex.org/A5017394465,middle,false
W3118781290-A5026929519,https://openalex.org/W3118781290,https://openalex.org/A5026929519,middle,false
W3118781290-A5032649426,https://openalex.org/W3118781290,https://openalex.org/A5032649426,middle,false
W3118781290-A5035344606,https://openalex.org/W3118781290,https://openalex.org/A5035344606,middle,false
W3118781290-A5047194086,https://openalex.org/W3118781290,https://openalex.org/A5047194086,middle,false
W3118781290-A5047763717,https://openalex.org/W3118781290,https://openalex.org/A5047763717,middle,false
W3118781290-A5057062066,https://openalex.org/W3118781290,https://openalex.org/A5057062066,first,false
W3118781290-A5060025182,https://openalex.org/W3118781290,https://openalex.org/A5060025182,last,false
W3118781290-A5076733732,https://openalex.org/W3118781290,https://openalex.org/A5076733732,middle,false
W3118781290-A5091353084,https://openalex.org/W3118781290,https://openalex.org/A5091353084,middle,false
W3122241445-A5013573244,https://openalex.org/W3122241445,https://openalex.org/A5013573244,middle,false
W3122241445-A5016448581,https://openalex.org/W3122241445,https://openalex.org/A5016448581,middle,false
W3122241445-A5051745436,https://openalex.org/W3122241445,https://openalex.org/A5051745436,last,false
W3122241445-A5057693146,https://openalex.org/W3122241445,https://openalex.org/A5057693146,middle,false
W3122241445-A5101959000,https://openalex.org/W3122241445,https://openalex.org/A5101959000,middle,false
W3122241445-A5102797989,https://openalex.org/W3122241445,https://openalex.org/A5102797989,first,false
W3130033937-A5023501811,https://openalex.org/W3130033937,https://openalex.org/A5023501811,middle,false
W3130033937-A5075518871,https://openalex.org/W3130033937,https://openalex.org/A5075518871,first,false
W3130033937-A5089152779,https://openalex.org/W3130033937,https://openalex.org/A5089152779,last,false
W3130033937-A5100679058,https://openalex.org/W3130033937,https://openalex.org/A5100679058,middle,false
W3130319171-A5016796548,https://openalex.org/W3130319171,https://openalex.org/A5016796548,last,false
W3130319171-A5023660419,https://openalex.org/W3130319171,https://openalex.org/A5023660419,first,false
W3133702157-A5012552350,https://openalex.org/W3133702157,https://openalex.org/A5012552350,last,false
W3133702157-A5023750515,https://openalex.org/W3133702157,https://openalex.org/A5023750515,first,false
W3133702157-A5063040968,https://openalex.org/W3133702157,https://openalex.org/A5063040968,middle,false
W3133702157-A5089275971,https://openalex.org/W3133702157,https://openalex.org/A5089275971,middle,false
W3138815606-A5015105117,https://openalex.org/W3138815606,https://openalex.org/A5015105117,middle,false
W3138815606-A5016115576,https://openalex.org/W3138815606,https://openalex.org/A5016115576,middle,false
W3138815606-A5036357902,https://openalex.org/W3138815606,https://openalex.org/A5036357902,middle,false
W3138815606-A5064530863,https://openalex.org/W3138815606,https://openalex.org/A5064530863,first,false
W3138815606-A5076120553,https://openalex.org/W3138815606,https://openalex.org/A5076120553,last,false
W3138815606-A5088166627,https://openalex.org/W3138815606,https://openalex.org/A5088166627,middle,false
W3152956381-A5025234902,https://openalex.org/W3152956381,https://openalex.org/A5025234902,middle,false
W3152956381-A5090701958,https://openalex.org/W3152956381,https://openalex.org/A5090701958,last,false
W3155807546-A5008230088,https://openalex.org/W3155807546,https://openalex.org/A5008230088,middle,false
W3155807546-A5016956470,https://openalex.org/W3155807546,https://openalex.org/A5016956470,middle,false
W3155807546-A5021523670,https://openalex.org/W3155807546,https://openalex.org/A5021523670,middle,false
W3155807546-A5048651878,https://openalex.org/W3155807546,https://openalex.org/A5048651878,first,false
W3155807546-A5076635608,https://openalex.org/W3155807546,https://openalex.org/A5076635608,last,false
W3156470785-A5015493447,https://openalex.org/W3156470785,https://openalex.org/A5015493447,middle,false
W3156470785-A5018864006,https://openalex.org/W3156470785,https://openalex.org/A5018864006,middle,false
W3156470785-A5026907508,https://openalex.org/W3156470785,https://openalex.org/A5026907508,first,false
W3156470785-A5049427071,https://openalex.org/W3156470785,https://openalex.org/A5049427071,last,false
W3156470785-A5101404695,https://openalex.org/W3156470785,https://openalex.org/A5101404695,middle,false
W3168867926-A5047774607,https://openalex.org/W3168867926,https://openalex.org/A5047774607,middle,false
W3168867926-A5048981295,https://openalex.org/W3168867926,https://openalex.org/A5048981295,middle,false
W3168867926-A5058656827,https://openalex.org/W3168867926,https://openalex.org/A5058656827,middle,false
W3168867926-A5101180037,https://openalex.org/W3168867926,https://openalex.org/A5101180037,middle,false
W3168867926-A5101879892,https://openalex.org/W3168867926,https://openalex.org/A5101879892,middle,false
W3168867926-A5103230101,https://openalex.org/W3168867926,https://openalex.org/A5103230101,first,false
W3170647102-A5045080981,https://openalex.org/W3170647102,https://openalex.org/A5045080981,first,true
W3172335055-A5005898634,https://openalex.org/W3172335055,https://openalex.org/A5005898634,first,false
W3172335055-A5025255782,https://openalex.org/W3172335055,https://openalex.org/A5025255782,middle,false
W3172335055-A5088410008,https://openalex.org/W3172335055,https://openalex.org/A5088410008,middle,false
W3172335055-A5091272738,https://openalex.org/W3172335055,https://openalex.org/A5091272738,last,false
W3172335055-A5103198578,https://openalex.org/W3172335055,https://openalex.org/A5103198578,middle,false
W3174770825-A5025255782,https://openalex.org/W3174770825,https://openalex.org/A5025255782,last,true
W3174770825-A5041701394,https://openalex.org/W3174770825,https://openalex.org/A5041701394,first,false
W3176923149-A5051577117,https://openalex.org/W3176923149,https://openalex.org/A5051577117,first,true
W3176923149-A5057260089,https://openalex.org/W3176923149,https://openalex.org/A5057260089,last,false
W3176923149-A5089170562,https://openalex.org/W3176923149,https://openalex.org/A5089170562,middle,false
W3177813494-A5001482492,https://openalex.org/W3177813494,https://openalex.org/A5001482492,middle,false
W3177813494-A5002922045,https://openalex.org/W3177813494,https://openalex.org/A5002922045,middle,false
W3177813494-A5006446297,https://openalex.org/W3177813494,https://openalex.org/A5006446297,middle,false
W3177813494-A5010674841,https://openalex.org/W3177813494,https://openalex.org/A5010674841,middle,false
W3177813494-A5011569714,https://openalex.org/W3177813494,https://openalex.org/A5011569714,middle,false
W3177813494-A5013248082,https://openalex.org/W3177813494,https://openalex.org/A5013248082,middle,false
W3177813494-A5017223053,https://openalex.org/W3177813494,https://openalex.org/A5017223053,middle,false
W3177813494-A5019471288,https://openalex.org/W3177813494,https://openalex.org/A5019471288,middle,false
W3177813494-A5026541761,https://openalex.org/W3177813494,https://openalex.org/A5026541761,middle,false
W3177813494-A5026829243,https://openalex.org/W3177813494,https://openalex.org/A5026829243,middle,false
W3177813494-A5028772381,https://openalex.org/W3177813494,https://openalex.org/A5028772381,middle,false
W3177813494-A5028891032,https://openalex.org/W3177813494,https://openalex.org/A5028891032,middle,false
W3177813494-A5030875603,https://openalex.org/W3177813494,https://openalex.org/A5030875603,middle,false
W3177813494-A5030935953,https://openalex.org/W3177813494,https://openalex.org/A5030935953,first,false
W3177813494-A5031013142,https://openalex.org/W3177813494,https://openalex.org/A5031013142,middle,false
W3177813494-A5031279787,https://openalex.org/W3177813494,https://openalex.org/A5031279787,middle,false
W3177813494-A5031789995,https://openalex.org/W3177813494,https://openalex.org/A5031789995,middle,false
W3177813494-A5032275803,https://openalex.org/W3177813494,https://openalex.org/A5032275803,middle,false
W3177813494-A5037117755,https://openalex.org/W3177813494,https://openalex.org/A5037117755,middle,false
W3177813494-A5038101556,https://openalex.org/W3177813494,https://openalex.org/A5038101556,middle,false
W3177813494-A5040311065,https://openalex.org/W3177813494,https://openalex.org/A5040311065,middle,false
W3177813494-A5041667198,https://openalex.org/W3177813494,https://openalex.org/A5041667198,middle,false
W3177813494-A5042208401,https://openalex.org/W3177813494,https://openalex.org/A5042208401,middle,false
W3177813494-A5043772703,https://openalex.org/W3177813494,https://openalex.org/A5043772703,middle,false
W3177813494-A5044086066,https://openalex.org/W3177813494,https://openalex.org/A5044086066,middle,false
W3177813494-A5044791875,https://openalex.org/W3177813494,https://openalex.org/A5044791875,middle,false
W3177813494-A5051250767,https://openalex.org/W3177813494,https://openalex.org/A5051250767,middle,false
W3177813494-A5053213601,https://openalex.org/W3177813494,https://openalex.org/A5053213601,middle,false
W3177813494-A5054887773,https://openalex.org/W3177813494,https://openalex.org/A5054887773,middle,false
W3177813494-A5055399590,https://openalex.org/W3177813494,https://openalex.org/A5055399590,middle,false
W3177813494-A5057529586,https://openalex.org/W3177813494,https://openalex.org/A5057529586,middle,false
W3177813494-A5058076181,https://openalex.org/W3177813494,https://openalex.org/A5058076181,middle,false
W3177813494-A5059260582,https://openalex.org/W3177813494,https://openalex.org/A5059260582,middle,false
W3177813494-A5062927867,https://openalex.org/W3177813494,https://openalex.org/A5062927867,middle,false
W3177813494-A5063374092,https://openalex.org/W3177813494,https://openalex.org/A5063374092,middle,false
W3177813494-A5064685592,https://openalex.org/W3177813494,https://openalex.org/A5064685592,middle,false
W3177813494-A5065253486,https://openalex.org/W3177813494,https://openalex.org/A5065253486,middle,false
W3177813494-A5065686484,https://openalex.org/W3177813494,https://openalex.org/A5065686484,middle,false
W3177813494-A5065707162,https://openalex.org/W3177813494,https://openalex.org/A5065707162,middle,false
W3177813494-A5066197394,https://openalex.org/W3177813494,https://openalex.org/A5066197394,middle,false
W3177813494-A5066559387,https://openalex.org/W3177813494,https://openalex.org/A5066559387,middle,false
W3177813494-A5070026510,https://openalex.org/W3177813494,https://openalex.org/A5070026510,middle,false
W3177813494-A5070966194,https://openalex.org/W3177813494,https://openalex.org/A5070966194,middle,false
W3177813494-A5076651586,https://openalex.org/W3177813494,https://openalex.org/A5076651586,last,false
W3177813494-A5080211309,https://openalex.org/W3177813494,https://openalex.org/A5080211309,middle,false
W3177813494-A5080941449,https://openalex.org/W3177813494,https://openalex.org/A5080941449,middle,false
W3177813494-A5081028846,https://openalex.org/W3177813494,https://openalex.org/A5081028846,middle,false
W3177813494-A5082224513,https://openalex.org/W3177813494,https://openalex.org/A5082224513,middle,false
W3177813494-A5085244021,https://openalex.org/W3177813494,https://openalex.org/A5085244021,middle,false
W3177813494-A5087045209,https://openalex.org/W3177813494,https://openalex.org/A5087045209,middle,false
W3177813494-A5089232745,https://openalex.org/W3177813494,https://openalex.org/A5089232745,middle,false
W3177813494-A5089646974,https://openalex.org/W3177813494,https://openalex.org/A5089646974,middle,false
W3177813494-A5090592321,https://openalex.org/W3177813494,https://openalex.org/A5090592321,middle,false
W3177813494-A5091250983,https://openalex.org/W3177813494,https://openalex.org/A5091250983,middle,false
W3177813494-A5110883303,https://openalex.org/W3177813494,https://openalex.org/A5110883303,middle,false
W3184144760-A5005779176,https://openalex.org/W3184144760,https://openalex.org/A5005779176,last,false
W3184144760-A5074759785,https://openalex.org/W3184144760,https://openalex.org/A5074759785,middle,false
W3184144760-A5080552239,https://openalex.org/W3184144760,https://openalex.org/A5080552239,first,false
W3185341429-A5043295774,https://openalex.org/W3185341429,https://openalex.org/A5043295774,middle,false
W3185341429-A5055933325,https://openalex.org/W3185341429,https://openalex.org/A5055933325,middle,false
W3185341429-A5068811427,https://openalex.org/W3185341429,https://openalex.org/A5068811427,last,false
W3185341429-A5100354997,https://openalex.org/W3185341429,https://openalex.org/A5100354997,first,false
W3185341429-A5101850869,https://openalex.org/W3185341429,https://openalex.org/A5101850869,middle,false
W3185341429-A5103097172,https://openalex.org/W3185341429,https://openalex.org/A5103097172,middle,false
W3187255235-A5005554337,https://openalex.org/W3187255235,https://openalex.org/A5005554337,last,false
W3187255235-A5010396318,https://openalex.org/W3187255235,https://openalex.org/A5010396318,middle,false
W3187255235-A5011102459,https://openalex.org/W3187255235,https://openalex.org/A5011102459,middle,false
W3187255235-A5011548998,https://openalex.org/W3187255235,https://openalex.org/A5011548998,middle,false
W3187255235-A5031170568,https://openalex.org/W3187255235,https://openalex.org/A5031170568,middle,false
W3187255235-A5066242985,https://openalex.org/W3187255235,https://openalex.org/A5066242985,middle,false
W3187255235-A5067437615,https://openalex.org/W3187255235,https://openalex.org/A5067437615,middle,false
W3187255235-A5068437386,https://openalex.org/W3187255235,https://openalex.org/A5068437386,middle,false
W3187255235-A5072436307,https://openalex.org/W3187255235,https://openalex.org/A5072436307,middle,false
W3187255235-A5078833726,https://openalex.org/W3187255235,https://openalex.org/A5078833726,middle,false
W3187255235-A5079514101,https://openalex.org/W3187255235,https://openalex.org/A5079514101,first,false
W3187255235-A5085834120,https://openalex.org/W3187255235,https://openalex.org/A5085834120,middle,false
W3195577433-A5001944487,https://openalex.org/W3195577433,https://openalex.org/A5001944487,middle,false
W3195577433-A5001961716,https://openalex.org/W3195577433,https://openalex.org/A5001961716,middle,false
W3195577433-A5001994692,https://openalex.org/W3195577433,https://openalex.org/A5001994692,middle,false
W3195577433-A5005431772,https://openalex.org/W3195577433,https://openalex.org/A5005431772,middle,false
W3195577433-A5005608407,https://openalex.org/W3195577433,https://openalex.org/A5005608407,middle,false
W3195577433-A5006851333,https://openalex.org/W3195577433,https://openalex.org/A5006851333,middle,false
W3195577433-A5008545107,https://openalex.org/W3195577433,https://openalex.org/A5008545107,middle,false
W3195577433-A5009828979,https://openalex.org/W3195577433,https://openalex.org/A5009828979,middle,false
W3195577433-A5011684148,https://openalex.org/W3195577433,https://openalex.org/A5011684148,middle,false
W3195577433-A5014379995,https://openalex.org/W3195577433,https://openalex.org/A5014379995,middle,false
W3195577433-A5015201177,https://openalex.org/W3195577433,https://openalex.org/A5015201177,middle,false
W3195577433-A5015355317,https://openalex.org/W3195577433,https://openalex.org/A5015355317,middle,false
W3195577433-A5015518638,https://openalex.org/W3195577433,https://openalex.org/A5015518638,middle,false
W3195577433-A5016998074,https://openalex.org/W3195577433,https://openalex.org/A5016998074,middle,false
W3195577433-A5017349449,https://openalex.org/W3195577433,https://openalex.org/A5017349449,middle,false
W3195577433-A5017688180,https://openalex.org/W3195577433,https://openalex.org/A5017688180,middle,false
W3195577433-A5017940830,https://openalex.org/W3195577433,https://openalex.org/A5017940830,middle,false
W3195577433-A5018518655,https://openalex.org/W3195577433,https://openalex.org/A5018518655,middle,false
W3195577433-A5018535992,https://openalex.org/W3195577433,https://openalex.org/A5018535992,middle,false
W3195577433-A5019482456,https://openalex.org/W3195577433,https://openalex.org/A5019482456,middle,false
W3195577433-A5019674079,https://openalex.org/W3195577433,https://openalex.org/A5019674079,middle,false
W3195577433-A5020476329,https://openalex.org/W3195577433,https://openalex.org/A5020476329,middle,false
W3195577433-A5021676288,https://openalex.org/W3195577433,https://openalex.org/A5021676288,middle,false
W3195577433-A5023621106,https://openalex.org/W3195577433,https://openalex.org/A5023621106,middle,false
W3195577433-A5026521456,https://openalex.org/W3195577433,https://openalex.org/A5026521456,middle,false
W3195577433-A5027693232,https://openalex.org/W3195577433,https://openalex.org/A5027693232,middle,false
W3195577433-A5028645925,https://openalex.org/W3195577433,https://openalex.org/A5028645925,middle,false
W3195577433-A5030406488,https://openalex.org/W3195577433,https://openalex.org/A5030406488,middle,false
W3195577433-A5030480633,https://openalex.org/W3195577433,https://openalex.org/A5030480633,middle,false
W3195577433-A5031731960,https://openalex.org/W3195577433,https://openalex.org/A5031731960,middle,false
W3195577433-A5032074795,https://openalex.org/W3195577433,https://openalex.org/A5032074795,middle,false
W3195577433-A5032451496,https://openalex.org/W3195577433,https://openalex.org/A5032451496,middle,false
W3195577433-A5033738047,https://openalex.org/W3195577433,https://openalex.org/A5033738047,middle,false
W3195577433-A5038255653,https://openalex.org/W3195577433,https://openalex.org/A5038255653,middle,false
W3195577433-A5039473897,https://openalex.org/W3195577433,https://openalex.org/A5039473897,middle,false
W3195577433-A5039717840,https://openalex.org/W3195577433,https://openalex.org/A5039717840,middle,false
W3195577433-A5039749428,https://openalex.org/W3195577433,https://openalex.org/A5039749428,middle,false
W3195577433-A5040012627,https://openalex.org/W3195577433,https://openalex.org/A5040012627,middle,false
W3195577433-A5041701394,https://openalex.org/W3195577433,https://openalex.org/A5041701394,middle,false
W3195577433-A5042379226,https://openalex.org/W3195577433,https://openalex.org/A5042379226,middle,false
W3195577433-A5042601761,https://openalex.org/W3195577433,https://openalex.org/A5042601761,middle,false
W3195577433-A5046006076,https://openalex.org/W3195577433,https://openalex.org/A5046006076,middle,false
W3195577433-A5047265330,https://openalex.org/W3195577433,https://openalex.org/A5047265330,middle,false
W3195577433-A5049073875,https://openalex.org/W3195577433,https://openalex.org/A5049073875,middle,false
W3195577433-A5050798856,https://openalex.org/W3195577433,https://openalex.org/A5050798856,middle,false
W3195577433-A5050985956,https://openalex.org/W3195577433,https://openalex.org/A5050985956,middle,false
W3195577433-A5051264071,https://openalex.org/W3195577433,https://openalex.org/A5051264071,middle,false
W3195577433-A5052171928,https://openalex.org/W3195577433,https://openalex.org/A5052171928,middle,false
W3195577433-A5054285881,https://openalex.org/W3195577433,https://openalex.org/A5054285881,middle,false
W3195577433-A5054737143,https://openalex.org/W3195577433,https://openalex.org/A5054737143,middle,false
W3195577433-A5055442462,https://openalex.org/W3195577433,https://openalex.org/A5055442462,middle,false
W3195577433-A5055978130,https://openalex.org/W3195577433,https://openalex.org/A5055978130,middle,false
W3195577433-A5058408154,https://openalex.org/W3195577433,https://openalex.org/A5058408154,middle,false
W3195577433-A5061135580,https://openalex.org/W3195577433,https://openalex.org/A5061135580,middle,false
W3195577433-A5063387701,https://openalex.org/W3195577433,https://openalex.org/A5063387701,middle,false
W3195577433-A5063737268,https://openalex.org/W3195577433,https://openalex.org/A5063737268,middle,false
W3195577433-A5063897942,https://openalex.org/W3195577433,https://openalex.org/A5063897942,middle,false
W3195577433-A5065371323,https://openalex.org/W3195577433,https://openalex.org/A5065371323,middle,false
W3195577433-A5066892638,https://openalex.org/W3195577433,https://openalex.org/A5066892638,middle,false
W3195577433-A5068178240,https://openalex.org/W3195577433,https://openalex.org/A5068178240,middle,false
W3195577433-A5069576651,https://openalex.org/W3195577433,https://openalex.org/A5069576651,first,false
W3195577433-A5070255304,https://openalex.org/W3195577433,https://openalex.org/A5070255304,middle,false
W3195577433-A5070411028,https://openalex.org/W3195577433,https://openalex.org/A5070411028,middle,false
W3195577433-A5070767948,https://openalex.org/W3195577433,https://openalex.org/A5070767948,middle,false
W3195577433-A5070994105,https://openalex.org/W3195577433,https://openalex.org/A5070994105,middle,false
W3195577433-A5071371645,https://openalex.org/W3195577433,https://openalex.org/A5071371645,middle,false
W3195577433-A5074009646,https://openalex.org/W3195577433,https://openalex.org/A5074009646,middle,false
W3195577433-A5074277807,https://openalex.org/W3195577433,https://openalex.org/A5074277807,middle,false
W3195577433-A5074961334,https://openalex.org/W3195577433,https://openalex.org/A5074961334,middle,false
W3195577433-A5074969309,https://openalex.org/W3195577433,https://openalex.org/A5074969309,middle,false
W3195577433-A5075075495,https://openalex.org/W3195577433,https://openalex.org/A5075075495,middle,false
W3195577433-A5076189854,https://openalex.org/W3195577433,https://openalex.org/A5076189854,middle,false
W3195577433-A5079244248,https://openalex.org/W3195577433,https://openalex.org/A5079244248,middle,false
W3195577433-A5079514101,https://openalex.org/W3195577433,https://openalex.org/A5079514101,middle,false
W3195577433-A5079904764,https://openalex.org/W3195577433,https://openalex.org/A5079904764,middle,false
W3195577433-A5080647450,https://openalex.org/W3195577433,https://openalex.org/A5080647450,middle,false
W3195577433-A5080725225,https://openalex.org/W3195577433,https://openalex.org/A5080725225,middle,false
W3195577433-A5081558429,https://openalex.org/W3195577433,https://openalex.org/A5081558429,middle,false
W3195577433-A5084043782,https://openalex.org/W3195577433,https://openalex.org/A5084043782,middle,false
W3195577433-A5084989076,https://openalex.org/W3195577433,https://openalex.org/A5084989076,middle,false
W3195577433-A5087088138,https://openalex.org/W3195577433,https://openalex.org/A5087088138,middle,false
W3195577433-A5088352526,https://openalex.org/W3195577433,https://openalex.org/A5088352526,middle,false
W3195577433-A5088410008,https://openalex.org/W3195577433,https://openalex.org/A5088410008,middle,false
W3195577433-A5091179481,https://openalex.org/W3195577433,https://openalex.org/A5091179481,middle,false
W3195577433-A5091221987,https://openalex.org/W3195577433,https://openalex.org/A5091221987,middle,false
W3195577433-A5091272738,https://openalex.org/W3195577433,https://openalex.org/A5091272738,middle,false
W3195577433-A5099347627,https://openalex.org/W3195577433,https://openalex.org/A5099347627,middle,false
W3195577433-A5100450462,https://openalex.org/W3195577433,https://openalex.org/A5100450462,middle,false
W3195577433-A5100702488,https://openalex.org/W3195577433,https://openalex.org/A5100702488,middle,false
W3195577433-A5100752870,https://openalex.org/W3195577433,https://openalex.org/A5100752870,middle,false
W3195577433-A5100756491,https://openalex.org/W3195577433,https://openalex.org/A5100756491,middle,false
W3195577433-A5101603882,https://openalex.org/W3195577433,https://openalex.org/A5101603882,middle,false
W3195577433-A5101821970,https://openalex.org/W3195577433,https://openalex.org/A5101821970,middle,false
W3195577433-A5101973028,https://openalex.org/W3195577433,https://openalex.org/A5101973028,middle,false
W3195577433-A5103198578,https://openalex.org/W3195577433,https://openalex.org/A5103198578,middle,false
W3195577433-A5103852640,https://openalex.org/W3195577433,https://openalex.org/A5103852640,middle,false
W3195577433-A5112853549,https://openalex.org/W3195577433,https://openalex.org/A5112853549,middle,false
W3198685994-A5005443526,https://openalex.org/W3198685994,https://openalex.org/A5005443526,middle,false
W3198685994-A5074834854,https://openalex.org/W3198685994,https://openalex.org/A5074834854,last,false
W3198685994-A5100372089,https://openalex.org/W3198685994,https://openalex.org/A5100372089,first,false
W3198685994-A5101486818,https://openalex.org/W3198685994,https://openalex.org/A5101486818,middle,false
W3203321135-A5004225142,https://openalex.org/W3203321135,https://openalex.org/A5004225142,first,false
W3203321135-A5015483503,https://openalex.org/W3203321135,https://openalex.org/A5015483503,middle,false
W3203321135-A5065663195,https://openalex.org/W3203321135,https://openalex.org/A5065663195,last,false
W3205068155-A5002839718,https://openalex.org/W3205068155,https://openalex.org/A5002839718,middle,false
W3205068155-A5005316349,https://openalex.org/W3205068155,https://openalex.org/A5005316349,middle,false
W3205068155-A5005561269,https://openalex.org/W3205068155,https://openalex.org/A5005561269,middle,false
W3205068155-A5011117177,https://openalex.org/W3205068155,https://openalex.org/A5011117177,middle,false
W3205068155-A5012137935,https://openalex.org/W3205068155,https://openalex.org/A5012137935,middle,false
W3205068155-A5024882131,https://openalex.org/W3205068155,https://openalex.org/A5024882131,middle,false
W3205068155-A5028277225,https://openalex.org/W3205068155,https://openalex.org/A5028277225,middle,false
W3205068155-A5029793899,https://openalex.org/W3205068155,https://openalex.org/A5029793899,middle,false
W3205068155-A5035573146,https://openalex.org/W3205068155,https://openalex.org/A5035573146,middle,false
W3205068155-A5045077843,https://openalex.org/W3205068155,https://openalex.org/A5045077843,middle,false
W3205068155-A5046431394,https://openalex.org/W3205068155,https://openalex.org/A5046431394,middle,false
W3205068155-A5046548985,https://openalex.org/W3205068155,https://openalex.org/A5046548985,middle,false
W3205068155-A5048796501,https://openalex.org/W3205068155,https://openalex.org/A5048796501,middle,false
W3205068155-A5049805631,https://openalex.org/W3205068155,https://openalex.org/A5049805631,first,false
W3205068155-A5050266007,https://openalex.org/W3205068155,https://openalex.org/A5050266007,middle,false
W3205068155-A5056219662,https://openalex.org/W3205068155,https://openalex.org/A5056219662,middle,false
W3205068155-A5057062066,https://openalex.org/W3205068155,https://openalex.org/A5057062066,middle,false
W3205068155-A5062546146,https://openalex.org/W3205068155,https://openalex.org/A5062546146,last,false
W3205068155-A5065489269,https://openalex.org/W3205068155,https://openalex.org/A5065489269,middle,false
W3205068155-A5069149197,https://openalex.org/W3205068155,https://openalex.org/A5069149197,middle,false
W3205068155-A5070647299,https://openalex.org/W3205068155,https://openalex.org/A5070647299,middle,false
W3205068155-A5073058818,https://openalex.org/W3205068155,https://openalex.org/A5073058818,middle,false
W3205068155-A5076546237,https://openalex.org/W3205068155,https://openalex.org/A5076546237,middle,false
W3205068155-A5076733732,https://openalex.org/W3205068155,https://openalex.org/A5076733732,middle,false
W3205068155-A5080588688,https://openalex.org/W3205068155,https://openalex.org/A5080588688,middle,false
W3205068155-A5082096652,https://openalex.org/W3205068155,https://openalex.org/A5082096652,middle,false
W3205068155-A5084957527,https://openalex.org/W3205068155,https://openalex.org/A5084957527,middle,false
W3205068155-A5089660323,https://openalex.org/W3205068155,https://openalex.org/A5089660323,middle,false
W3205068155-A5090396089,https://openalex.org/W3205068155,https://openalex.org/A5090396089,middle,false
W3205068155-A5090399761,https://openalex.org/W3205068155,https://openalex.org/A5090399761,middle,false
W3205068155-A5100452654,https://openalex.org/W3205068155,https://openalex.org/A5100452654,middle,false
W3205068155-A5100784818,https://openalex.org/W3205068155,https://openalex.org/A5100784818,middle,false
W3205068155-A5101954854,https://openalex.org/W3205068155,https://openalex.org/A5101954854,middle,false
W3205068155-A5102941860,https://openalex.org/W3205068155,https://openalex.org/A5102941860,middle,false
W3205068155-A5103139732,https://openalex.org/W3205068155,https://openalex.org/A5103139732,middle,false
W3205068155-A5106388659,https://openalex.org/W3205068155,https://openalex.org/A5106388659,middle,false
W3205068155-A5107899645,https://openalex.org/W3205068155,https://openalex.org/A5107899645,middle,false
W3205068155-A5112330765,https://openalex.org/W3205068155,https://openalex.org/A5112330765,middle,false
W3205068155-A5112620294,https://openalex.org/W3205068155,https://openalex.org/A5112620294,middle,false
W4211263275-A5032890999,https://openalex.org/W4211263275,https://openalex.org/A5032890999,middle,false
W4211263275-A5054692443,https://openalex.org/W4211263275,https://openalex.org/A5054692443,middle,false
W4211263275-A5061895558,https://openalex.org/W4211263275,https://openalex.org/A5061895558,middle,false
W4211263275-A5065053503,https://openalex.org/W4211263275,https://openalex.org/A5065053503,last,false
W4211263275-A5077537139,https://openalex.org/W4211263275,https://openalex.org/A5077537139,first,false
W4221143046-A5010575626,https://openalex.org/W4221143046,https://openalex.org/A5010575626,middle,false
W4221143046-A5028125399,https://openalex.org/W4221143046,https://openalex.org/A5028125399,middle,false
W4221143046-A5061512999,https://openalex.org/W4221143046,https://openalex.org/A5061512999,last,false
W4221143046-A5074322007,https://openalex.org/W4221143046,https://openalex.org/A5074322007,middle,false
W4221143046-A5088551093,https://openalex.org/W4221143046,https://openalex.org/A5088551093,middle,false
W4221161695-A5010575626,https://openalex.org/W4221161695,https://openalex.org/A5010575626,middle,false
W4221161695-A5024842018,https://openalex.org/W4221161695,https://openalex.org/A5024842018,first,false
W4221161695-A5028125399,https://openalex.org/W4221161695,https://openalex.org/A5028125399,middle,false
W4221161695-A5088551093,https://openalex.org/W4221161695,https://openalex.org/A5088551093,middle,false
W4224308101-A5001087250,https://openalex.org/W4224308101,https://openalex.org/A5001087250,middle,false
W4224308101-A5005308581,https://openalex.org/W4224308101,https://openalex.org/A5005308581,middle,false
W4224308101-A5011889606,https://openalex.org/W4224308101,https://openalex.org/A5011889606,middle,false
W4224308101-A5012652561,https://openalex.org/W4224308101,https://openalex.org/A5012652561,middle,false
W4224308101-A5012998255,https://openalex.org/W4224308101,https://openalex.org/A5012998255,middle,false
W4224308101-A5014400463,https://openalex.org/W4224308101,https://openalex.org/A5014400463,middle,false
W4224308101-A5016302450,https://openalex.org/W4224308101,https://openalex.org/A5016302450,middle,false
W4224308101-A5018113047,https://openalex.org/W4224308101,https://openalex.org/A5018113047,middle,false
W4224308101-A5019210292,https://openalex.org/W4224308101,https://openalex.org/A5019210292,middle,false
W4224308101-A5019297976,https://openalex.org/W4224308101,https://openalex.org/A5019297976,middle,false
W4224308101-A5019880413,https://openalex.org/W4224308101,https://openalex.org/A5019880413,middle,false
W4224308101-A5021334672,https://openalex.org/W4224308101,https://openalex.org/A5021334672,middle,false
W4224308101-A5021878400,https://openalex.org/W4224308101,https://openalex.org/A5021878400,middle,false
W4224308101-A5022994077,https://openalex.org/W4224308101,https://openalex.org/A5022994077,middle,false
W4224308101-A5023470556,https://openalex.org/W4224308101,https://openalex.org/A5023470556,middle,false
W4224308101-A5024842018,https://openalex.org/W4224308101,https://openalex.org/A5024842018,middle,false
W4224308101-A5026064427,https://openalex.org/W4224308101,https://openalex.org/A5026064427,middle,false
W4224308101-A5026789962,https://openalex.org/W4224308101,https://openalex.org/A5026789962,middle,false
W4224308101-A5027632940,https://openalex.org/W4224308101,https://openalex.org/A5027632940,middle,false
W4224308101-A5028501178,https://openalex.org/W4224308101,https://openalex.org/A5028501178,middle,false
W4224308101-A5029678131,https://openalex.org/W4224308101,https://openalex.org/A5029678131,middle,false
W4224308101-A5030875603,https://openalex.org/W4224308101,https://openalex.org/A5030875603,middle,false
W4224308101-A5033596864,https://openalex.org/W4224308101,https://openalex.org/A5033596864,middle,false
W4224308101-A5035174955,https://openalex.org/W4224308101,https://openalex.org/A5035174955,middle,false
W4224308101-A5035914396,https://openalex.org/W4224308101,https://openalex.org/A5035914396,middle,false
W4224308101-A5050218314,https://openalex.org/W4224308101,https://openalex.org/A5050218314,middle,false
W4224308101-A5051828575,https://openalex.org/W4224308101,https://openalex.org/A5051828575,middle,false
W4224308101-A5052454696,https://openalex.org/W4224308101,https://openalex.org/A5052454696,middle,false
W4224308101-A5055592482,https://openalex.org/W4224308101,https://openalex.org/A5055592482,middle,false
W4224308101-A5055969617,https://openalex.org/W4224308101,https://openalex.org/A5055969617,first,false
W4224308101-A5057457287,https://openalex.org/W4224308101,https://openalex.org/A5057457287,middle,false
W4224308101-A5057834767,https://openalex.org/W4224308101,https://openalex.org/A5057834767,middle,false
W4224308101-A5059267294,https://openalex.org/W4224308101,https://openalex.org/A5059267294,middle,false
W4224308101-A5061512999,https://openalex.org/W4224308101,https://openalex.org/A5061512999,middle,false
W4224308101-A5062886906,https://openalex.org/W4224308101,https://openalex.org/A5062886906,middle,false
W4224308101-A5065754485,https://openalex.org/W4224308101,https://openalex.org/A5065754485,middle,false
W4224308101-A5066539391,https://openalex.org/W4224308101,https://openalex.org/A5066539391,middle,false
W4224308101-A5067187716,https://openalex.org/W4224308101,https://openalex.org/A5067187716,middle,false
W4224308101-A5069544528,https://openalex.org/W4224308101,https://openalex.org/A5069544528,middle,false
W4224308101-A5069649243,https://openalex.org/W4224308101,https://openalex.org/A5069649243,middle,false
W4224308101-A5070268107,https://openalex.org/W4224308101,https://openalex.org/A5070268107,middle,false
W4224308101-A5074322007,https://openalex.org/W4224308101,https://openalex.org/A5074322007,middle,false
W4224308101-A5078519761,https://openalex.org/W4224308101,https://openalex.org/A5078519761,middle,false
W4224308101-A5079540764,https://openalex.org/W4224308101,https://openalex.org/A5079540764,middle,false
W4224308101-A5084104975,https://openalex.org/W4224308101,https://openalex.org/A5084104975,middle,false
W4224308101-A5084512458,https://openalex.org/W4224308101,https://openalex.org/A5084512458,middle,false
W4224308101-A5085443636,https://openalex.org/W4224308101,https://openalex.org/A5085443636,middle,false
W4224308101-A5087591662,https://openalex.org/W4224308101,https://openalex.org/A5087591662,last,false
W4224308101-A5089543053,https://openalex.org/W4224308101,https://openalex.org/A5089543053,middle,false
W4224308101-A5090145147,https://openalex.org/W4224308101,https://openalex.org/A5090145147,middle,false
W4224308101-A5090477236,https://openalex.org/W4224308101,https://openalex.org/A5090477236,middle,false
W4224308101-A5092651390,https://openalex.org/W4224308101,https://openalex.org/A5092651390,middle,false
W4224308101-A5100721790,https://openalex.org/W4224308101,https://openalex.org/A5100721790,middle,false
W4224308101-A5101561897,https://openalex.org/W4224308101,https://openalex.org/A5101561897,middle,false
W4224308101-A5101597225,https://openalex.org/W4224308101,https://openalex.org/A5101597225,middle,false
W4224308101-A5103069680,https://openalex.org/W4224308101,https://openalex.org/A5103069680,middle,false
W4224308101-A5110193634,https://openalex.org/W4224308101,https://openalex.org/A5110193634,middle,false
W4224912544-A5001178359,https://openalex.org/W4224912544,https://openalex.org/A5001178359,middle,false
W4224912544-A5005431772,https://openalex.org/W4224912544,https://openalex.org/A5005431772,middle,false
W4224912544-A5005985316,https://openalex.org/W4224912544,https://openalex.org/A5005985316,middle,false
W4224912544-A5007112220,https://openalex.org/W4224912544,https://openalex.org/A5007112220,middle,false
W4224912544-A5013014454,https://openalex.org/W4224912544,https://openalex.org/A5013014454,middle,false
W4224912544-A5013813527,https://openalex.org/W4224912544,https://openalex.org/A5013813527,middle,false
W4224912544-A5018507768,https://openalex.org/W4224912544,https://openalex.org/A5018507768,middle,false
W4224912544-A5021817941,https://openalex.org/W4224912544,https://openalex.org/A5021817941,middle,false
W4224912544-A5022032374,https://openalex.org/W4224912544,https://openalex.org/A5022032374,middle,false
W4224912544-A5025016495,https://openalex.org/W4224912544,https://openalex.org/A5025016495,middle,false
W4224912544-A5025695094,https://openalex.org/W4224912544,https://openalex.org/A5025695094,middle,false
W4224912544-A5026322200,https://openalex.org/W4224912544,https://openalex.org/A5026322200,middle,false
W4224912544-A5026579341,https://openalex.org/W4224912544,https://openalex.org/A5026579341,middle,false
W4224912544-A5030702181,https://openalex.org/W4224912544,https://openalex.org/A5030702181,middle,false
W4224912544-A5045044268,https://openalex.org/W4224912544,https://openalex.org/A5045044268,middle,false
W4224912544-A5049634735,https://openalex.org/W4224912544,https://openalex.org/A5049634735,middle,false
W4224912544-A5050024610,https://openalex.org/W4224912544,https://openalex.org/A5050024610,middle,false
W4224912544-A5053574266,https://openalex.org/W4224912544,https://openalex.org/A5053574266,middle,false
W4224912544-A5054987426,https://openalex.org/W4224912544,https://openalex.org/A5054987426,middle,false
W4224912544-A5054993128,https://openalex.org/W4224912544,https://openalex.org/A5054993128,middle,false
W4224912544-A5063513636,https://openalex.org/W4224912544,https://openalex.org/A5063513636,middle,false
W4224912544-A5064265174,https://openalex.org/W4224912544,https://openalex.org/A5064265174,middle,false
W4224912544-A5066544075,https://openalex.org/W4224912544,https://openalex.org/A5066544075,middle,false
W4224912544-A5070738960,https://openalex.org/W4224912544,https://openalex.org/A5070738960,middle,false
W4224912544-A5084476585,https://openalex.org/W4224912544,https://openalex.org/A5084476585,middle,false
W4224912544-A5085810270,https://openalex.org/W4224912544,https://openalex.org/A5085810270,middle,false
W4224912544-A5088777896,https://openalex.org/W4224912544,https://openalex.org/A5088777896,middle,false
W4224912544-A5090570382,https://openalex.org/W4224912544,https://openalex.org/A5090570382,middle,false
W4224912544-A5090629487,https://openalex.org/W4224912544,https://openalex.org/A5090629487,middle,false
W4224912544-A5100334841,https://openalex.org/W4224912544,https://openalex.org/A5100334841,middle,false
W4224912544-A5100676785,https://openalex.org/W4224912544,https://openalex.org/A5100676785,middle,false
W4224912544-A5101503933,https://openalex.org/W4224912544,https://openalex.org/A5101503933,middle,false
W4224912544-A5101929475,https://openalex.org/W4224912544,https://openalex.org/A5101929475,middle,false
W4224912544-A5103122635,https://openalex.org/W4224912544,https://openalex.org/A5103122635,middle,false
W4224912544-A5109005188,https://openalex.org/W4224912544,https://openalex.org/A5109005188,middle,false
W4224912544-A5111514705,https://openalex.org/W4224912544,https://openalex.org/A5111514705,middle,false
W4225108562-A5045866597,https://openalex.org/W4225108562,https://openalex.org/A5045866597,last,false
W4225108562-A5057172764,https://openalex.org/W4225108562,https://openalex.org/A5057172764,first,false
W4225108562-A5100437453,https://openalex.org/W4225108562,https://openalex.org/A5100437453,middle,false
W4225323055-A5003562101,https://openalex.org/W4225323055,https://openalex.org/A5003562101,middle,false
W4225323055-A5004625775,https://openalex.org/W4225323055,https://openalex.org/A5004625775,last,false
W4225323055-A5007394281,https://openalex.org/W4225323055,https://openalex.org/A5007394281,middle,false
W4225323055-A5012706153,https://openalex.org/W4225323055,https://openalex.org/A5012706153,middle,false
W4225323055-A5021766835,https://openalex.org/W4225323055,https://openalex.org/A5021766835,middle,false
W4225323055-A5023079707,https://openalex.org/W4225323055,https://openalex.org/A5023079707,middle,false
W4225323055-A5030447052,https://openalex.org/W4225323055,https://openalex.org/A5030447052,middle,false
W4225323055-A5039442998,https://openalex.org/W4225323055,https://openalex.org/A5039442998,middle,false
W4225323055-A5040619988,https://openalex.org/W4225323055,https://openalex.org/A5040619988,middle,false
W4225323055-A5042672461,https://openalex.org/W4225323055,https://openalex.org/A5042672461,middle,false
W4225323055-A5044225594,https://openalex.org/W4225323055,https://openalex.org/A5044225594,middle,false
W4225323055-A5048416373,https://openalex.org/W4225323055,https://openalex.org/A5048416373,middle,false
W4225323055-A5051252812,https://openalex.org/W4225323055,https://openalex.org/A5051252812,middle,false
W4225323055-A5052196188,https://openalex.org/W4225323055,https://openalex.org/A5052196188,middle,false
W4225323055-A5056875847,https://openalex.org/W4225323055,https://openalex.org/A5056875847,middle,false
W4225323055-A5057678172,https://openalex.org/W4225323055,https://openalex.org/A5057678172,middle,false
W4225323055-A5059460567,https://openalex.org/W4225323055,https://openalex.org/A5059460567,middle,false
W4225323055-A5075613881,https://openalex.org/W4225323055,https://openalex.org/A5075613881,middle,false
W4225323055-A5077819827,https://openalex.org/W4225323055,https://openalex.org/A5077819827,middle,false
W4225323055-A5088720016,https://openalex.org/W4225323055,https://openalex.org/A5088720016,middle,false
W4225323055-A5089972944,https://openalex.org/W4225323055,https://openalex.org/A5089972944,middle,false
W4225323055-A5103531364,https://openalex.org/W4225323055,https://openalex.org/A5103531364,middle,false
W4225323055-A5110691380,https://openalex.org/W4225323055,https://openalex.org/A5110691380,middle,false
W4225591000-A5003562101,https://openalex.org/W4225591000,https://openalex.org/A5003562101,middle,false
W4225591000-A5004625775,https://openalex.org/W4225591000,https://openalex.org/A5004625775,middle,false
W4225591000-A5008158115,https://openalex.org/W4225591000,https://openalex.org/A5008158115,middle,false
W4225591000-A5009345506,https://openalex.org/W4225591000,https://openalex.org/A5009345506,middle,false
W4225591000-A5009928314,https://openalex.org/W4225591000,https://openalex.org/A5009928314,middle,false
W4225591000-A5020758501,https://openalex.org/W4225591000,https://openalex.org/A5020758501,middle,false
W4225591000-A5023079707,https://openalex.org/W4225591000,https://openalex.org/A5023079707,middle,false
W4225591000-A5025210358,https://openalex.org/W4225591000,https://openalex.org/A5025210358,middle,false
W4225591000-A5029924588,https://openalex.org/W4225591000,https://openalex.org/A5029924588,middle,false
W4225591000-A5032652614,https://openalex.org/W4225591000,https://openalex.org/A5032652614,middle,false
W4225591000-A5039232395,https://openalex.org/W4225591000,https://openalex.org/A5039232395,middle,false
W4225591000-A5042672461,https://openalex.org/W4225591000,https://openalex.org/A5042672461,middle,false
W4225591000-A5051582703,https://openalex.org/W4225591000,https://openalex.org/A5051582703,middle,false
W4225591000-A5052435039,https://openalex.org/W4225591000,https://openalex.org/A5052435039,middle,false
W4225591000-A5053301405,https://openalex.org/W4225591000,https://openalex.org/A5053301405,last,false
W4225591000-A5059460567,https://openalex.org/W4225591000,https://openalex.org/A5059460567,middle,false
W4225591000-A5063020928,https://openalex.org/W4225591000,https://openalex.org/A5063020928,first,false
W4225591000-A5067022550,https://openalex.org/W4225591000,https://openalex.org/A5067022550,middle,false
W4225591000-A5075173651,https://openalex.org/W4225591000,https://openalex.org/A5075173651,middle,false
W4225591000-A5086001486,https://openalex.org/W4225591000,https://openalex.org/A5086001486,middle,false
W4225591000-A5110691380,https://openalex.org/W4225591000,https://openalex.org/A5110691380,middle,false
W4225747866-A5018609918,https://openalex.org/W4225747866,https://openalex.org/A5018609918,middle,false
W4225747866-A5047506888,https://openalex.org/W4225747866,https://openalex.org/A5047506888,first,true
W4225747866-A5051905272,https://openalex.org/W4225747866,https://openalex.org/A5051905272,middle,false
W4225747866-A5070511738,https://openalex.org/W4225747866,https://openalex.org/A5070511738,middle,false
W4225747866-A5070852339,https://openalex.org/W4225747866,https://openalex.org/A5070852339,middle,false
W4226278401-A5007570707,https://openalex.org/W4226278401,https://openalex.org/A5007570707,middle,false
W4226278401-A5007861777,https://openalex.org/W4226278401,https://openalex.org/A5007861777,middle,false
W4226278401-A5010674841,https://openalex.org/W4226278401,https://openalex.org/A5010674841,middle,false
W4226278401-A5011207305,https://openalex.org/W4226278401,https://openalex.org/A5011207305,middle,false
W4226278401-A5011719782,https://openalex.org/W4226278401,https://openalex.org/A5011719782,middle,false
W4226278401-A5022076965,https://openalex.org/W4226278401,https://openalex.org/A5022076965,middle,false
W4226278401-A5022205442,https://openalex.org/W4226278401,https://openalex.org/A5022205442,middle,false
W4226278401-A5028772381,https://openalex.org/W4226278401,https://openalex.org/A5028772381,middle,false
W4226278401-A5030305998,https://openalex.org/W4226278401,https://openalex.org/A5030305998,middle,false
W4226278401-A5057289323,https://openalex.org/W4226278401,https://openalex.org/A5057289323,middle,false
W4226278401-A5068949174,https://openalex.org/W4226278401,https://openalex.org/A5068949174,first,false
W4226278401-A5090592321,https://openalex.org/W4226278401,https://openalex.org/A5090592321,middle,false
W4226278401-A5100393899,https://openalex.org/W4226278401,https://openalex.org/A5100393899,middle,false
W4226278401-A5102168278,https://openalex.org/W4226278401,https://openalex.org/A5102168278,middle,false
W4226278401-A5103934038,https://openalex.org/W4226278401,https://openalex.org/A5103934038,middle,false
W4226278401-A5104285560,https://openalex.org/W4226278401,https://openalex.org/A5104285560,middle,false
W4226399820-A5000668964,https://openalex.org/W4226399820,https://openalex.org/A5000668964,middle,false
W4226399820-A5000775746,https://openalex.org/W4226399820,https://openalex.org/A5000775746,middle,false
W4226399820-A5003807260,https://openalex.org/W4226399820,https://openalex.org/A5003807260,middle,false
W4226399820-A5004215755,https://openalex.org/W4226399820,https://openalex.org/A5004215755,middle,false
W4226399820-A5007262492,https://openalex.org/W4226399820,https://openalex.org/A5007262492,middle,false
W4226399820-A5012652561,https://openalex.org/W4226399820,https://openalex.org/A5012652561,middle,false
W4226399820-A5014055962,https://openalex.org/W4226399820,https://openalex.org/A5014055962,middle,false
W4226399820-A5016381010,https://openalex.org/W4226399820,https://openalex.org/A5016381010,middle,false
W4226399820-A5016423432,https://openalex.org/W4226399820,https://openalex.org/A5016423432,middle,false
W4226399820-A5017949971,https://openalex.org/W4226399820,https://openalex.org/A5017949971,middle,false
W4226399820-A5019297976,https://openalex.org/W4226399820,https://openalex.org/A5019297976,middle,false
W4226399820-A5021878400,https://openalex.org/W4226399820,https://openalex.org/A5021878400,middle,false
W4226399820-A5025860921,https://openalex.org/W4226399820,https://openalex.org/A5025860921,middle,false
W4226399820-A5026235451,https://openalex.org/W4226399820,https://openalex.org/A5026235451,first,false
W4226399820-A5026887485,https://openalex.org/W4226399820,https://openalex.org/A5026887485,middle,false
W4226399820-A5028125399,https://openalex.org/W4226399820,https://openalex.org/A5028125399,middle,false
W4226399820-A5030125352,https://openalex.org/W4226399820,https://openalex.org/A5030125352,middle,false
W4226399820-A5033032014,https://openalex.org/W4226399820,https://openalex.org/A5033032014,middle,false
W4226399820-A5033387842,https://openalex.org/W4226399820,https://openalex.org/A5033387842,middle,false
W4226399820-A5036817745,https://openalex.org/W4226399820,https://openalex.org/A5036817745,middle,false
W4226399820-A5042922496,https://openalex.org/W4226399820,https://openalex.org/A5042922496,middle,false
W4226399820-A5046333446,https://openalex.org/W4226399820,https://openalex.org/A5046333446,middle,false
W4226399820-A5046742446,https://openalex.org/W4226399820,https://openalex.org/A5046742446,middle,false
W4226399820-A5048771433,https://openalex.org/W4226399820,https://openalex.org/A5048771433,middle,false
W4226399820-A5049203448,https://openalex.org/W4226399820,https://openalex.org/A5049203448,middle,false
W4226399820-A5052454696,https://openalex.org/W4226399820,https://openalex.org/A5052454696,middle,false
W4226399820-A5052696737,https://openalex.org/W4226399820,https://openalex.org/A5052696737,middle,false
W4226399820-A5054302182,https://openalex.org/W4226399820,https://openalex.org/A5054302182,middle,false
W4226399820-A5054880622,https://openalex.org/W4226399820,https://openalex.org/A5054880622,middle,false
W4226399820-A5055666823,https://openalex.org/W4226399820,https://openalex.org/A5055666823,middle,false
W4226399820-A5057174231,https://openalex.org/W4226399820,https://openalex.org/A5057174231,middle,false
W4226399820-A5059005121,https://openalex.org/W4226399820,https://openalex.org/A5059005121,middle,false
W4226399820-A5059281265,https://openalex.org/W4226399820,https://openalex.org/A5059281265,middle,false
W4226399820-A5062044629,https://openalex.org/W4226399820,https://openalex.org/A5062044629,middle,false
W4226399820-A5062285844,https://openalex.org/W4226399820,https://openalex.org/A5062285844,middle,false
W4226399820-A5062880340,https://openalex.org/W4226399820,https://openalex.org/A5062880340,middle,false
W4226399820-A5066835782,https://openalex.org/W4226399820,https://openalex.org/A5066835782,middle,false
W4226399820-A5074322007,https://openalex.org/W4226399820,https://openalex.org/A5074322007,middle,false
W4226399820-A5074350356,https://openalex.org/W4226399820,https://openalex.org/A5074350356,middle,false
W4226399820-A5076248555,https://openalex.org/W4226399820,https://openalex.org/A5076248555,middle,false
W4226399820-A5077034022,https://openalex.org/W4226399820,https://openalex.org/A5077034022,middle,false
W4226399820-A5077628496,https://openalex.org/W4226399820,https://openalex.org/A5077628496,middle,false
W4226399820-A5080778601,https://openalex.org/W4226399820,https://openalex.org/A5080778601,middle,false
W4226399820-A5081157085,https://openalex.org/W4226399820,https://openalex.org/A5081157085,middle,false
W4226399820-A5081567725,https://openalex.org/W4226399820,https://openalex.org/A5081567725,middle,false
W4226399820-A5088551093,https://openalex.org/W4226399820,https://openalex.org/A5088551093,last,false
W4226399820-A5089355912,https://openalex.org/W4226399820,https://openalex.org/A5089355912,middle,false
W4226399820-A5092651390,https://openalex.org/W4226399820,https://openalex.org/A5092651390,middle,false
W4226399820-A5100715425,https://openalex.org/W4226399820,https://openalex.org/A5100715425,middle,false
W4226399820-A5100715724,https://openalex.org/W4226399820,https://openalex.org/A5100715724,middle,false
W4226399820-A5104102021,https://openalex.org/W4226399820,https://openalex.org/A5104102021,middle,false
W4226399820-A5111319243,https://openalex.org/W4226399820,https://openalex.org/A5111319243,middle,false
W4226399820-A5125953256,https://openalex.org/W4226399820,https://openalex.org/A5125953256,middle,false
W4281485151-A5005349853,https://openalex.org/W4281485151,https://openalex.org/A5005349853,middle,false
W4281485151-A5022200342,https://openalex.org/W4281485151,https://openalex.org/A5022200342,middle,false
W4281485151-A5022455158,https://openalex.org/W4281485151,https://openalex.org/A5022455158,first,false
W4281485151-A5035123135,https://openalex.org/W4281485151,https://openalex.org/A5035123135,middle,false
W4281485151-A5045383831,https://openalex.org/W4281485151,https://openalex.org/A5045383831,middle,false
W4281485151-A5046333438,https://openalex.org/W4281485151,https://openalex.org/A5046333438,middle,false
W4281485151-A5055940122,https://openalex.org/W4281485151,https://openalex.org/A5055940122,middle,false
W4281485151-A5063201022,https://openalex.org/W4281485151,https://openalex.org/A5063201022,middle,false
W4281485151-A5079837530,https://openalex.org/W4281485151,https://openalex.org/A5079837530,middle,false
W4281485151-A5082512329,https://openalex.org/W4281485151,https://openalex.org/A5082512329,middle,false
W4281485151-A5103947107,https://openalex.org/W4281485151,https://openalex.org/A5103947107,last,false
W4281557260-A5061613634,https://openalex.org/W4281557260,https://openalex.org/A5061613634,middle,false
W4281557260-A5063925941,https://openalex.org/W4281557260,https://openalex.org/A5063925941,last,false
W4281557260-A5073571802,https://openalex.org/W4281557260,https://openalex.org/A5073571802,middle,false
W4281557260-A5074059447,https://openalex.org/W4281557260,https://openalex.org/A5074059447,middle,false
W4281557260-A5103525627,https://openalex.org/W4281557260,https://openalex.org/A5103525627,first,false
W4281690148-A5000080119,https://openalex.org/W4281690148,https://openalex.org/A5000080119,middle,false
W4281690148-A5002960442,https://openalex.org/W4281690148,https://openalex.org/A5002960442,middle,false
W4281690148-A5003696778,https://openalex.org/W4281690148,https://openalex.org/A5003696778,middle,false
W4281690148-A5004880532,https://openalex.org/W4281690148,https://openalex.org/A5004880532,middle,false
W4281690148-A5005750167,https://openalex.org/W4281690148,https://openalex.org/A5005750167,middle,false
W4281690148-A5006088176,https://openalex.org/W4281690148,https://openalex.org/A5006088176,middle,false
W4281690148-A5008127936,https://openalex.org/W4281690148,https://openalex.org/A5008127936,middle,false
W4281690148-A5017274462,https://openalex.org/W4281690148,https://openalex.org/A5017274462,middle,false
W4281690148-A5017514239,https://openalex.org/W4281690148,https://openalex.org/A5017514239,middle,false
W4281690148-A5018535992,https://openalex.org/W4281690148,https://openalex.org/A5018535992,middle,false
W4281690148-A5019210292,https://openalex.org/W4281690148,https://openalex.org/A5019210292,middle,false
W4281690148-A5019337496,https://openalex.org/W4281690148,https://openalex.org/A5019337496,middle,false
W4281690148-A5020400986,https://openalex.org/W4281690148,https://openalex.org/A5020400986,middle,false
W4281690148-A5022994077,https://openalex.org/W4281690148,https://openalex.org/A5022994077,middle,false
W4281690148-A5023802054,https://openalex.org/W4281690148,https://openalex.org/A5023802054,middle,false
W4281690148-A5024731885,https://openalex.org/W4281690148,https://openalex.org/A5024731885,middle,false
W4281690148-A5026064427,https://openalex.org/W4281690148,https://openalex.org/A5026064427,middle,false
W4281690148-A5026315595,https://openalex.org/W4281690148,https://openalex.org/A5026315595,middle,false
W4281690148-A5027915931,https://openalex.org/W4281690148,https://openalex.org/A5027915931,middle,false
W4281690148-A5028298718,https://openalex.org/W4281690148,https://openalex.org/A5028298718,middle,false
W4281690148-A5028765069,https://openalex.org/W4281690148,https://openalex.org/A5028765069,first,false
W4281690148-A5028830229,https://openalex.org/W4281690148,https://openalex.org/A5028830229,middle,false
W4281690148-A5030015839,https://openalex.org/W4281690148,https://openalex.org/A5030015839,middle,false
W4281690148-A5030304225,https://openalex.org/W4281690148,https://openalex.org/A5030304225,middle,false
W4281690148-A5030305998,https://openalex.org/W4281690148,https://openalex.org/A5030305998,middle,false
W4281690148-A5030442997,https://openalex.org/W4281690148,https://openalex.org/A5030442997,middle,false
W4281690148-A5031362250,https://openalex.org/W4281690148,https://openalex.org/A5031362250,middle,false
W4281690148-A5031891503,https://openalex.org/W4281690148,https://openalex.org/A5031891503,middle,false
W4281690148-A5033845208,https://openalex.org/W4281690148,https://openalex.org/A5033845208,middle,false
W4281690148-A5035369215,https://openalex.org/W4281690148,https://openalex.org/A5035369215,middle,false
W4281690148-A5035786206,https://openalex.org/W4281690148,https://openalex.org/A5035786206,middle,false
W4281690148-A5040457466,https://openalex.org/W4281690148,https://openalex.org/A5040457466,middle,false
W4281690148-A5042601761,https://openalex.org/W4281690148,https://openalex.org/A5042601761,middle,false
W4281690148-A5042805801,https://openalex.org/W4281690148,https://openalex.org/A5042805801,middle,false
W4281690148-A5043628255,https://openalex.org/W4281690148,https://openalex.org/A5043628255,middle,false
W4281690148-A5044945258,https://openalex.org/W4281690148,https://openalex.org/A5044945258,middle,false
W4281690148-A5045077843,https://openalex.org/W4281690148,https://openalex.org/A5045077843,middle,false
W4281690148-A5046006076,https://openalex.org/W4281690148,https://openalex.org/A5046006076,middle,false
W4281690148-A5046222666,https://openalex.org/W4281690148,https://openalex.org/A5046222666,middle,false
W4281690148-A5046548985,https://openalex.org/W4281690148,https://openalex.org/A5046548985,middle,false
W4281690148-A5048928280,https://openalex.org/W4281690148,https://openalex.org/A5048928280,middle,false
W4281690148-A5049483928,https://openalex.org/W4281690148,https://openalex.org/A5049483928,middle,false
W4281690148-A5049971483,https://openalex.org/W4281690148,https://openalex.org/A5049971483,middle,false
W4281690148-A5050804466,https://openalex.org/W4281690148,https://openalex.org/A5050804466,middle,false
W4281690148-A5051064208,https://openalex.org/W4281690148,https://openalex.org/A5051064208,middle,false
W4281690148-A5051401881,https://openalex.org/W4281690148,https://openalex.org/A5051401881,middle,false
W4281690148-A5052091382,https://openalex.org/W4281690148,https://openalex.org/A5052091382,middle,false
W4281690148-A5052291325,https://openalex.org/W4281690148,https://openalex.org/A5052291325,middle,false
W4281690148-A5052645158,https://openalex.org/W4281690148,https://openalex.org/A5052645158,middle,false
W4281690148-A5054896491,https://openalex.org/W4281690148,https://openalex.org/A5054896491,middle,false
W4281690148-A5056974774,https://openalex.org/W4281690148,https://openalex.org/A5056974774,middle,false
W4281690148-A5058917931,https://openalex.org/W4281690148,https://openalex.org/A5058917931,middle,false
W4281690148-A5064402830,https://openalex.org/W4281690148,https://openalex.org/A5064402830,middle,false
W4281690148-A5065046937,https://openalex.org/W4281690148,https://openalex.org/A5065046937,middle,false
W4281690148-A5066465234,https://openalex.org/W4281690148,https://openalex.org/A5066465234,middle,false
W4281690148-A5068059558,https://openalex.org/W4281690148,https://openalex.org/A5068059558,middle,false
W4281690148-A5068508539,https://openalex.org/W4281690148,https://openalex.org/A5068508539,middle,false
W4281690148-A5068850854,https://openalex.org/W4281690148,https://openalex.org/A5068850854,middle,false
W4281690148-A5068956151,https://openalex.org/W4281690148,https://openalex.org/A5068956151,middle,false
W4281690148-A5073402985,https://openalex.org/W4281690148,https://openalex.org/A5073402985,middle,false
W4281690148-A5075261035,https://openalex.org/W4281690148,https://openalex.org/A5075261035,middle,false
W4281690148-A5076240321,https://openalex.org/W4281690148,https://openalex.org/A5076240321,middle,false
W4281690148-A5076310142,https://openalex.org/W4281690148,https://openalex.org/A5076310142,middle,false
W4281690148-A5076818276,https://openalex.org/W4281690148,https://openalex.org/A5076818276,middle,false
W4281690148-A5077726785,https://openalex.org/W4281690148,https://openalex.org/A5077726785,middle,false
W4281690148-A5080552239,https://openalex.org/W4281690148,https://openalex.org/A5080552239,middle,false
W4281690148-A5082569485,https://openalex.org/W4281690148,https://openalex.org/A5082569485,middle,false
W4281690148-A5082654541,https://openalex.org/W4281690148,https://openalex.org/A5082654541,middle,false
W4281690148-A5082952724,https://openalex.org/W4281690148,https://openalex.org/A5082952724,middle,false
W4281690148-A5083735830,https://openalex.org/W4281690148,https://openalex.org/A5083735830,middle,false
W4281690148-A5085146470,https://openalex.org/W4281690148,https://openalex.org/A5085146470,middle,false
W4281690148-A5086984307,https://openalex.org/W4281690148,https://openalex.org/A5086984307,middle,false
W4281690148-A5087003679,https://openalex.org/W4281690148,https://openalex.org/A5087003679,middle,false
W4281690148-A5087636608,https://openalex.org/W4281690148,https://openalex.org/A5087636608,middle,false
W4281690148-A5087687501,https://openalex.org/W4281690148,https://openalex.org/A5087687501,middle,false
W4281690148-A5088906859,https://openalex.org/W4281690148,https://openalex.org/A5088906859,middle,false
W4281690148-A5089452138,https://openalex.org/W4281690148,https://openalex.org/A5089452138,middle,false
W4281690148-A5089914621,https://openalex.org/W4281690148,https://openalex.org/A5089914621,middle,false
W4281690148-A5091250983,https://openalex.org/W4281690148,https://openalex.org/A5091250983,middle,false
W4281690148-A5101597225,https://openalex.org/W4281690148,https://openalex.org/A5101597225,middle,false
W4281690148-A5102493578,https://openalex.org/W4281690148,https://openalex.org/A5102493578,middle,false
W4281690148-A5103099305,https://openalex.org/W4281690148,https://openalex.org/A5103099305,middle,false
W4281690148-A5103112611,https://openalex.org/W4281690148,https://openalex.org/A5103112611,middle,false
W4281690148-A5112705664,https://openalex.org/W4281690148,https://openalex.org/A5112705664,middle,false
W4281690148-A5113895633,https://openalex.org/W4281690148,https://openalex.org/A5113895633,middle,false
W4281690148-A5117097165,https://openalex.org/W4281690148,https://openalex.org/A5117097165,middle,false
W4281690148-A5124228420,https://openalex.org/W4281690148,https://openalex.org/A5124228420,middle,false
W4281763794-A5009679905,https://openalex.org/W4281763794,https://openalex.org/A5009679905,last,false
W4281763794-A5038743835,https://openalex.org/W4281763794,https://openalex.org/A5038743835,first,false
W4281763794-A5068811427,https://openalex.org/W4281763794,https://openalex.org/A5068811427,middle,false
W4281763794-A5107243336,https://openalex.org/W4281763794,https://openalex.org/A5107243336,middle,false
W4283026156-A5000115067,https://openalex.org/W4283026156,https://openalex.org/A5000115067,middle,false
W4283026156-A5003562101,https://openalex.org/W4283026156,https://openalex.org/A5003562101,middle,false
W4283026156-A5004353092,https://openalex.org/W4283026156,https://openalex.org/A5004353092,last,false
W4283026156-A5011889606,https://openalex.org/W4283026156,https://openalex.org/A5011889606,middle,false
W4283026156-A5015518638,https://openalex.org/W4283026156,https://openalex.org/A5015518638,middle,false
W4283026156-A5025255782,https://openalex.org/W4283026156,https://openalex.org/A5025255782,middle,false
W4283026156-A5026064427,https://openalex.org/W4283026156,https://openalex.org/A5026064427,middle,false
W4283026156-A5028125399,https://openalex.org/W4283026156,https://openalex.org/A5028125399,middle,false
W4283026156-A5045077843,https://openalex.org/W4283026156,https://openalex.org/A5045077843,middle,false
W4283026156-A5059460567,https://openalex.org/W4283026156,https://openalex.org/A5059460567,middle,false
W4283026156-A5060347694,https://openalex.org/W4283026156,https://openalex.org/A5060347694,middle,false
W4283026156-A5061512999,https://openalex.org/W4283026156,https://openalex.org/A5061512999,middle,false
W4283026156-A5069576651,https://openalex.org/W4283026156,https://openalex.org/A5069576651,middle,false
W4283026156-A5074322007,https://openalex.org/W4283026156,https://openalex.org/A5074322007,middle,false
W4283026156-A5103069680,https://openalex.org/W4283026156,https://openalex.org/A5103069680,middle,false
W4283170666-A5005117726,https://openalex.org/W4283170666,https://openalex.org/A5005117726,middle,false
W4283170666-A5007213257,https://openalex.org/W4283170666,https://openalex.org/A5007213257,middle,false
W4283170666-A5012939002,https://openalex.org/W4283170666,https://openalex.org/A5012939002,middle,false
W4283170666-A5020758501,https://openalex.org/W4283170666,https://openalex.org/A5020758501,middle,false
W4283170666-A5029611587,https://openalex.org/W4283170666,https://openalex.org/A5029611587,middle,false
W4283170666-A5032814084,https://openalex.org/W4283170666,https://openalex.org/A5032814084,last,false
W4283170666-A5038758207,https://openalex.org/W4283170666,https://openalex.org/A5038758207,middle,false
W4283170666-A5041858762,https://openalex.org/W4283170666,https://openalex.org/A5041858762,middle,false
W4283170666-A5043068612,https://openalex.org/W4283170666,https://openalex.org/A5043068612,middle,false
W4283170666-A5046305893,https://openalex.org/W4283170666,https://openalex.org/A5046305893,middle,false
W4283170666-A5047979305,https://openalex.org/W4283170666,https://openalex.org/A5047979305,middle,false
W4283170666-A5048091074,https://openalex.org/W4283170666,https://openalex.org/A5048091074,middle,false
W4283170666-A5048272174,https://openalex.org/W4283170666,https://openalex.org/A5048272174,middle,false
W4283170666-A5056575786,https://openalex.org/W4283170666,https://openalex.org/A5056575786,first,false
W4283170666-A5059226057,https://openalex.org/W4283170666,https://openalex.org/A5059226057,middle,false
W4283170666-A5059804251,https://openalex.org/W4283170666,https://openalex.org/A5059804251,middle,false
W4283170666-A5065666918,https://openalex.org/W4283170666,https://openalex.org/A5065666918,middle,false
W4283170666-A5067401687,https://openalex.org/W4283170666,https://openalex.org/A5067401687,middle,false
W4283170666-A5076474156,https://openalex.org/W4283170666,https://openalex.org/A5076474156,middle,false
W4283170666-A5080160770,https://openalex.org/W4283170666,https://openalex.org/A5080160770,middle,false
W4283170666-A5085679401,https://openalex.org/W4283170666,https://openalex.org/A5085679401,middle,false
W4283170666-A5103131863,https://openalex.org/W4283170666,https://openalex.org/A5103131863,middle,false
W4283705032-A5032890999,https://openalex.org/W4283705032,https://openalex.org/A5032890999,middle,false
W4283705032-A5041367899,https://openalex.org/W4283705032,https://openalex.org/A5041367899,last,false
W4283705032-A5064114707,https://openalex.org/W4283705032,https://openalex.org/A5064114707,first,false
W4283705032-A5076828114,https://openalex.org/W4283705032,https://openalex.org/A5076828114,middle,false
W4297801719-A5043295774,https://openalex.org/W4297801719,https://openalex.org/A5043295774,middle,false
W4297801719-A5055933325,https://openalex.org/W4297801719,https://openalex.org/A5055933325,middle,false
W4297801719-A5068811427,https://openalex.org/W4297801719,https://openalex.org/A5068811427,last,false
W4297801719-A5100354997,https://openalex.org/W4297801719,https://openalex.org/A5100354997,first,false
W4297801719-A5103097172,https://openalex.org/W4297801719,https://openalex.org/A5103097172,middle,false
W4298289240-A5004271128,https://openalex.org/W4298289240,https://openalex.org/A5004271128,first,false
W4298289240-A5013723114,https://openalex.org/W4298289240,https://openalex.org/A5013723114,middle,false
W4298289240-A5049332971,https://openalex.org/W4298289240,https://openalex.org/A5049332971,middle,false
W4298289240-A5085746798,https://openalex.org/W4298289240,https://openalex.org/A5085746798,middle,false
W4298289240-A5086198262,https://openalex.org/W4298289240,https://openalex.org/A5086198262,last,false
W4298289240-A5101973034,https://openalex.org/W4298289240,https://openalex.org/A5101973034,middle,false
W4298289240-A5112608251,https://openalex.org/W4298289240,https://openalex.org/A5112608251,middle,false
W4304195432-A5025205227,https://openalex.org/W4304195432,https://openalex.org/A5025205227,middle,false
W4304195432-A5025419994,https://openalex.org/W4304195432,https://openalex.org/A5025419994,middle,false
W4304195432-A5080095155,https://openalex.org/W4304195432,https://openalex.org/A5080095155,middle,false
W4304195432-A5100400922,https://openalex.org/W4304195432,https://openalex.org/A5100400922,last,false
W4304195432-A5100721790,https://openalex.org/W4304195432,https://openalex.org/A5100721790,middle,false
W4304195432-A5113226487,https://openalex.org/W4304195432,https://openalex.org/A5113226487,middle,false
W4307079201-A5001884064,https://openalex.org/W4307079201,https://openalex.org/A5001884064,middle,false
W4307079201-A5004353092,https://openalex.org/W4307079201,https://openalex.org/A5004353092,middle,false
W4307079201-A5009980324,https://openalex.org/W4307079201,https://openalex.org/A5009980324,middle,false
W4307079201-A5011889606,https://openalex.org/W4307079201,https://openalex.org/A5011889606,middle,false
W4307079201-A5016423432,https://openalex.org/W4307079201,https://openalex.org/A5016423432,middle,false
W4307079201-A5024842018,https://openalex.org/W4307079201,https://openalex.org/A5024842018,middle,false
W4307079201-A5026064427,https://openalex.org/W4307079201,https://openalex.org/A5026064427,middle,false
W4307079201-A5028125399,https://openalex.org/W4307079201,https://openalex.org/A5028125399,middle,false
W4307079201-A5033116661,https://openalex.org/W4307079201,https://openalex.org/A5033116661,middle,false
W4307079201-A5047714914,https://openalex.org/W4307079201,https://openalex.org/A5047714914,middle,false
W4307079201-A5051828575,https://openalex.org/W4307079201,https://openalex.org/A5051828575,first,false
W4307079201-A5052454696,https://openalex.org/W4307079201,https://openalex.org/A5052454696,middle,false
W4307079201-A5055969617,https://openalex.org/W4307079201,https://openalex.org/A5055969617,middle,false
W4307079201-A5056219662,https://openalex.org/W4307079201,https://openalex.org/A5056219662,middle,false
W4307079201-A5057457287,https://openalex.org/W4307079201,https://openalex.org/A5057457287,middle,false
W4307079201-A5061512999,https://openalex.org/W4307079201,https://openalex.org/A5061512999,middle,false
W4307079201-A5061613634,https://openalex.org/W4307079201,https://openalex.org/A5061613634,middle,false
W4307079201-A5062633736,https://openalex.org/W4307079201,https://openalex.org/A5062633736,middle,false
W4307079201-A5062886906,https://openalex.org/W4307079201,https://openalex.org/A5062886906,middle,false
W4307079201-A5079540764,https://openalex.org/W4307079201,https://openalex.org/A5079540764,middle,false
W4307079201-A5085443636,https://openalex.org/W4307079201,https://openalex.org/A5085443636,middle,false
W4307079201-A5088551093,https://openalex.org/W4307079201,https://openalex.org/A5088551093,middle,false
W4307079201-A5100537890,https://openalex.org/W4307079201,https://openalex.org/A5100537890,middle,false
W4307079201-A5101315776,https://openalex.org/W4307079201,https://openalex.org/A5101315776,middle,false
W4307079201-A5101597225,https://openalex.org/W4307079201,https://openalex.org/A5101597225,middle,false
W4307079201-A5101977008,https://openalex.org/W4307079201,https://openalex.org/A5101977008,middle,false
W4307079201-A5102906366,https://openalex.org/W4307079201,https://openalex.org/A5102906366,middle,false
W4307079201-A5103069680,https://openalex.org/W4307079201,https://openalex.org/A5103069680,middle,false
W4307079201-A5104102021,https://openalex.org/W4307079201,https://openalex.org/A5104102021,middle,false
W4307888124-A5033299848,https://openalex.org/W4307888124,https://openalex.org/A5033299848,first,true
W4307888124-A5064812943,https://openalex.org/W4307888124,https://openalex.org/A5064812943,last,false
W4309674289-A5010121592,https://openalex.org/W4309674289,https://openalex.org/A5010121592,middle,false
W4309674289-A5010444468,https://openalex.org/W4309674289,https://openalex.org/A5010444468,first,false
W4309674289-A5038748527,https://openalex.org/W4309674289,https://openalex.org/A5038748527,middle,false
W4309674289-A5040690315,https://openalex.org/W4309674289,https://openalex.org/A5040690315,middle,false
W4309674289-A5061096363,https://openalex.org/W4309674289,https://openalex.org/A5061096363,middle,false
W4309674289-A5065856469,https://openalex.org/W4309674289,https://openalex.org/A5065856469,last,false
W4309674289-A5081246075,https://openalex.org/W4309674289,https://openalex.org/A5081246075,middle,false
W4309674289-A5100445668,https://openalex.org/W4309674289,https://openalex.org/A5100445668,middle,false
W4309674289-A5101839369,https://openalex.org/W4309674289,https://openalex.org/A5101839369,middle,false
W4311642023-A5000043237,https://openalex.org/W4311642023,https://openalex.org/A5000043237,middle,false
W4311642023-A5000126238,https://openalex.org/W4311642023,https://openalex.org/A5000126238,middle,false
W4311642023-A5000991839,https://openalex.org/W4311642023,https://openalex.org/A5000991839,middle,false
W4311642023-A5001689321,https://openalex.org/W4311642023,https://openalex.org/A5001689321,middle,false
W4311642023-A5002088849,https://openalex.org/W4311642023,https://openalex.org/A5002088849,middle,false
W4311642023-A5002251783,https://openalex.org/W4311642023,https://openalex.org/A5002251783,middle,false
W4311642023-A5002349953,https://openalex.org/W4311642023,https://openalex.org/A5002349953,middle,false
W4311642023-A5003936190,https://openalex.org/W4311642023,https://openalex.org/A5003936190,middle,false
W4311642023-A5004394456,https://openalex.org/W4311642023,https://openalex.org/A5004394456,middle,false
W4311642023-A5006675504,https://openalex.org/W4311642023,https://openalex.org/A5006675504,middle,false
W4311642023-A5007266986,https://openalex.org/W4311642023,https://openalex.org/A5007266986,middle,false
W4311642023-A5007631351,https://openalex.org/W4311642023,https://openalex.org/A5007631351,middle,false
W4311642023-A5007916691,https://openalex.org/W4311642023,https://openalex.org/A5007916691,middle,false
W4311642023-A5008013895,https://openalex.org/W4311642023,https://openalex.org/A5008013895,middle,false
W4311642023-A5008355834,https://openalex.org/W4311642023,https://openalex.org/A5008355834,middle,false
W4311642023-A5008892246,https://openalex.org/W4311642023,https://openalex.org/A5008892246,middle,false
W4311642023-A5011369765,https://openalex.org/W4311642023,https://openalex.org/A5011369765,middle,false
W4311642023-A5012181086,https://openalex.org/W4311642023,https://openalex.org/A5012181086,middle,false
W4311642023-A5014898885,https://openalex.org/W4311642023,https://openalex.org/A5014898885,middle,false
W4311642023-A5015685241,https://openalex.org/W4311642023,https://openalex.org/A5015685241,middle,false
W4311642023-A5019973471,https://openalex.org/W4311642023,https://openalex.org/A5019973471,middle,false
W4311642023-A5022644245,https://openalex.org/W4311642023,https://openalex.org/A5022644245,middle,false
W4311642023-A5028992249,https://openalex.org/W4311642023,https://openalex.org/A5028992249,middle,false
W4311642023-A5029160764,https://openalex.org/W4311642023,https://openalex.org/A5029160764,middle,false
W4311642023-A5030615769,https://openalex.org/W4311642023,https://openalex.org/A5030615769,middle,false
W4311642023-A5031395280,https://openalex.org/W4311642023,https://openalex.org/A5031395280,middle,false
W4311642023-A5034891790,https://openalex.org/W4311642023,https://openalex.org/A5034891790,middle,false
W4311642023-A5035649010,https://openalex.org/W4311642023,https://openalex.org/A5035649010,middle,false
W4311642023-A5037720080,https://openalex.org/W4311642023,https://openalex.org/A5037720080,middle,false
W4311642023-A5038148264,https://openalex.org/W4311642023,https://openalex.org/A5038148264,middle,false
W4311642023-A5039256697,https://openalex.org/W4311642023,https://openalex.org/A5039256697,middle,false
W4311642023-A5040371566,https://openalex.org/W4311642023,https://openalex.org/A5040371566,middle,false
W4311642023-A5040949579,https://openalex.org/W4311642023,https://openalex.org/A5040949579,middle,false
W4311642023-A5041680406,https://openalex.org/W4311642023,https://openalex.org/A5041680406,middle,false
W4311642023-A5043359753,https://openalex.org/W4311642023,https://openalex.org/A5043359753,middle,false
W4311642023-A5044824055,https://openalex.org/W4311642023,https://openalex.org/A5044824055,middle,false
W4311642023-A5045077843,https://openalex.org/W4311642023,https://openalex.org/A5045077843,middle,false
W4311642023-A5046024857,https://openalex.org/W4311642023,https://openalex.org/A5046024857,middle,false
W4311642023-A5046235098,https://openalex.org/W4311642023,https://openalex.org/A5046235098,middle,false
W4311642023-A5046431394,https://openalex.org/W4311642023,https://openalex.org/A5046431394,middle,false
W4311642023-A5049073875,https://openalex.org/W4311642023,https://openalex.org/A5049073875,middle,false
W4311642023-A5049805631,https://openalex.org/W4311642023,https://openalex.org/A5049805631,middle,false
W4311642023-A5053230169,https://openalex.org/W4311642023,https://openalex.org/A5053230169,middle,false
W4311642023-A5054346112,https://openalex.org/W4311642023,https://openalex.org/A5054346112,middle,false
W4311642023-A5054948010,https://openalex.org/W4311642023,https://openalex.org/A5054948010,middle,false
W4311642023-A5056036228,https://openalex.org/W4311642023,https://openalex.org/A5056036228,middle,false
W4311642023-A5056219662,https://openalex.org/W4311642023,https://openalex.org/A5056219662,middle,false
W4311642023-A5056371786,https://openalex.org/W4311642023,https://openalex.org/A5056371786,middle,false
W4311642023-A5061141515,https://openalex.org/W4311642023,https://openalex.org/A5061141515,middle,false
W4311642023-A5062546146,https://openalex.org/W4311642023,https://openalex.org/A5062546146,middle,false
W4311642023-A5063040968,https://openalex.org/W4311642023,https://openalex.org/A5063040968,middle,false
W4311642023-A5063094642,https://openalex.org/W4311642023,https://openalex.org/A5063094642,middle,false
W4311642023-A5064018105,https://openalex.org/W4311642023,https://openalex.org/A5064018105,middle,false
W4311642023-A5065489269,https://openalex.org/W4311642023,https://openalex.org/A5065489269,middle,false
W4311642023-A5066588555,https://openalex.org/W4311642023,https://openalex.org/A5066588555,middle,false
W4311642023-A5070647299,https://openalex.org/W4311642023,https://openalex.org/A5070647299,middle,false
W4311642023-A5071610222,https://openalex.org/W4311642023,https://openalex.org/A5071610222,middle,false
W4311642023-A5072470031,https://openalex.org/W4311642023,https://openalex.org/A5072470031,middle,false
W4311642023-A5072906919,https://openalex.org/W4311642023,https://openalex.org/A5072906919,middle,false
W4311642023-A5073811679,https://openalex.org/W4311642023,https://openalex.org/A5073811679,middle,false
W4311642023-A5074210381,https://openalex.org/W4311642023,https://openalex.org/A5074210381,middle,false
W4311642023-A5074485795,https://openalex.org/W4311642023,https://openalex.org/A5074485795,middle,false
W4311642023-A5075136074,https://openalex.org/W4311642023,https://openalex.org/A5075136074,middle,false
W4311642023-A5076733732,https://openalex.org/W4311642023,https://openalex.org/A5076733732,middle,false
W4311642023-A5076879151,https://openalex.org/W4311642023,https://openalex.org/A5076879151,middle,false
W4311642023-A5077190748,https://openalex.org/W4311642023,https://openalex.org/A5077190748,middle,false
W4311642023-A5077663332,https://openalex.org/W4311642023,https://openalex.org/A5077663332,middle,false
W4311642023-A5078178614,https://openalex.org/W4311642023,https://openalex.org/A5078178614,middle,false
W4311642023-A5078967629,https://openalex.org/W4311642023,https://openalex.org/A5078967629,middle,false
W4311642023-A5079005032,https://openalex.org/W4311642023,https://openalex.org/A5079005032,middle,false
W4311642023-A5079539370,https://openalex.org/W4311642023,https://openalex.org/A5079539370,middle,false
W4311642023-A5081787254,https://openalex.org/W4311642023,https://openalex.org/A5081787254,middle,false
W4311642023-A5081987422,https://openalex.org/W4311642023,https://openalex.org/A5081987422,middle,false
W4311642023-A5087530146,https://openalex.org/W4311642023,https://openalex.org/A5087530146,middle,false
W4311642023-A5087801436,https://openalex.org/W4311642023,https://openalex.org/A5087801436,middle,false
W4311642023-A5088658365,https://openalex.org/W4311642023,https://openalex.org/A5088658365,middle,false
W4311642023-A5090038537,https://openalex.org/W4311642023,https://openalex.org/A5090038537,middle,false
W4311642023-A5100746903,https://openalex.org/W4311642023,https://openalex.org/A5100746903,middle,false
W4311642023-A5102941860,https://openalex.org/W4311642023,https://openalex.org/A5102941860,middle,false
W4311642023-A5103099741,https://openalex.org/W4311642023,https://openalex.org/A5103099741,middle,false
W4311642023-A5109481132,https://openalex.org/W4311642023,https://openalex.org/A5109481132,middle,false
W4311642023-A5112924039,https://openalex.org/W4311642023,https://openalex.org/A5112924039,middle,false
W4312220150-A5001562064,https://openalex.org/W4312220150,https://openalex.org/A5001562064,middle,false
W4312220150-A5004483523,https://openalex.org/W4312220150,https://openalex.org/A5004483523,middle,false
W4312220150-A5009065821,https://openalex.org/W4312220150,https://openalex.org/A5009065821,middle,false
W4312220150-A5010253402,https://openalex.org/W4312220150,https://openalex.org/A5010253402,last,true
W4312220150-A5017766297,https://openalex.org/W4312220150,https://openalex.org/A5017766297,middle,false
W4312220150-A5026803588,https://openalex.org/W4312220150,https://openalex.org/A5026803588,middle,false
W4312220150-A5030951014,https://openalex.org/W4312220150,https://openalex.org/A5030951014,middle,false
W4312220150-A5031887767,https://openalex.org/W4312220150,https://openalex.org/A5031887767,middle,false
W4312220150-A5039309602,https://openalex.org/W4312220150,https://openalex.org/A5039309602,middle,false
W4312220150-A5045150730,https://openalex.org/W4312220150,https://openalex.org/A5045150730,middle,false
W4312220150-A5054618681,https://openalex.org/W4312220150,https://openalex.org/A5054618681,middle,false
W4312220150-A5068151024,https://openalex.org/W4312220150,https://openalex.org/A5068151024,middle,false
W4312220150-A5076610873,https://openalex.org/W4312220150,https://openalex.org/A5076610873,middle,false
W4312220150-A5087959258,https://openalex.org/W4312220150,https://openalex.org/A5087959258,middle,false
W4312220150-A5089553213,https://openalex.org/W4312220150,https://openalex.org/A5089553213,middle,false
W4312220150-A5100643464,https://openalex.org/W4312220150,https://openalex.org/A5100643464,middle,false
W4312220150-A5103133745,https://openalex.org/W4312220150,https://openalex.org/A5103133745,first,false
W4312220150-A5104053092,https://openalex.org/W4312220150,https://openalex.org/A5104053092,middle,false
W4312220150-A5112748839,https://openalex.org/W4312220150,https://openalex.org/A5112748839,middle,false
W4313485929-A5001662671,https://openalex.org/W4313485929,https://openalex.org/A5001662671,middle,false
W4313485929-A5021326990,https://openalex.org/W4313485929,https://openalex.org/A5021326990,middle,false
W4313485929-A5026328731,https://openalex.org/W4313485929,https://openalex.org/A5026328731,first,true
W4313485929-A5058823844,https://openalex.org/W4313485929,https://openalex.org/A5058823844,middle,false
W4313485929-A5064335115,https://openalex.org/W4313485929,https://openalex.org/A5064335115,last,true
W4313485929-A5064636177,https://openalex.org/W4313485929,https://openalex.org/A5064636177,middle,false
W4318014888-A5010285399,https://openalex.org/W4318014888,https://openalex.org/A5010285399,last,false
W4318014888-A5061791230,https://openalex.org/W4318014888,https://openalex.org/A5061791230,first,true
W4318464200-A5004398345,https://openalex.org/W4318464200,https://openalex.org/A5004398345,middle,false
W4318464200-A5005995116,https://openalex.org/W4318464200,https://openalex.org/A5005995116,middle,false
W4318464200-A5008809634,https://openalex.org/W4318464200,https://openalex.org/A5008809634,first,false
W4318464200-A5013346660,https://openalex.org/W4318464200,https://openalex.org/A5013346660,middle,false
W4318464200-A5016857737,https://openalex.org/W4318464200,https://openalex.org/A5016857737,middle,false
W4318464200-A5023504178,https://openalex.org/W4318464200,https://openalex.org/A5023504178,middle,false
W4318464200-A5024434748,https://openalex.org/W4318464200,https://openalex.org/A5024434748,last,false
W4318464200-A5029469707,https://openalex.org/W4318464200,https://openalex.org/A5029469707,middle,false
W4318464200-A5030571651,https://openalex.org/W4318464200,https://openalex.org/A5030571651,middle,false
W4318464200-A5043273387,https://openalex.org/W4318464200,https://openalex.org/A5043273387,middle,false
W4318464200-A5044900523,https://openalex.org/W4318464200,https://openalex.org/A5044900523,middle,false
W4318464200-A5045427635,https://openalex.org/W4318464200,https://openalex.org/A5045427635,middle,false
W4318464200-A5050063899,https://openalex.org/W4318464200,https://openalex.org/A5050063899,middle,false
W4318464200-A5052257833,https://openalex.org/W4318464200,https://openalex.org/A5052257833,middle,false
W4318464200-A5052258450,https://openalex.org/W4318464200,https://openalex.org/A5052258450,middle,false
W4318464200-A5057374299,https://openalex.org/W4318464200,https://openalex.org/A5057374299,middle,false
W4318464200-A5059439673,https://openalex.org/W4318464200,https://openalex.org/A5059439673,middle,false
W4318464200-A5062196262,https://openalex.org/W4318464200,https://openalex.org/A5062196262,middle,false
W4318464200-A5063270174,https://openalex.org/W4318464200,https://openalex.org/A5063270174,middle,false
W4318464200-A5064948864,https://openalex.org/W4318464200,https://openalex.org/A5064948864,middle,false
W4318464200-A5074504351,https://openalex.org/W4318464200,https://openalex.org/A5074504351,middle,false
W4318464200-A5090477420,https://openalex.org/W4318464200,https://openalex.org/A5090477420,middle,false
W4318464200-A5090767423,https://openalex.org/W4318464200,https://openalex.org/A5090767423,middle,false
W4318718936-A5042646536,https://openalex.org/W4318718936,https://openalex.org/A5042646536,middle,false
W4318718936-A5074834854,https://openalex.org/W4318718936,https://openalex.org/A5074834854,last,false
W4318718936-A5100386792,https://openalex.org/W4318718936,https://openalex.org/A5100386792,middle,false
W4318718936-A5100608759,https://openalex.org/W4318718936,https://openalex.org/A5100608759,first,false
W4319831789-A5019737566,https://openalex.org/W4319831789,https://openalex.org/A5019737566,first,false
W4319831789-A5047249173,https://openalex.org/W4319831789,https://openalex.org/A5047249173,middle,false
W4319831789-A5062193230,https://openalex.org/W4319831789,https://openalex.org/A5062193230,last,true
W4320495408-A5017599308,https://openalex.org/W4320495408,https://openalex.org/A5017599308,first,false
W4320495408-A5067164243,https://openalex.org/W4320495408,https://openalex.org/A5067164243,last,false
W4321649710-A5002878202,https://openalex.org/W4321649710,https://openalex.org/A5002878202,middle,false
W4321649710-A5023026501,https://openalex.org/W4321649710,https://openalex.org/A5023026501,first,false
W4321649710-A5036342710,https://openalex.org/W4321649710,https://openalex.org/A5036342710,middle,false
W4321649710-A5042041372,https://openalex.org/W4321649710,https://openalex.org/A5042041372,middle,false
W4321649710-A5042751684,https://openalex.org/W4321649710,https://openalex.org/A5042751684,middle,false
W4321649710-A5059241576,https://openalex.org/W4321649710,https://openalex.org/A5059241576,middle,false
W4321649710-A5077880708,https://openalex.org/W4321649710,https://openalex.org/A5077880708,middle,false
W4321649710-A5082548649,https://openalex.org/W4321649710,https://openalex.org/A5082548649,last,false
W4322718191-A5007815326,https://openalex.org/W4322718191,https://openalex.org/A5007815326,middle,false
W4322718191-A5032644449,https://openalex.org/W4322718191,https://openalex.org/A5032644449,first,false
W4322718191-A5033356379,https://openalex.org/W4322718191,https://openalex.org/A5033356379,middle,false
W4322718191-A5048065823,https://openalex.org/W4322718191,https://openalex.org/A5048065823,middle,false
W4322718191-A5048121353,https://openalex.org/W4322718191,https://openalex.org/A5048121353,middle,false
W4322718191-A5050998809,https://openalex.org/W4322718191,https://openalex.org/A5050998809,middle,false
W4322718191-A5054371148,https://openalex.org/W4322718191,https://openalex.org/A5054371148,last,false
W4322718191-A5069316249,https://openalex.org/W4322718191,https://openalex.org/A5069316249,middle,false
W4322718191-A5075834790,https://openalex.org/W4322718191,https://openalex.org/A5075834790,middle,false
W4322718191-A5084553837,https://openalex.org/W4322718191,https://openalex.org/A5084553837,middle,false
W4322718191-A5090457109,https://openalex.org/W4322718191,https://openalex.org/A5090457109,middle,false
W4322718191-A5104286740,https://openalex.org/W4322718191,https://openalex.org/A5104286740,middle,false
W4322718191-A5107859338,https://openalex.org/W4322718191,https://openalex.org/A5107859338,middle,false
W4322766882-A5003324011,https://openalex.org/W4322766882,https://openalex.org/A5003324011,middle,false
W4322766882-A5010557815,https://openalex.org/W4322766882,https://openalex.org/A5010557815,middle,false
W4322766882-A5017575883,https://openalex.org/W4322766882,https://openalex.org/A5017575883,middle,false
W4322766882-A5022672030,https://openalex.org/W4322766882,https://openalex.org/A5022672030,middle,false
W4322766882-A5025388406,https://openalex.org/W4322766882,https://openalex.org/A5025388406,middle,false
W4322766882-A5035433961,https://openalex.org/W4322766882,https://openalex.org/A5035433961,middle,false
W4322766882-A5042856545,https://openalex.org/W4322766882,https://openalex.org/A5042856545,middle,false
W4322766882-A5044330945,https://openalex.org/W4322766882,https://openalex.org/A5044330945,middle,false
W4322766882-A5044791875,https://openalex.org/W4322766882,https://openalex.org/A5044791875,middle,false
W4322766882-A5046448314,https://openalex.org/W4322766882,https://openalex.org/A5046448314,last,false
W4322766882-A5049088062,https://openalex.org/W4322766882,https://openalex.org/A5049088062,middle,false
W4322766882-A5059211235,https://openalex.org/W4322766882,https://openalex.org/A5059211235,middle,false
W4322766882-A5100320723,https://openalex.org/W4322766882,https://openalex.org/A5100320723,middle,false
W4322766882-A5100355692,https://openalex.org/W4322766882,https://openalex.org/A5100355692,middle,false
W4322766882-A5100398894,https://openalex.org/W4322766882,https://openalex.org/A5100398894,middle,false
W4322766882-A5100641283,https://openalex.org/W4322766882,https://openalex.org/A5100641283,middle,false
W4322766882-A5100660086,https://openalex.org/W4322766882,https://openalex.org/A5100660086,first,false
W4322766882-A5100775958,https://openalex.org/W4322766882,https://openalex.org/A5100775958,middle,false
W4322766882-A5101474800,https://openalex.org/W4322766882,https://openalex.org/A5101474800,middle,false
W4322766882-A5102894085,https://openalex.org/W4322766882,https://openalex.org/A5102894085,middle,false
W4362466759-A5027985796,https://openalex.org/W4362466759,https://openalex.org/A5027985796,first,false
W4362466759-A5081011219,https://openalex.org/W4362466759,https://openalex.org/A5081011219,last,true
W4362515116-A5001058167,https://openalex.org/W4362515116,https://openalex.org/A5001058167,middle,false
W4362515116-A5008293262,https://openalex.org/W4362515116,https://openalex.org/A5008293262,middle,false
W4362515116-A5018977183,https://openalex.org/W4362515116,https://openalex.org/A5018977183,middle,false
W4362515116-A5025631695,https://openalex.org/W4362515116,https://openalex.org/A5025631695,last,true
W4362515116-A5030566556,https://openalex.org/W4362515116,https://openalex.org/A5030566556,middle,false
W4362515116-A5037145565,https://openalex.org/W4362515116,https://openalex.org/A5037145565,first,false
W4362515116-A5052347581,https://openalex.org/W4362515116,https://openalex.org/A5052347581,middle,false
W4362515116-A5059541770,https://openalex.org/W4362515116,https://openalex.org/A5059541770,middle,false
W4362515116-A5069058824,https://openalex.org/W4362515116,https://openalex.org/A5069058824,middle,false
W4362515116-A5074848230,https://openalex.org/W4362515116,https://openalex.org/A5074848230,middle,false
W4362515116-A5100325084,https://openalex.org/W4362515116,https://openalex.org/A5100325084,middle,false
W4362515116-A5100343044,https://openalex.org/W4362515116,https://openalex.org/A5100343044,middle,false
W4362515116-A5100363220,https://openalex.org/W4362515116,https://openalex.org/A5100363220,middle,false
W4362515116-A5100367735,https://openalex.org/W4362515116,https://openalex.org/A5100367735,middle,false
W4362515116-A5100427047,https://openalex.org/W4362515116,https://openalex.org/A5100427047,middle,false
W4362515116-A5100716216,https://openalex.org/W4362515116,https://openalex.org/A5100716216,middle,false
W4362515116-A5101849100,https://openalex.org/W4362515116,https://openalex.org/A5101849100,middle,false
W4362515116-A5102019389,https://openalex.org/W4362515116,https://openalex.org/A5102019389,middle,false
W4362581834-A5019599571,https://openalex.org/W4362581834,https://openalex.org/A5019599571,middle,false
W4362581834-A5038119518,https://openalex.org/W4362581834,https://openalex.org/A5038119518,last,false
W4362581834-A5044705068,https://openalex.org/W4362581834,https://openalex.org/A5044705068,first,true
W4365143687-A5001094226,https://openalex.org/W4365143687,https://openalex.org/A5001094226,last,true
W4365143687-A5036846358,https://openalex.org/W4365143687,https://openalex.org/A5036846358,middle,false
W4365143687-A5057010395,https://openalex.org/W4365143687,https://openalex.org/A5057010395,middle,false
W4365143687-A5084515381,https://openalex.org/W4365143687,https://openalex.org/A5084515381,middle,true
W4365143687-A5088028306,https://openalex.org/W4365143687,https://openalex.org/A5088028306,middle,false
W4365143687-A5091272738,https://openalex.org/W4365143687,https://openalex.org/A5091272738,middle,false
W4366208220-A5000623592,https://openalex.org/W4366208220,https://openalex.org/A5000623592,middle,false
W4366208220-A5006611401,https://openalex.org/W4366208220,https://openalex.org/A5006611401,middle,false
W4366208220-A5015609539,https://openalex.org/W4366208220,https://openalex.org/A5015609539,middle,false
W4366208220-A5015776030,https://openalex.org/W4366208220,https://openalex.org/A5015776030,middle,false
W4366208220-A5017248470,https://openalex.org/W4366208220,https://openalex.org/A5017248470,middle,false
W4366208220-A5022540761,https://openalex.org/W4366208220,https://openalex.org/A5022540761,middle,false
W4366208220-A5029566548,https://openalex.org/W4366208220,https://openalex.org/A5029566548,middle,false
W4366208220-A5032569443,https://openalex.org/W4366208220,https://openalex.org/A5032569443,middle,false
W4366208220-A5033265682,https://openalex.org/W4366208220,https://openalex.org/A5033265682,first,false
W4366208220-A5035420035,https://openalex.org/W4366208220,https://openalex.org/A5035420035,last,false
W4366208220-A5041907084,https://openalex.org/W4366208220,https://openalex.org/A5041907084,middle,false
W4366208220-A5057065873,https://openalex.org/W4366208220,https://openalex.org/A5057065873,middle,false
W4366208220-A5060502801,https://openalex.org/W4366208220,https://openalex.org/A5060502801,middle,false
W4366208220-A5062817741,https://openalex.org/W4366208220,https://openalex.org/A5062817741,middle,false
W4366208220-A5063149046,https://openalex.org/W4366208220,https://openalex.org/A5063149046,middle,false
W4366208220-A5063864170,https://openalex.org/W4366208220,https://openalex.org/A5063864170,middle,false
W4366208220-A5067188801,https://openalex.org/W4366208220,https://openalex.org/A5067188801,middle,false
W4366208220-A5072207220,https://openalex.org/W4366208220,https://openalex.org/A5072207220,middle,false
W4366208220-A5076163068,https://openalex.org/W4366208220,https://openalex.org/A5076163068,middle,false
W4366208220-A5083505661,https://openalex.org/W4366208220,https://openalex.org/A5083505661,middle,false
W4366208220-A5088495817,https://openalex.org/W4366208220,https://openalex.org/A5088495817,middle,false
W4366208220-A5089819604,https://openalex.org/W4366208220,https://openalex.org/A5089819604,middle,false
W4366208220-A5101882561,https://openalex.org/W4366208220,https://openalex.org/A5101882561,middle,false
W4366208220-A5102320649,https://openalex.org/W4366208220,https://openalex.org/A5102320649,middle,false
W4366208220-A5107859338,https://openalex.org/W4366208220,https://openalex.org/A5107859338,middle,false
W4366208220-A5111802678,https://openalex.org/W4366208220,https://openalex.org/A5111802678,middle,false
W4366330503-A5100366476,https://openalex.org/W4366330503,https://openalex.org/A5100366476,last,false
W4366330503-A5100448802,https://openalex.org/W4366330503,https://openalex.org/A5100448802,first,false
W4366330503-A5101918380,https://openalex.org/W4366330503,https://openalex.org/A5101918380,middle,false
W4366330503-A5107893340,https://openalex.org/W4366330503,https://openalex.org/A5107893340,middle,false
W4366850747-A5020511969,https://openalex.org/W4366850747,https://openalex.org/A5020511969,middle,false
W4366850747-A5082616743,https://openalex.org/W4366850747,https://openalex.org/A5082616743,first,false
W4366850747-A5085089542,https://openalex.org/W4366850747,https://openalex.org/A5085089542,last,false
W4366850747-A5100331094,https://openalex.org/W4366850747,https://openalex.org/A5100331094,middle,false
W4366850747-A5100450148,https://openalex.org/W4366850747,https://openalex.org/A5100450148,middle,false
W4367055910-A5022225777,https://openalex.org/W4367055910,https://openalex.org/A5022225777,first,true
W4367055910-A5038969629,https://openalex.org/W4367055910,https://openalex.org/A5038969629,middle,false
W4367055910-A5060928641,https://openalex.org/W4367055910,https://openalex.org/A5060928641,middle,false
W4367055910-A5064829377,https://openalex.org/W4367055910,https://openalex.org/A5064829377,last,false
W4367055910-A5081511803,https://openalex.org/W4367055910,https://openalex.org/A5081511803,middle,false
W4367055910-A5101931548,https://openalex.org/W4367055910,https://openalex.org/A5101931548,middle,false
W4367595583-A5023777406,https://openalex.org/W4367595583,https://openalex.org/A5023777406,middle,false
W4367595583-A5028570509,https://openalex.org/W4367595583,https://openalex.org/A5028570509,last,false
W4367595583-A5043842349,https://openalex.org/W4367595583,https://openalex.org/A5043842349,middle,false
W4367595583-A5058271339,https://openalex.org/W4367595583,https://openalex.org/A5058271339,first,false
W4367595583-A5083874423,https://openalex.org/W4367595583,https://openalex.org/A5083874423,middle,false
W4367595583-A5100389900,https://openalex.org/W4367595583,https://openalex.org/A5100389900,middle,false
W4367595583-A5100746224,https://openalex.org/W4367595583,https://openalex.org/A5100746224,middle,false
W4367678106-A5004387910,https://openalex.org/W4367678106,https://openalex.org/A5004387910,last,true
W4367678106-A5061948392,https://openalex.org/W4367678106,https://openalex.org/A5061948392,first,false
W4376226279-A5028643592,https://openalex.org/W4376226279,https://openalex.org/A5028643592,middle,false
W4376226279-A5040302008,https://openalex.org/W4376226279,https://openalex.org/A5040302008,last,false
W4376226279-A5101929475,https://openalex.org/W4376226279,https://openalex.org/A5101929475,first,false
W4377130677-A5025205227,https://openalex.org/W4377130677,https://openalex.org/A5025205227,last,false
W4377130677-A5025419994,https://openalex.org/W4377130677,https://openalex.org/A5025419994,middle,false
W4377130677-A5034251656,https://openalex.org/W4377130677,https://openalex.org/A5034251656,first,false
W4377130677-A5077079119,https://openalex.org/W4377130677,https://openalex.org/A5077079119,middle,false
W4377130677-A5080095155,https://openalex.org/W4377130677,https://openalex.org/A5080095155,middle,false
W4377130677-A5100400922,https://openalex.org/W4377130677,https://openalex.org/A5100400922,middle,false
W4377130677-A5113226487,https://openalex.org/W4377130677,https://openalex.org/A5113226487,middle,false
W4378189609-A5025255782,https://openalex.org/W4378189609,https://openalex.org/A5025255782,middle,false
W4378189609-A5069576651,https://openalex.org/W4378189609,https://openalex.org/A5069576651,first,true
W4378189609-A5070994105,https://openalex.org/W4378189609,https://openalex.org/A5070994105,last,false
W4379598302-A5077815035,https://openalex.org/W4379598302,https://openalex.org/A5077815035,first,true
W4379769651-A5012090900,https://openalex.org/W4379769651,https://openalex.org/A5012090900,middle,false
W4379769651-A5013238957,https://openalex.org/W4379769651,https://openalex.org/A5013238957,middle,false
W4379769651-A5015581915,https://openalex.org/W4379769651,https://openalex.org/A5015581915,middle,false
W4379769651-A5016963158,https://openalex.org/W4379769651,https://openalex.org/A5016963158,middle,false
W4379769651-A5020032572,https://openalex.org/W4379769651,https://openalex.org/A5020032572,middle,false
W4379769651-A5021403340,https://openalex.org/W4379769651,https://openalex.org/A5021403340,middle,false
W4379769651-A5022256468,https://openalex.org/W4379769651,https://openalex.org/A5022256468,middle,false
W4379769651-A5025965777,https://openalex.org/W4379769651,https://openalex.org/A5025965777,middle,false
W4379769651-A5031887767,https://openalex.org/W4379769651,https://openalex.org/A5031887767,middle,false
W4379769651-A5037235279,https://openalex.org/W4379769651,https://openalex.org/A5037235279,middle,false
W4379769651-A5048190601,https://openalex.org/W4379769651,https://openalex.org/A5048190601,middle,false
W4379769651-A5048263485,https://openalex.org/W4379769651,https://openalex.org/A5048263485,middle,false
W4379769651-A5048580400,https://openalex.org/W4379769651,https://openalex.org/A5048580400,middle,false
W4379769651-A5052178834,https://openalex.org/W4379769651,https://openalex.org/A5052178834,middle,false
W4379769651-A5056646847,https://openalex.org/W4379769651,https://openalex.org/A5056646847,middle,false
W4379769651-A5060570681,https://openalex.org/W4379769651,https://openalex.org/A5060570681,last,true
W4379769651-A5062226271,https://openalex.org/W4379769651,https://openalex.org/A5062226271,middle,false
W4379769651-A5068151024,https://openalex.org/W4379769651,https://openalex.org/A5068151024,middle,false
W4379769651-A5070207769,https://openalex.org/W4379769651,https://openalex.org/A5070207769,middle,false
W4379769651-A5077057828,https://openalex.org/W4379769651,https://openalex.org/A5077057828,middle,false
W4379769651-A5084414561,https://openalex.org/W4379769651,https://openalex.org/A5084414561,middle,false
W4379769651-A5085004466,https://openalex.org/W4379769651,https://openalex.org/A5085004466,first,false
W4379769651-A5087660055,https://openalex.org/W4379769651,https://openalex.org/A5087660055,middle,false
W4379769651-A5091175785,https://openalex.org/W4379769651,https://openalex.org/A5091175785,middle,false
W4379769651-A5100334977,https://openalex.org/W4379769651,https://openalex.org/A5100334977,middle,false
W4379769651-A5103412589,https://openalex.org/W4379769651,https://openalex.org/A5103412589,middle,false
W4379769651-A5114136395,https://openalex.org/W4379769651,https://openalex.org/A5114136395,middle,false
W4380353763-A5009362721,https://openalex.org/W4380353763,https://openalex.org/A5009362721,middle,false
W4380353763-A5009547049,https://openalex.org/W4380353763,https://openalex.org/A5009547049,middle,false
W4380353763-A5009640963,https://openalex.org/W4380353763,https://openalex.org/A5009640963,middle,false
W4380353763-A5041920173,https://openalex.org/W4380353763,https://openalex.org/A5041920173,last,false
W4380353763-A5058825905,https://openalex.org/W4380353763,https://openalex.org/A5058825905,middle,false
W4380353763-A5072427753,https://openalex.org/W4380353763,https://openalex.org/A5072427753,middle,false
W4380353763-A5076407338,https://openalex.org/W4380353763,https://openalex.org/A5076407338,middle,false
W4380353763-A5082252423,https://openalex.org/W4380353763,https://openalex.org/A5082252423,middle,false
W4380353763-A5082308834,https://openalex.org/W4380353763,https://openalex.org/A5082308834,middle,false
W4380353763-A5083595182,https://openalex.org/W4380353763,https://openalex.org/A5083595182,middle,false
W4380353763-A5092145402,https://openalex.org/W4380353763,https://openalex.org/A5092145402,middle,false
W4380353763-A5103777591,https://openalex.org/W4380353763,https://openalex.org/A5103777591,middle,false
W4380874786-A5009578714,https://openalex.org/W4380874786,https://openalex.org/A5009578714,middle,false
W4380874786-A5010571977,https://openalex.org/W4380874786,https://openalex.org/A5010571977,middle,false
W4380874786-A5016524466,https://openalex.org/W4380874786,https://openalex.org/A5016524466,middle,false
W4380874786-A5035427716,https://openalex.org/W4380874786,https://openalex.org/A5035427716,middle,false
W4380874786-A5037285672,https://openalex.org/W4380874786,https://openalex.org/A5037285672,middle,false
W4380874786-A5050207942,https://openalex.org/W4380874786,https://openalex.org/A5050207942,first,false
W4380874786-A5074688105,https://openalex.org/W4380874786,https://openalex.org/A5074688105,middle,false
W4380874786-A5077202069,https://openalex.org/W4380874786,https://openalex.org/A5077202069,last,false
W4380874786-A5084104975,https://openalex.org/W4380874786,https://openalex.org/A5084104975,middle,false
W4380874786-A5085787384,https://openalex.org/W4380874786,https://openalex.org/A5085787384,middle,false
W4380874786-A5100765709,https://openalex.org/W4380874786,https://openalex.org/A5100765709,middle,false
W4380874786-A5102871836,https://openalex.org/W4380874786,https://openalex.org/A5102871836,middle,false
W4380874786-A5103255393,https://openalex.org/W4380874786,https://openalex.org/A5103255393,middle,false
W4381252028-A5011821424,https://openalex.org/W4381252028,https://openalex.org/A5011821424,middle,false
W4381252028-A5027836854,https://openalex.org/W4381252028,https://openalex.org/A5027836854,middle,false
W4381252028-A5033369981,https://openalex.org/W4381252028,https://openalex.org/A5033369981,last,true
W4381252028-A5035894342,https://openalex.org/W4381252028,https://openalex.org/A5035894342,middle,false
W4381252028-A5039209143,https://openalex.org/W4381252028,https://openalex.org/A5039209143,middle,false
W4381252028-A5064618853,https://openalex.org/W4381252028,https://openalex.org/A5064618853,middle,true
W4381252028-A5080313896,https://openalex.org/W4381252028,https://openalex.org/A5080313896,first,false
W4381511236-A5023494325,https://openalex.org/W4381511236,https://openalex.org/A5023494325,middle,false
W4381511236-A5056701630,https://openalex.org/W4381511236,https://openalex.org/A5056701630,last,false
W4381511236-A5058462199,https://openalex.org/W4381511236,https://openalex.org/A5058462199,first,true
W4381511236-A5092224445,https://openalex.org/W4381511236,https://openalex.org/A5092224445,middle,false
W4381511236-A5112942464,https://openalex.org/W4381511236,https://openalex.org/A5112942464,middle,false
W4382246105-A5018515711,https://openalex.org/W4382246105,https://openalex.org/A5018515711,middle,false
W4382246105-A5023802054,https://openalex.org/W4382246105,https://openalex.org/A5023802054,last,false
W4382246105-A5025171334,https://openalex.org/W4382246105,https://openalex.org/A5025171334,middle,false
W4382246105-A5026113034,https://openalex.org/W4382246105,https://openalex.org/A5026113034,middle,false
W4382246105-A5026220115,https://openalex.org/W4382246105,https://openalex.org/A5026220115,middle,false
W4382246105-A5027729448,https://openalex.org/W4382246105,https://openalex.org/A5027729448,middle,false
W4382246105-A5047151336,https://openalex.org/W4382246105,https://openalex.org/A5047151336,middle,false
W4382246105-A5060769750,https://openalex.org/W4382246105,https://openalex.org/A5060769750,first,false
W4382246105-A5084743219,https://openalex.org/W4382246105,https://openalex.org/A5084743219,middle,false
W4383097638-A5005577303,https://openalex.org/W4383097638,https://openalex.org/A5005577303,last,false
W4383097638-A5018507768,https://openalex.org/W4383097638,https://openalex.org/A5018507768,middle,false
W4383097638-A5021289514,https://openalex.org/W4383097638,https://openalex.org/A5021289514,middle,false
W4383097638-A5088777896,https://openalex.org/W4383097638,https://openalex.org/A5088777896,middle,false
W4383097638-A5091443553,https://openalex.org/W4383097638,https://openalex.org/A5091443553,first,false
W4383097638-A5100676785,https://openalex.org/W4383097638,https://openalex.org/A5100676785,middle,false
W4383097638-A5101929475,https://openalex.org/W4383097638,https://openalex.org/A5101929475,middle,false
W4383097638-A5104521370,https://openalex.org/W4383097638,https://openalex.org/A5104521370,middle,false
W4383108457-A5017734452,https://openalex.org/W4383108457,https://openalex.org/A5017734452,first,false
W4383108457-A5018789011,https://openalex.org/W4383108457,https://openalex.org/A5018789011,middle,false
W4383108457-A5021728625,https://openalex.org/W4383108457,https://openalex.org/A5021728625,middle,false
W4383108457-A5028588421,https://openalex.org/W4383108457,https://openalex.org/A5028588421,middle,false
W4383108457-A5028834865,https://openalex.org/W4383108457,https://openalex.org/A5028834865,middle,false
W4383108457-A5061193324,https://openalex.org/W4383108457,https://openalex.org/A5061193324,last,false
W4383108457-A5062182459,https://openalex.org/W4383108457,https://openalex.org/A5062182459,middle,false
W4383108457-A5108062941,https://openalex.org/W4383108457,https://openalex.org/A5108062941,middle,false
W4383108457-A5108257764,https://openalex.org/W4383108457,https://openalex.org/A5108257764,middle,false
W4384071683-A5003509342,https://openalex.org/W4384071683,https://openalex.org/A5003509342,middle,true
W4384071683-A5007588003,https://openalex.org/W4384071683,https://openalex.org/A5007588003,middle,false
W4384071683-A5010171106,https://openalex.org/W4384071683,https://openalex.org/A5010171106,middle,false
W4384071683-A5014637990,https://openalex.org/W4384071683,https://openalex.org/A5014637990,middle,false
W4384071683-A5021812637,https://openalex.org/W4384071683,https://openalex.org/A5021812637,middle,false
W4384071683-A5022388476,https://openalex.org/W4384071683,https://openalex.org/A5022388476,middle,false
W4384071683-A5026540467,https://openalex.org/W4384071683,https://openalex.org/A5026540467,middle,false
W4384071683-A5027454515,https://openalex.org/W4384071683,https://openalex.org/A5027454515,first,true
W4384071683-A5043862316,https://openalex.org/W4384071683,https://openalex.org/A5043862316,middle,false
W4384071683-A5044698998,https://openalex.org/W4384071683,https://openalex.org/A5044698998,middle,false
W4384071683-A5046764593,https://openalex.org/W4384071683,https://openalex.org/A5046764593,middle,false
W4384071683-A5047463591,https://openalex.org/W4384071683,https://openalex.org/A5047463591,middle,true
W4384071683-A5051828575,https://openalex.org/W4384071683,https://openalex.org/A5051828575,middle,false
W4384071683-A5055969617,https://openalex.org/W4384071683,https://openalex.org/A5055969617,middle,false
W4384071683-A5057195145,https://openalex.org/W4384071683,https://openalex.org/A5057195145,middle,false
W4384071683-A5057932939,https://openalex.org/W4384071683,https://openalex.org/A5057932939,middle,false
W4384071683-A5058677067,https://openalex.org/W4384071683,https://openalex.org/A5058677067,middle,false
W4384071683-A5060000122,https://openalex.org/W4384071683,https://openalex.org/A5060000122,middle,false
W4384071683-A5063201022,https://openalex.org/W4384071683,https://openalex.org/A5063201022,middle,false
W4384071683-A5065128060,https://openalex.org/W4384071683,https://openalex.org/A5065128060,middle,false
W4384071683-A5066029226,https://openalex.org/W4384071683,https://openalex.org/A5066029226,middle,false
W4384071683-A5068955381,https://openalex.org/W4384071683,https://openalex.org/A5068955381,middle,false
W4384071683-A5069557194,https://openalex.org/W4384071683,https://openalex.org/A5069557194,middle,false
W4384071683-A5070366042,https://openalex.org/W4384071683,https://openalex.org/A5070366042,middle,false
W4384071683-A5078784976,https://openalex.org/W4384071683,https://openalex.org/A5078784976,middle,false
W4384071683-A5088063475,https://openalex.org/W4384071683,https://openalex.org/A5088063475,middle,false
W4384071683-A5090718376,https://openalex.org/W4384071683,https://openalex.org/A5090718376,middle,false
W4384071683-A5100657725,https://openalex.org/W4384071683,https://openalex.org/A5100657725,middle,false
W4384071683-A5103234563,https://openalex.org/W4384071683,https://openalex.org/A5103234563,last,true
W4384662964-A5013170605,https://openalex.org/W4384662964,https://openalex.org/A5013170605,last,false
W4384662964-A5046475081,https://openalex.org/W4384662964,https://openalex.org/A5046475081,first,false
W4384662964-A5058797533,https://openalex.org/W4384662964,https://openalex.org/A5058797533,middle,false
W4384918448-A5000326689,https://openalex.org/W4384918448,https://openalex.org/A5000326689,middle,false
W4384918448-A5005549348,https://openalex.org/W4384918448,https://openalex.org/A5005549348,middle,false
W4384918448-A5008270789,https://openalex.org/W4384918448,https://openalex.org/A5008270789,middle,false
W4384918448-A5008979133,https://openalex.org/W4384918448,https://openalex.org/A5008979133,middle,false
W4384918448-A5012370787,https://openalex.org/W4384918448,https://openalex.org/A5012370787,middle,false
W4384918448-A5016113002,https://openalex.org/W4384918448,https://openalex.org/A5016113002,middle,false
W4384918448-A5024347376,https://openalex.org/W4384918448,https://openalex.org/A5024347376,middle,false
W4384918448-A5024510591,https://openalex.org/W4384918448,https://openalex.org/A5024510591,middle,false
W4384918448-A5026363324,https://openalex.org/W4384918448,https://openalex.org/A5026363324,middle,false
W4384918448-A5027861933,https://openalex.org/W4384918448,https://openalex.org/A5027861933,middle,false
W4384918448-A5028858668,https://openalex.org/W4384918448,https://openalex.org/A5028858668,middle,false
W4384918448-A5032644449,https://openalex.org/W4384918448,https://openalex.org/A5032644449,first,false
W4384918448-A5033021890,https://openalex.org/W4384918448,https://openalex.org/A5033021890,middle,false
W4384918448-A5033356379,https://openalex.org/W4384918448,https://openalex.org/A5033356379,middle,false
W4384918448-A5035660188,https://openalex.org/W4384918448,https://openalex.org/A5035660188,middle,false
W4384918448-A5035752789,https://openalex.org/W4384918448,https://openalex.org/A5035752789,middle,false
W4384918448-A5041560478,https://openalex.org/W4384918448,https://openalex.org/A5041560478,middle,false
W4384918448-A5048354069,https://openalex.org/W4384918448,https://openalex.org/A5048354069,middle,false
W4384918448-A5050998809,https://openalex.org/W4384918448,https://openalex.org/A5050998809,middle,false
W4384918448-A5051808640,https://openalex.org/W4384918448,https://openalex.org/A5051808640,middle,false
W4384918448-A5052408504,https://openalex.org/W4384918448,https://openalex.org/A5052408504,middle,false
W4384918448-A5054253075,https://openalex.org/W4384918448,https://openalex.org/A5054253075,middle,false
W4384918448-A5060413371,https://openalex.org/W4384918448,https://openalex.org/A5060413371,middle,false
W4384918448-A5062696000,https://openalex.org/W4384918448,https://openalex.org/A5062696000,middle,false
W4384918448-A5065321401,https://openalex.org/W4384918448,https://openalex.org/A5065321401,middle,false
W4384918448-A5069420168,https://openalex.org/W4384918448,https://openalex.org/A5069420168,middle,false
W4384918448-A5071606441,https://openalex.org/W4384918448,https://openalex.org/A5071606441,middle,false
W4384918448-A5075834790,https://openalex.org/W4384918448,https://openalex.org/A5075834790,middle,false
W4384918448-A5076843841,https://openalex.org/W4384918448,https://openalex.org/A5076843841,middle,false
W4384918448-A5079540764,https://openalex.org/W4384918448,https://openalex.org/A5079540764,middle,false
W4384918448-A5079611849,https://openalex.org/W4384918448,https://openalex.org/A5079611849,middle,false
W4384918448-A5080012348,https://openalex.org/W4384918448,https://openalex.org/A5080012348,middle,false
W4384918448-A5080857815,https://openalex.org/W4384918448,https://openalex.org/A5080857815,middle,false
W4384918448-A5081114983,https://openalex.org/W4384918448,https://openalex.org/A5081114983,middle,false
W4384918448-A5081831578,https://openalex.org/W4384918448,https://openalex.org/A5081831578,middle,false
W4384918448-A5082867662,https://openalex.org/W4384918448,https://openalex.org/A5082867662,middle,false
W4384918448-A5083185771,https://openalex.org/W4384918448,https://openalex.org/A5083185771,middle,false
W4384918448-A5089419558,https://openalex.org/W4384918448,https://openalex.org/A5089419558,last,false
W4384918448-A5090457109,https://openalex.org/W4384918448,https://openalex.org/A5090457109,middle,false
W4384918448-A5092506185,https://openalex.org/W4384918448,https://openalex.org/A5092506185,middle,false
W4384918448-A5092506186,https://openalex.org/W4384918448,https://openalex.org/A5092506186,middle,false
W4384918448-A5092506187,https://openalex.org/W4384918448,https://openalex.org/A5092506187,middle,false
W4384918448-A5092506188,https://openalex.org/W4384918448,https://openalex.org/A5092506188,middle,false
W4384918448-A5092506189,https://openalex.org/W4384918448,https://openalex.org/A5092506189,middle,false
W4384918448-A5092506191,https://openalex.org/W4384918448,https://openalex.org/A5092506191,middle,false
W4384918448-A5100424305,https://openalex.org/W4384918448,https://openalex.org/A5100424305,middle,false
W4384918448-A5102506185,https://openalex.org/W4384918448,https://openalex.org/A5102506185,middle,false
W4384918448-A5102536560,https://openalex.org/W4384918448,https://openalex.org/A5102536560,middle,false
W4384918448-A5103256595,https://openalex.org/W4384918448,https://openalex.org/A5103256595,middle,false
W4384918448-A5104145657,https://openalex.org/W4384918448,https://openalex.org/A5104145657,middle,false
W4384918448-A5104238116,https://openalex.org/W4384918448,https://openalex.org/A5104238116,middle,false
W4384918448-A5104286740,https://openalex.org/W4384918448,https://openalex.org/A5104286740,middle,false
W4384918448-A5108399988,https://openalex.org/W4384918448,https://openalex.org/A5108399988,middle,false
W4384918448-A5110082245,https://openalex.org/W4384918448,https://openalex.org/A5110082245,middle,false
W4384918448-A5111279824,https://openalex.org/W4384918448,https://openalex.org/A5111279824,middle,false
W4384918448-A5112615531,https://openalex.org/W4384918448,https://openalex.org/A5112615531,middle,false
W4384918448-A5112963469,https://openalex.org/W4384918448,https://openalex.org/A5112963469,middle,false
W4384918448-A5113256072,https://openalex.org/W4384918448,https://openalex.org/A5113256072,middle,false
W4384918448-A5134971971,https://openalex.org/W4384918448,https://openalex.org/A5134971971,middle,false
W4384934594-A5007503912,https://openalex.org/W4384934594,https://openalex.org/A5007503912,middle,false
W4384934594-A5019971035,https://openalex.org/W4384934594,https://openalex.org/A5019971035,middle,false
W4384934594-A5070475779,https://openalex.org/W4384934594,https://openalex.org/A5070475779,last,false
W4384934594-A5100720739,https://openalex.org/W4384934594,https://openalex.org/A5100720739,first,true
W4384934594-A5101626009,https://openalex.org/W4384934594,https://openalex.org/A5101626009,middle,false
W4385416665-A5047345391,https://openalex.org/W4385416665,https://openalex.org/A5047345391,first,true
W4385416665-A5092780821,https://openalex.org/W4385416665,https://openalex.org/A5092780821,middle,false
W4385416665-A5092780822,https://openalex.org/W4385416665,https://openalex.org/A5092780822,last,false
W4385452929-A5005398538,https://openalex.org/W4385452929,https://openalex.org/A5005398538,middle,false
W4385452929-A5034235259,https://openalex.org/W4385452929,https://openalex.org/A5034235259,last,false
W4385452929-A5047952246,https://openalex.org/W4385452929,https://openalex.org/A5047952246,first,false
W4385452929-A5092401086,https://openalex.org/W4385452929,https://openalex.org/A5092401086,middle,false
W4385452929-A5112952983,https://openalex.org/W4385452929,https://openalex.org/A5112952983,middle,false
W4385567149-A5009648800,https://openalex.org/W4385567149,https://openalex.org/A5009648800,middle,false
W4385567149-A5023341622,https://openalex.org/W4385567149,https://openalex.org/A5023341622,middle,false
W4385567149-A5039158419,https://openalex.org/W4385567149,https://openalex.org/A5039158419,first,false
W4385567149-A5063151917,https://openalex.org/W4385567149,https://openalex.org/A5063151917,middle,false
W4385567149-A5067919401,https://openalex.org/W4385567149,https://openalex.org/A5067919401,last,false
W4385567149-A5082305994,https://openalex.org/W4385567149,https://openalex.org/A5082305994,middle,false
W4385572634-A5032740979,https://openalex.org/W4385572634,https://openalex.org/A5032740979,first,true
W4385572634-A5037232402,https://openalex.org/W4385572634,https://openalex.org/A5037232402,middle,false
W4385572634-A5043628255,https://openalex.org/W4385572634,https://openalex.org/A5043628255,middle,false
W4385572634-A5060080064,https://openalex.org/W4385572634,https://openalex.org/A5060080064,middle,false
W4385572634-A5063722751,https://openalex.org/W4385572634,https://openalex.org/A5063722751,middle,false
W4385572634-A5082305994,https://openalex.org/W4385572634,https://openalex.org/A5082305994,last,false
W4385572634-A5088517824,https://openalex.org/W4385572634,https://openalex.org/A5088517824,middle,false
W4385988359-A5005308034,https://openalex.org/W4385988359,https://openalex.org/A5005308034,middle,false
W4385988359-A5012682441,https://openalex.org/W4385988359,https://openalex.org/A5012682441,middle,false
W4385988359-A5019722690,https://openalex.org/W4385988359,https://openalex.org/A5019722690,last,true
W4385988359-A5025662871,https://openalex.org/W4385988359,https://openalex.org/A5025662871,middle,false
W4385988359-A5038582366,https://openalex.org/W4385988359,https://openalex.org/A5038582366,middle,false
W4385988359-A5052125077,https://openalex.org/W4385988359,https://openalex.org/A5052125077,middle,false
W4385988359-A5068480230,https://openalex.org/W4385988359,https://openalex.org/A5068480230,middle,false
W4385988359-A5083548873,https://openalex.org/W4385988359,https://openalex.org/A5083548873,middle,false
W4385988359-A5088463875,https://openalex.org/W4385988359,https://openalex.org/A5088463875,middle,false
W4385988359-A5100331094,https://openalex.org/W4385988359,https://openalex.org/A5100331094,middle,false
W4385988359-A5100351935,https://openalex.org/W4385988359,https://openalex.org/A5100351935,middle,false
W4385988359-A5100638446,https://openalex.org/W4385988359,https://openalex.org/A5100638446,middle,false
W4385988359-A5100647156,https://openalex.org/W4385988359,https://openalex.org/A5100647156,middle,false
W4385988359-A5100759473,https://openalex.org/W4385988359,https://openalex.org/A5100759473,middle,false
W4385988359-A5101182523,https://openalex.org/W4385988359,https://openalex.org/A5101182523,middle,false
W4385988359-A5101505879,https://openalex.org/W4385988359,https://openalex.org/A5101505879,middle,false
W4385988359-A5101629463,https://openalex.org/W4385988359,https://openalex.org/A5101629463,first,false
W4386417345-A5023880578,https://openalex.org/W4386417345,https://openalex.org/A5023880578,first,true
W4386693657-A5045400933,https://openalex.org/W4386693657,https://openalex.org/A5045400933,last,false
W4386693657-A5048865769,https://openalex.org/W4386693657,https://openalex.org/A5048865769,middle,false
W4386693657-A5062843383,https://openalex.org/W4386693657,https://openalex.org/A5062843383,middle,false
W4386693657-A5081442873,https://openalex.org/W4386693657,https://openalex.org/A5081442873,first,true
W4386728933-A5013954858,https://openalex.org/W4386728933,https://openalex.org/A5013954858,first,false
W4386728933-A5038668215,https://openalex.org/W4386728933,https://openalex.org/A5038668215,last,false
W4386728933-A5051925942,https://openalex.org/W4386728933,https://openalex.org/A5051925942,middle,false
W4386728933-A5077166728,https://openalex.org/W4386728933,https://openalex.org/A5077166728,middle,false
W4386728933-A5100368524,https://openalex.org/W4386728933,https://openalex.org/A5100368524,middle,false
W4386728933-A5100664091,https://openalex.org/W4386728933,https://openalex.org/A5100664091,middle,false
W4387321091-A5008633310,https://openalex.org/W4387321091,https://openalex.org/A5008633310,middle,false
W4387321091-A5013500109,https://openalex.org/W4387321091,https://openalex.org/A5013500109,middle,false
W4387321091-A5041920173,https://openalex.org/W4387321091,https://openalex.org/A5041920173,last,false
W4387321091-A5066299337,https://openalex.org/W4387321091,https://openalex.org/A5066299337,first,false
W4387321091-A5067888631,https://openalex.org/W4387321091,https://openalex.org/A5067888631,middle,false
W4387321091-A5072427753,https://openalex.org/W4387321091,https://openalex.org/A5072427753,middle,false
W4387321091-A5083402013,https://openalex.org/W4387321091,https://openalex.org/A5083402013,middle,false
W4387321091-A5083595182,https://openalex.org/W4387321091,https://openalex.org/A5083595182,middle,false
W4387321091-A5092145402,https://openalex.org/W4387321091,https://openalex.org/A5092145402,middle,false
W4387356888-A5000640247,https://openalex.org/W4387356888,https://openalex.org/A5000640247,last,false
W4387356888-A5019675338,https://openalex.org/W4387356888,https://openalex.org/A5019675338,middle,false
W4387356888-A5020676803,https://openalex.org/W4387356888,https://openalex.org/A5020676803,middle,false
W4387356888-A5038202532,https://openalex.org/W4387356888,https://openalex.org/A5038202532,middle,false
W4387356888-A5047255274,https://openalex.org/W4387356888,https://openalex.org/A5047255274,middle,false
W4387356888-A5057700552,https://openalex.org/W4387356888,https://openalex.org/A5057700552,middle,false
W4387356888-A5063672058,https://openalex.org/W4387356888,https://openalex.org/A5063672058,middle,false
W4387356888-A5066409108,https://openalex.org/W4387356888,https://openalex.org/A5066409108,middle,false
W4387356888-A5077242061,https://openalex.org/W4387356888,https://openalex.org/A5077242061,middle,false
W4387356888-A5081006489,https://openalex.org/W4387356888,https://openalex.org/A5081006489,middle,false
W4387356888-A5087382703,https://openalex.org/W4387356888,https://openalex.org/A5087382703,first,true
W4387835442-A5025255782,https://openalex.org/W4387835442,https://openalex.org/A5025255782,middle,false
W4387835442-A5053096615,https://openalex.org/W4387835442,https://openalex.org/A5053096615,first,false
W4387835442-A5062285844,https://openalex.org/W4387835442,https://openalex.org/A5062285844,middle,false
W4387835442-A5065663195,https://openalex.org/W4387835442,https://openalex.org/A5065663195,middle,false
W4387835442-A5076189854,https://openalex.org/W4387835442,https://openalex.org/A5076189854,last,false
W4387954002-A5042933080,https://openalex.org/W4387954002,https://openalex.org/A5042933080,last,false
W4387954002-A5062327687,https://openalex.org/W4387954002,https://openalex.org/A5062327687,first,true
W4387954002-A5073501090,https://openalex.org/W4387954002,https://openalex.org/A5073501090,middle,false
W4388488609-A5016796548,https://openalex.org/W4388488609,https://openalex.org/A5016796548,middle,true
W4388488609-A5023660419,https://openalex.org/W4388488609,https://openalex.org/A5023660419,last,true
W4388488609-A5072322524,https://openalex.org/W4388488609,https://openalex.org/A5072322524,first,true
W4388886073-A5003887059,https://openalex.org/W4388886073,https://openalex.org/A5003887059,last,false
W4388886073-A5004607650,https://openalex.org/W4388886073,https://openalex.org/A5004607650,middle,false
W4388886073-A5040674721,https://openalex.org/W4388886073,https://openalex.org/A5040674721,middle,false
W4388886073-A5056790702,https://openalex.org/W4388886073,https://openalex.org/A5056790702,middle,false
W4388886073-A5084917133,https://openalex.org/W4388886073,https://openalex.org/A5084917133,first,false
W4389210056-A5001467212,https://openalex.org/W4389210056,https://openalex.org/A5001467212,first,true
W4389210056-A5007067645,https://openalex.org/W4389210056,https://openalex.org/A5007067645,middle,false
W4389210056-A5025890612,https://openalex.org/W4389210056,https://openalex.org/A5025890612,last,false
W4389210056-A5036855560,https://openalex.org/W4389210056,https://openalex.org/A5036855560,middle,false
W4389210056-A5070591850,https://openalex.org/W4389210056,https://openalex.org/A5070591850,middle,false
W4389326242-A5025386668,https://openalex.org/W4389326242,https://openalex.org/A5025386668,first,false
W4389326242-A5091734792,https://openalex.org/W4389326242,https://openalex.org/A5091734792,last,false
W4389359039-A5087654936,https://openalex.org/W4389359039,https://openalex.org/A5087654936,last,false
W4389359039-A5092994450,https://openalex.org/W4389359039,https://openalex.org/A5092994450,first,true
W4389519118-A5009879041,https://openalex.org/W4389519118,https://openalex.org/A5009879041,middle,false
W4389519118-A5020049212,https://openalex.org/W4389519118,https://openalex.org/A5020049212,middle,false
W4389519118-A5022730878,https://openalex.org/W4389519118,https://openalex.org/A5022730878,middle,false
W4389519118-A5037327117,https://openalex.org/W4389519118,https://openalex.org/A5037327117,middle,false
W4389519118-A5038743835,https://openalex.org/W4389519118,https://openalex.org/A5038743835,middle,false
W4389519118-A5041434096,https://openalex.org/W4389519118,https://openalex.org/A5041434096,middle,false
W4389519118-A5043295774,https://openalex.org/W4389519118,https://openalex.org/A5043295774,first,false
W4389519118-A5060885692,https://openalex.org/W4389519118,https://openalex.org/A5060885692,middle,false
W4389519118-A5068811427,https://openalex.org/W4389519118,https://openalex.org/A5068811427,last,false
W4389519254-A5034826937,https://openalex.org/W4389519254,https://openalex.org/A5034826937,middle,false
W4389519254-A5037853792,https://openalex.org/W4389519254,https://openalex.org/A5037853792,middle,false
W4389519254-A5070165835,https://openalex.org/W4389519254,https://openalex.org/A5070165835,middle,false
W4389519254-A5100355246,https://openalex.org/W4389519254,https://openalex.org/A5100355246,last,false
W4389519254-A5100355692,https://openalex.org/W4389519254,https://openalex.org/A5100355692,first,false
W4389519254-A5102323363,https://openalex.org/W4389519254,https://openalex.org/A5102323363,middle,false
W4389519587-A5086674741,https://openalex.org/W4389519587,https://openalex.org/A5086674741,last,true
W4389519587-A5100353783,https://openalex.org/W4389519587,https://openalex.org/A5100353783,middle,false
W4389519587-A5100438461,https://openalex.org/W4389519587,https://openalex.org/A5100438461,first,false
W4389520749-A5011907463,https://openalex.org/W4389520749,https://openalex.org/A5011907463,middle,false
W4389520749-A5024447363,https://openalex.org/W4389520749,https://openalex.org/A5024447363,first,false
W4389520749-A5050766679,https://openalex.org/W4389520749,https://openalex.org/A5050766679,last,false
W4389523832-A5001058167,https://openalex.org/W4389523832,https://openalex.org/A5001058167,middle,false
W4389523832-A5025631695,https://openalex.org/W4389523832,https://openalex.org/A5025631695,last,false
W4389523832-A5100376310,https://openalex.org/W4389523832,https://openalex.org/A5100376310,middle,false
W4389523832-A5100427048,https://openalex.org/W4389523832,https://openalex.org/A5100427048,first,false
W4389523832-A5102261615,https://openalex.org/W4389523832,https://openalex.org/A5102261615,middle,false
W4389523957-A5005898634,https://openalex.org/W4389523957,https://openalex.org/A5005898634,middle,false
W4389523957-A5024845063,https://openalex.org/W4389523957,https://openalex.org/A5024845063,middle,false
W4389523957-A5044588650,https://openalex.org/W4389523957,https://openalex.org/A5044588650,middle,false
W4389523957-A5070962435,https://openalex.org/W4389523957,https://openalex.org/A5070962435,middle,false
W4389523957-A5084658659,https://openalex.org/W4389523957,https://openalex.org/A5084658659,first,false
W4389523957-A5089413311,https://openalex.org/W4389523957,https://openalex.org/A5089413311,last,false
W4389636360-A5002621773,https://openalex.org/W4389636360,https://openalex.org/A5002621773,first,false
W4389636360-A5069870254,https://openalex.org/W4389636360,https://openalex.org/A5069870254,middle,false
W4389636360-A5089413311,https://openalex.org/W4389636360,https://openalex.org/A5089413311,last,false
W4389636360-A5101201263,https://openalex.org/W4389636360,https://openalex.org/A5101201263,middle,false
W4389727268-A5013834379,https://openalex.org/W4389727268,https://openalex.org/A5013834379,middle,false
W4389727268-A5018728658,https://openalex.org/W4389727268,https://openalex.org/A5018728658,middle,false
W4389727268-A5023562540,https://openalex.org/W4389727268,https://openalex.org/A5023562540,middle,false
W4389727268-A5028269821,https://openalex.org/W4389727268,https://openalex.org/A5028269821,middle,false
W4389727268-A5057393538,https://openalex.org/W4389727268,https://openalex.org/A5057393538,last,true
W4389727268-A5071941381,https://openalex.org/W4389727268,https://openalex.org/A5071941381,middle,false
W4389727268-A5077302579,https://openalex.org/W4389727268,https://openalex.org/A5077302579,middle,false
W4389727268-A5078666530,https://openalex.org/W4389727268,https://openalex.org/A5078666530,middle,false
W4389727268-A5082290231,https://openalex.org/W4389727268,https://openalex.org/A5082290231,middle,false
W4389727268-A5088601308,https://openalex.org/W4389727268,https://openalex.org/A5088601308,first,false
W4389727268-A5101733098,https://openalex.org/W4389727268,https://openalex.org/A5101733098,middle,false
W4389727268-A5101992030,https://openalex.org/W4389727268,https://openalex.org/A5101992030,middle,false
W4389984066-A5001877137,https://openalex.org/W4389984066,https://openalex.org/A5001877137,middle,false
W4389984066-A5100647639,https://openalex.org/W4389984066,https://openalex.org/A5100647639,middle,false
W4389984066-A5101581913,https://openalex.org/W4389984066,https://openalex.org/A5101581913,middle,false
W4389984066-A5101598822,https://openalex.org/W4389984066,https://openalex.org/A5101598822,middle,false
W4389984066-A5102001778,https://openalex.org/W4389984066,https://openalex.org/A5102001778,first,false
W4389984066-A5104217086,https://openalex.org/W4389984066,https://openalex.org/A5104217086,middle,false
W4389984066-A5104217087,https://openalex.org/W4389984066,https://openalex.org/A5104217087,middle,false
W4389984066-A5109666673,https://openalex.org/W4389984066,https://openalex.org/A5109666673,middle,false
W4390490761-A5007489034,https://openalex.org/W4390490761,https://openalex.org/A5007489034,middle,false
W4390490761-A5050255638,https://openalex.org/W4390490761,https://openalex.org/A5050255638,middle,false
W4390490761-A5062665223,https://openalex.org/W4390490761,https://openalex.org/A5062665223,middle,false
W4390490761-A5072191151,https://openalex.org/W4390490761,https://openalex.org/A5072191151,last,false
W4390490761-A5075858724,https://openalex.org/W4390490761,https://openalex.org/A5075858724,middle,false
W4390490761-A5100738980,https://openalex.org/W4390490761,https://openalex.org/A5100738980,first,false
W4390490761-A5101511644,https://openalex.org/W4390490761,https://openalex.org/A5101511644,middle,false
W4390490761-A5101771060,https://openalex.org/W4390490761,https://openalex.org/A5101771060,middle,false
W4390490761-A5101790532,https://openalex.org/W4390490761,https://openalex.org/A5101790532,middle,false
W4390692489-A5007704896,https://openalex.org/W4390692489,https://openalex.org/A5007704896,middle,false
W4390692489-A5008056593,https://openalex.org/W4390692489,https://openalex.org/A5008056593,first,false
W4390692489-A5010757894,https://openalex.org/W4390692489,https://openalex.org/A5010757894,middle,false
W4390692489-A5080738591,https://openalex.org/W4390692489,https://openalex.org/A5080738591,last,false
W4390692489-A5100374831,https://openalex.org/W4390692489,https://openalex.org/A5100374831,middle,false
W4390692489-A5114500343,https://openalex.org/W4390692489,https://openalex.org/A5114500343,middle,false
W4391136507-A5010758235,https://openalex.org/W4391136507,https://openalex.org/A5010758235,middle,false
W4391136507-A5029392006,https://openalex.org/W4391136507,https://openalex.org/A5029392006,middle,false
W4391136507-A5035082722,https://openalex.org/W4391136507,https://openalex.org/A5035082722,middle,false
W4391136507-A5036357902,https://openalex.org/W4391136507,https://openalex.org/A5036357902,middle,false
W4391136507-A5040961637,https://openalex.org/W4391136507,https://openalex.org/A5040961637,middle,false
W4391136507-A5044651577,https://openalex.org/W4391136507,https://openalex.org/A5044651577,last,false
W4391136507-A5100333729,https://openalex.org/W4391136507,https://openalex.org/A5100333729,middle,false
W4391136507-A5100353526,https://openalex.org/W4391136507,https://openalex.org/A5100353526,middle,false
W4391136507-A5100407966,https://openalex.org/W4391136507,https://openalex.org/A5100407966,middle,false
W4391136507-A5100636286,https://openalex.org/W4391136507,https://openalex.org/A5100636286,middle,false
W4391136507-A5100685716,https://openalex.org/W4391136507,https://openalex.org/A5100685716,middle,false
W4391136507-A5100700956,https://openalex.org/W4391136507,https://openalex.org/A5100700956,middle,false
W4391136507-A5101538186,https://openalex.org/W4391136507,https://openalex.org/A5101538186,middle,false
W4391136507-A5102024536,https://openalex.org/W4391136507,https://openalex.org/A5102024536,middle,false
W4391136507-A5102930702,https://openalex.org/W4391136507,https://openalex.org/A5102930702,first,false
W4391136507-A5103056110,https://openalex.org/W4391136507,https://openalex.org/A5103056110,middle,false
W4391848979-A5002426346,https://openalex.org/W4391848979,https://openalex.org/A5002426346,middle,false
W4391848979-A5004227278,https://openalex.org/W4391848979,https://openalex.org/A5004227278,middle,false
W4391848979-A5007067645,https://openalex.org/W4391848979,https://openalex.org/A5007067645,middle,false
W4391848979-A5007325624,https://openalex.org/W4391848979,https://openalex.org/A5007325624,middle,false
W4391848979-A5014846205,https://openalex.org/W4391848979,https://openalex.org/A5014846205,last,false
W4391848979-A5017326471,https://openalex.org/W4391848979,https://openalex.org/A5017326471,middle,false
W4391848979-A5023849668,https://openalex.org/W4391848979,https://openalex.org/A5023849668,middle,false
W4391848979-A5024458365,https://openalex.org/W4391848979,https://openalex.org/A5024458365,first,true
W4391848979-A5026451495,https://openalex.org/W4391848979,https://openalex.org/A5026451495,middle,false
W4391848979-A5034657358,https://openalex.org/W4391848979,https://openalex.org/A5034657358,middle,false
W4391848979-A5041714982,https://openalex.org/W4391848979,https://openalex.org/A5041714982,middle,false
W4391848979-A5045016749,https://openalex.org/W4391848979,https://openalex.org/A5045016749,middle,false
W4391848979-A5052985764,https://openalex.org/W4391848979,https://openalex.org/A5052985764,middle,false
W4391848979-A5066246956,https://openalex.org/W4391848979,https://openalex.org/A5066246956,middle,false
W4391848979-A5070433751,https://openalex.org/W4391848979,https://openalex.org/A5070433751,middle,false
W4391848979-A5083182498,https://openalex.org/W4391848979,https://openalex.org/A5083182498,middle,false
W4391848979-A5091251187,https://openalex.org/W4391848979,https://openalex.org/A5091251187,middle,false
W4391848979-A5101711824,https://openalex.org/W4391848979,https://openalex.org/A5101711824,middle,false
W4391848979-A5102953149,https://openalex.org/W4391848979,https://openalex.org/A5102953149,middle,false
W4391855109-A5000819439,https://openalex.org/W4391855109,https://openalex.org/A5000819439,middle,false
W4391855109-A5008339199,https://openalex.org/W4391855109,https://openalex.org/A5008339199,middle,false
W4391855109-A5008882566,https://openalex.org/W4391855109,https://openalex.org/A5008882566,middle,false
W4391855109-A5018257829,https://openalex.org/W4391855109,https://openalex.org/A5018257829,middle,false
W4391855109-A5022918060,https://openalex.org/W4391855109,https://openalex.org/A5022918060,middle,false
W4391855109-A5055795711,https://openalex.org/W4391855109,https://openalex.org/A5055795711,first,false
W4391855109-A5062716310,https://openalex.org/W4391855109,https://openalex.org/A5062716310,last,false
W4391855109-A5087616870,https://openalex.org/W4391855109,https://openalex.org/A5087616870,middle,false
W4391855109-A5092939745,https://openalex.org/W4391855109,https://openalex.org/A5092939745,middle,false
W4391876619-A5025255782,https://openalex.org/W4391876619,https://openalex.org/A5025255782,last,false
W4391876619-A5031981513,https://openalex.org/W4391876619,https://openalex.org/A5031981513,first,true
W4391876619-A5067264969,https://openalex.org/W4391876619,https://openalex.org/A5067264969,middle,false
W4391876619-A5074764224,https://openalex.org/W4391876619,https://openalex.org/A5074764224,middle,false
W4391876619-A5075075495,https://openalex.org/W4391876619,https://openalex.org/A5075075495,middle,false
W4391876619-A5093091829,https://openalex.org/W4391876619,https://openalex.org/A5093091829,middle,false
W4391974543-A5056375705,https://openalex.org/W4391974543,https://openalex.org/A5056375705,middle,false
W4391974543-A5075639297,https://openalex.org/W4391974543,https://openalex.org/A5075639297,middle,false
W4391974543-A5100326213,https://openalex.org/W4391974543,https://openalex.org/A5100326213,middle,false
W4391974543-A5100434820,https://openalex.org/W4391974543,https://openalex.org/A5100434820,last,false
W4391974543-A5100462353,https://openalex.org/W4391974543,https://openalex.org/A5100462353,middle,false
W4391974543-A5108814327,https://openalex.org/W4391974543,https://openalex.org/A5108814327,first,false
W4392193048-A5003995646,https://openalex.org/W4392193048,https://openalex.org/A5003995646,middle,false
W4392193048-A5006006903,https://openalex.org/W4392193048,https://openalex.org/A5006006903,middle,false
W4392193048-A5008348052,https://openalex.org/W4392193048,https://openalex.org/A5008348052,middle,false
W4392193048-A5015508892,https://openalex.org/W4392193048,https://openalex.org/A5015508892,middle,false
W4392193048-A5016013231,https://openalex.org/W4392193048,https://openalex.org/A5016013231,middle,false
W4392193048-A5022702389,https://openalex.org/W4392193048,https://openalex.org/A5022702389,middle,false
W4392193048-A5025304724,https://openalex.org/W4392193048,https://openalex.org/A5025304724,middle,false
W4392193048-A5029998947,https://openalex.org/W4392193048,https://openalex.org/A5029998947,middle,false
W4392193048-A5037419111,https://openalex.org/W4392193048,https://openalex.org/A5037419111,middle,false
W4392193048-A5041327310,https://openalex.org/W4392193048,https://openalex.org/A5041327310,middle,false
W4392193048-A5046938499,https://openalex.org/W4392193048,https://openalex.org/A5046938499,middle,false
W4392193048-A5060928641,https://openalex.org/W4392193048,https://openalex.org/A5060928641,middle,false
W4392193048-A5061093158,https://openalex.org/W4392193048,https://openalex.org/A5061093158,middle,false
W4392193048-A5064829377,https://openalex.org/W4392193048,https://openalex.org/A5064829377,last,false
W4392193048-A5072177559,https://openalex.org/W4392193048,https://openalex.org/A5072177559,middle,false
W4392193048-A5079666746,https://openalex.org/W4392193048,https://openalex.org/A5079666746,first,true
W4392193048-A5080097591,https://openalex.org/W4392193048,https://openalex.org/A5080097591,middle,false
W4392193048-A5087710258,https://openalex.org/W4392193048,https://openalex.org/A5087710258,middle,false
W4392193048-A5089676369,https://openalex.org/W4392193048,https://openalex.org/A5089676369,middle,false
W4392353733-A5008974593,https://openalex.org/W4392353733,https://openalex.org/A5008974593,middle,false
W4392353733-A5035274621,https://openalex.org/W4392353733,https://openalex.org/A5035274621,middle,false
W4392353733-A5073311852,https://openalex.org/W4392353733,https://openalex.org/A5073311852,middle,false
W4392353733-A5100333755,https://openalex.org/W4392353733,https://openalex.org/A5100333755,last,true
W4392353733-A5101885416,https://openalex.org/W4392353733,https://openalex.org/A5101885416,first,false
W4392353733-A5102775611,https://openalex.org/W4392353733,https://openalex.org/A5102775611,middle,false
W4392773210-A5078892242,https://openalex.org/W4392773210,https://openalex.org/A5078892242,first,true
W4393065402-A5025631695,https://openalex.org/W4393065402,https://openalex.org/A5025631695,last,false
W4393065402-A5037145565,https://openalex.org/W4393065402,https://openalex.org/A5037145565,middle,false
W4393065402-A5043098453,https://openalex.org/W4393065402,https://openalex.org/A5043098453,middle,true
W4393065402-A5043446092,https://openalex.org/W4393065402,https://openalex.org/A5043446092,middle,false
W4393065402-A5070590692,https://openalex.org/W4393065402,https://openalex.org/A5070590692,middle,false
W4393065402-A5074858555,https://openalex.org/W4393065402,https://openalex.org/A5074858555,middle,false
W4393065402-A5100358735,https://openalex.org/W4393065402,https://openalex.org/A5100358735,middle,false
W4393065402-A5100385692,https://openalex.org/W4393065402,https://openalex.org/A5100385692,middle,true
W4393065402-A5100410908,https://openalex.org/W4393065402,https://openalex.org/A5100410908,middle,false
W4393065402-A5101394605,https://openalex.org/W4393065402,https://openalex.org/A5101394605,first,false
W4393065402-A5101551028,https://openalex.org/W4393065402,https://openalex.org/A5101551028,middle,false
W4393065402-A5101658564,https://openalex.org/W4393065402,https://openalex.org/A5101658564,middle,false
W4393065402-A5101929118,https://openalex.org/W4393065402,https://openalex.org/A5101929118,middle,false
W4393148714-A5008561615,https://openalex.org/W4393148714,https://openalex.org/A5008561615,first,false
W4393148714-A5019129523,https://openalex.org/W4393148714,https://openalex.org/A5019129523,middle,false
W4393148714-A5065367221,https://openalex.org/W4393148714,https://openalex.org/A5065367221,middle,false
W4393148714-A5100409994,https://openalex.org/W4393148714,https://openalex.org/A5100409994,middle,false
W4393148714-A5101500719,https://openalex.org/W4393148714,https://openalex.org/A5101500719,middle,false
W4393148714-A5101538534,https://openalex.org/W4393148714,https://openalex.org/A5101538534,middle,false
W4393148714-A5102004349,https://openalex.org/W4393148714,https://openalex.org/A5102004349,last,false
W4393160302-A5005530395,https://openalex.org/W4393160302,https://openalex.org/A5005530395,middle,false
W4393160302-A5012247196,https://openalex.org/W4393160302,https://openalex.org/A5012247196,middle,false
W4393160302-A5026990786,https://openalex.org/W4393160302,https://openalex.org/A5026990786,last,false
W4393160302-A5052014295,https://openalex.org/W4393160302,https://openalex.org/A5052014295,middle,false
W4393160302-A5056549312,https://openalex.org/W4393160302,https://openalex.org/A5056549312,first,false
W4393160302-A5067303323,https://openalex.org/W4393160302,https://openalex.org/A5067303323,middle,false
W4393160302-A5086009273,https://openalex.org/W4393160302,https://openalex.org/A5086009273,middle,false
W4393160302-A5092029666,https://openalex.org/W4393160302,https://openalex.org/A5092029666,middle,false
W4393160302-A5092810033,https://openalex.org/W4393160302,https://openalex.org/A5092810033,middle,false
W4393160302-A5101376203,https://openalex.org/W4393160302,https://openalex.org/A5101376203,middle,false
W4393160302-A5106322942,https://openalex.org/W4393160302,https://openalex.org/A5106322942,middle,false
W4394828156-A5050296324,https://openalex.org/W4394828156,https://openalex.org/A5050296324,first,false
W4394828156-A5062522127,https://openalex.org/W4394828156,https://openalex.org/A5062522127,middle,false
W4394828156-A5089730590,https://openalex.org/W4394828156,https://openalex.org/A5089730590,middle,false
W4394828156-A5101933711,https://openalex.org/W4394828156,https://openalex.org/A5101933711,last,false
W4394828356-A5037977430,https://openalex.org/W4394828356,https://openalex.org/A5037977430,middle,false
W4394828356-A5041541232,https://openalex.org/W4394828356,https://openalex.org/A5041541232,middle,false
W4394828356-A5041854978,https://openalex.org/W4394828356,https://openalex.org/A5041854978,last,false
W4394828356-A5042452580,https://openalex.org/W4394828356,https://openalex.org/A5042452580,middle,false
W4394828356-A5053810667,https://openalex.org/W4394828356,https://openalex.org/A5053810667,middle,false
W4394828356-A5064982530,https://openalex.org/W4394828356,https://openalex.org/A5064982530,middle,false
W4394828356-A5065197324,https://openalex.org/W4394828356,https://openalex.org/A5065197324,first,false
W4394828356-A5067148263,https://openalex.org/W4394828356,https://openalex.org/A5067148263,middle,false
W4394828356-A5069076821,https://openalex.org/W4394828356,https://openalex.org/A5069076821,middle,false
W4394828356-A5074022699,https://openalex.org/W4394828356,https://openalex.org/A5074022699,middle,false
W4394828356-A5109384620,https://openalex.org/W4394828356,https://openalex.org/A5109384620,middle,false
W4394828356-A5112433883,https://openalex.org/W4394828356,https://openalex.org/A5112433883,middle,false
W4394994587-A5015445950,https://openalex.org/W4394994587,https://openalex.org/A5015445950,first,false
W4394994587-A5021817200,https://openalex.org/W4394994587,https://openalex.org/A5021817200,middle,false
W4394994587-A5040639891,https://openalex.org/W4394994587,https://openalex.org/A5040639891,middle,false
W4394994587-A5043696243,https://openalex.org/W4394994587,https://openalex.org/A5043696243,middle,false
W4394994587-A5047531321,https://openalex.org/W4394994587,https://openalex.org/A5047531321,middle,false
W4394994587-A5061701176,https://openalex.org/W4394994587,https://openalex.org/A5061701176,middle,false
W4394994587-A5100404176,https://openalex.org/W4394994587,https://openalex.org/A5100404176,last,false
W4394994587-A5100455805,https://openalex.org/W4394994587,https://openalex.org/A5100455805,middle,false
W4394994587-A5100645854,https://openalex.org/W4394994587,https://openalex.org/A5100645854,middle,false
W4394994587-A5101642273,https://openalex.org/W4394994587,https://openalex.org/A5101642273,middle,false
W4394994587-A5114910997,https://openalex.org/W4394994587,https://openalex.org/A5114910997,middle,false
W4398201291-A5002204723,https://openalex.org/W4398201291,https://openalex.org/A5002204723,middle,false
W4398201291-A5010756260,https://openalex.org/W4398201291,https://openalex.org/A5010756260,middle,false
W4398201291-A5014662947,https://openalex.org/W4398201291,https://openalex.org/A5014662947,middle,false
W4398201291-A5019494985,https://openalex.org/W4398201291,https://openalex.org/A5019494985,last,true
W4398201291-A5021398250,https://openalex.org/W4398201291,https://openalex.org/A5021398250,middle,false
W4398201291-A5023123863,https://openalex.org/W4398201291,https://openalex.org/A5023123863,middle,false
W4398201291-A5024324107,https://openalex.org/W4398201291,https://openalex.org/A5024324107,first,false
W4398201291-A5025008210,https://openalex.org/W4398201291,https://openalex.org/A5025008210,middle,false
W4398201291-A5034833341,https://openalex.org/W4398201291,https://openalex.org/A5034833341,middle,false
W4398201291-A5036188128,https://openalex.org/W4398201291,https://openalex.org/A5036188128,middle,false
W4398201291-A5048356362,https://openalex.org/W4398201291,https://openalex.org/A5048356362,middle,true
W4398201291-A5062444950,https://openalex.org/W4398201291,https://openalex.org/A5062444950,middle,true
W4398201291-A5073022416,https://openalex.org/W4398201291,https://openalex.org/A5073022416,middle,false
W4398201291-A5074442659,https://openalex.org/W4398201291,https://openalex.org/A5074442659,middle,false
W4398201291-A5082626235,https://openalex.org/W4398201291,https://openalex.org/A5082626235,middle,false
W4398201291-A5086354041,https://openalex.org/W4398201291,https://openalex.org/A5086354041,middle,false
W4398201291-A5087421236,https://openalex.org/W4398201291,https://openalex.org/A5087421236,middle,false
W4398201291-A5091440798,https://openalex.org/W4398201291,https://openalex.org/A5091440798,middle,false
W4398201291-A5098752951,https://openalex.org/W4398201291,https://openalex.org/A5098752951,middle,false
W4398201291-A5100370065,https://openalex.org/W4398201291,https://openalex.org/A5100370065,middle,false
W4398201291-A5100394046,https://openalex.org/W4398201291,https://openalex.org/A5100394046,middle,false
W4398201291-A5100632859,https://openalex.org/W4398201291,https://openalex.org/A5100632859,middle,false
W4398201291-A5107893340,https://openalex.org/W4398201291,https://openalex.org/A5107893340,middle,false
W4398201291-A5110652380,https://openalex.org/W4398201291,https://openalex.org/A5110652380,middle,false
W4399083018-A5098910558,https://openalex.org/W4399083018,https://openalex.org/A5098910558,last,false
W4399083018-A5101381944,https://openalex.org/W4399083018,https://openalex.org/A5101381944,first,false
W4399528455-A5009957887,https://openalex.org/W4399528455,https://openalex.org/A5009957887,middle,false
W4399528455-A5028863551,https://openalex.org/W4399528455,https://openalex.org/A5028863551,middle,false
W4399528455-A5034286014,https://openalex.org/W4399528455,https://openalex.org/A5034286014,middle,false
W4399528455-A5037638116,https://openalex.org/W4399528455,https://openalex.org/A5037638116,first,false
W4399528455-A5038514843,https://openalex.org/W4399528455,https://openalex.org/A5038514843,middle,false
W4399528455-A5059294839,https://openalex.org/W4399528455,https://openalex.org/A5059294839,last,false
W4399528455-A5100718934,https://openalex.org/W4399528455,https://openalex.org/A5100718934,middle,false
W4399528455-A5100767817,https://openalex.org/W4399528455,https://openalex.org/A5100767817,middle,false
W4399528455-A5101424484,https://openalex.org/W4399528455,https://openalex.org/A5101424484,middle,false
W4399567248-A5002141677,https://openalex.org/W4399567248,https://openalex.org/A5002141677,middle,false
W4399567248-A5006520100,https://openalex.org/W4399567248,https://openalex.org/A5006520100,middle,false
W4399567248-A5016374079,https://openalex.org/W4399567248,https://openalex.org/A5016374079,middle,false
W4399567248-A5021626481,https://openalex.org/W4399567248,https://openalex.org/A5021626481,middle,false
W4399567248-A5031275956,https://openalex.org/W4399567248,https://openalex.org/A5031275956,middle,false
W4399567248-A5031556491,https://openalex.org/W4399567248,https://openalex.org/A5031556491,middle,false
W4399567248-A5032079635,https://openalex.org/W4399567248,https://openalex.org/A5032079635,middle,false
W4399567248-A5033150413,https://openalex.org/W4399567248,https://openalex.org/A5033150413,middle,false
W4399567248-A5035905820,https://openalex.org/W4399567248,https://openalex.org/A5035905820,middle,false
W4399567248-A5046842875,https://openalex.org/W4399567248,https://openalex.org/A5046842875,middle,false
W4399567248-A5047915338,https://openalex.org/W4399567248,https://openalex.org/A5047915338,middle,false
W4399567248-A5050925115,https://openalex.org/W4399567248,https://openalex.org/A5050925115,middle,false
W4399567248-A5054665212,https://openalex.org/W4399567248,https://openalex.org/A5054665212,middle,false
W4399567248-A5074001163,https://openalex.org/W4399567248,https://openalex.org/A5074001163,first,false
W4399567248-A5078810229,https://openalex.org/W4399567248,https://openalex.org/A5078810229,middle,false
W4399567248-A5079652585,https://openalex.org/W4399567248,https://openalex.org/A5079652585,middle,false
W4399567248-A5080050834,https://openalex.org/W4399567248,https://openalex.org/A5080050834,last,true
W4399567248-A5100675173,https://openalex.org/W4399567248,https://openalex.org/A5100675173,middle,false
W4399567248-A5101377314,https://openalex.org/W4399567248,https://openalex.org/A5101377314,middle,false
W4399803256-A5029186201,https://openalex.org/W4399803256,https://openalex.org/A5029186201,last,false
W4399803256-A5051690066,https://openalex.org/W4399803256,https://openalex.org/A5051690066,first,true
W4399803256-A5054381323,https://openalex.org/W4399803256,https://openalex.org/A5054381323,middle,false
W4399803256-A5060914941,https://openalex.org/W4399803256,https://openalex.org/A5060914941,middle,false
W4400949264-A5018809423,https://openalex.org/W4400949264,https://openalex.org/A5018809423,middle,false
W4400949264-A5029186201,https://openalex.org/W4400949264,https://openalex.org/A5029186201,last,true
W4400949264-A5046983053,https://openalex.org/W4400949264,https://openalex.org/A5046983053,middle,false
W4400949264-A5069844959,https://openalex.org/W4400949264,https://openalex.org/A5069844959,first,true
W4400949264-A5087214686,https://openalex.org/W4400949264,https://openalex.org/A5087214686,middle,true
W4400949264-A5101093262,https://openalex.org/W4400949264,https://openalex.org/A5101093262,middle,false
W4401726555-A5033588812,https://openalex.org/W4401726555,https://openalex.org/A5033588812,last,false
W4401726555-A5073143385,https://openalex.org/W4401726555,https://openalex.org/A5073143385,first,false
W4401726555-A5101137578,https://openalex.org/W4401726555,https://openalex.org/A5101137578,middle,false
W4401834466-A5040762883,https://openalex.org/W4401834466,https://openalex.org/A5040762883,middle,false
W4401834466-A5048237545,https://openalex.org/W4401834466,https://openalex.org/A5048237545,last,true
W4401834466-A5049015446,https://openalex.org/W4401834466,https://openalex.org/A5049015446,middle,true
W4401834466-A5052639977,https://openalex.org/W4401834466,https://openalex.org/A5052639977,first,false
W4401834466-A5100446071,https://openalex.org/W4401834466,https://openalex.org/A5100446071,middle,true
W4401834466-A5100453144,https://openalex.org/W4401834466,https://openalex.org/A5100453144,middle,false
W4401834466-A5100768322,https://openalex.org/W4401834466,https://openalex.org/A5100768322,middle,true
W4401834466-A5101523508,https://openalex.org/W4401834466,https://openalex.org/A5101523508,middle,false
W4401834466-A5102883290,https://openalex.org/W4401834466,https://openalex.org/A5102883290,middle,false
W4401834466-A5113346577,https://openalex.org/W4401834466,https://openalex.org/A5113346577,middle,false
W4401834466-A5114054929,https://openalex.org/W4401834466,https://openalex.org/A5114054929,middle,false
W4401857375-A5031718186,https://openalex.org/W4401857375,https://openalex.org/A5031718186,middle,false
W4401857375-A5043696243,https://openalex.org/W4401857375,https://openalex.org/A5043696243,first,false
W4401857375-A5064920618,https://openalex.org/W4401857375,https://openalex.org/A5064920618,middle,false
W4401857375-A5089404640,https://openalex.org/W4401857375,https://openalex.org/A5089404640,middle,false
W4401857375-A5091807843,https://openalex.org/W4401857375,https://openalex.org/A5091807843,middle,false
W4401857375-A5100404176,https://openalex.org/W4401857375,https://openalex.org/A5100404176,last,false
W4401857375-A5101771060,https://openalex.org/W4401857375,https://openalex.org/A5101771060,middle,false
W4401857375-A5103147054,https://openalex.org/W4401857375,https://openalex.org/A5103147054,middle,false
W4402128637-A5001848205,https://openalex.org/W4402128637,https://openalex.org/A5001848205,middle,false
W4402128637-A5008962923,https://openalex.org/W4402128637,https://openalex.org/A5008962923,last,false
W4402128637-A5010726815,https://openalex.org/W4402128637,https://openalex.org/A5010726815,middle,false
W4402128637-A5019212451,https://openalex.org/W4402128637,https://openalex.org/A5019212451,middle,false
W4402128637-A5029977269,https://openalex.org/W4402128637,https://openalex.org/A5029977269,first,true
W4402128637-A5032351358,https://openalex.org/W4402128637,https://openalex.org/A5032351358,middle,false
W4402128637-A5037674585,https://openalex.org/W4402128637,https://openalex.org/A5037674585,middle,false
W4402128637-A5054198262,https://openalex.org/W4402128637,https://openalex.org/A5054198262,middle,false
W4402128637-A5091148039,https://openalex.org/W4402128637,https://openalex.org/A5091148039,middle,false
W4402665833-A5000432413,https://openalex.org/W4402665833,https://openalex.org/A5000432413,middle,false
W4402665833-A5008695791,https://openalex.org/W4402665833,https://openalex.org/A5008695791,middle,false
W4402665833-A5023970004,https://openalex.org/W4402665833,https://openalex.org/A5023970004,middle,false
W4402665833-A5065658217,https://openalex.org/W4402665833,https://openalex.org/A5065658217,first,false
W4402665833-A5081036622,https://openalex.org/W4402665833,https://openalex.org/A5081036622,middle,false
W4402665833-A5082913979,https://openalex.org/W4402665833,https://openalex.org/A5082913979,middle,false
W4402665833-A5100320074,https://openalex.org/W4402665833,https://openalex.org/A5100320074,middle,false
W4402665833-A5100400376,https://openalex.org/W4402665833,https://openalex.org/A5100400376,middle,false
W4402665833-A5106407830,https://openalex.org/W4402665833,https://openalex.org/A5106407830,middle,false
W4402665833-A5115695530,https://openalex.org/W4402665833,https://openalex.org/A5115695530,last,false
W4402670856-A5036245980,https://openalex.org/W4402670856,https://openalex.org/A5036245980,first,false
W4402670856-A5044147794,https://openalex.org/W4402670856,https://openalex.org/A5044147794,middle,false
W4402670856-A5074258457,https://openalex.org/W4402670856,https://openalex.org/A5074258457,middle,false
W4402670856-A5085254654,https://openalex.org/W4402670856,https://openalex.org/A5085254654,middle,false
W4402670856-A5100423656,https://openalex.org/W4402670856,https://openalex.org/A5100423656,last,false
W4402713111-A5000474748,https://openalex.org/W4402713111,https://openalex.org/A5000474748,middle,false
W4402713111-A5002478369,https://openalex.org/W4402713111,https://openalex.org/A5002478369,first,false
W4402713111-A5003424548,https://openalex.org/W4402713111,https://openalex.org/A5003424548,middle,false
W4402713111-A5032789289,https://openalex.org/W4402713111,https://openalex.org/A5032789289,middle,false
W4402713111-A5051797244,https://openalex.org/W4402713111,https://openalex.org/A5051797244,last,false
W4402713111-A5061696740,https://openalex.org/W4402713111,https://openalex.org/A5061696740,middle,false
W4402713111-A5067844767,https://openalex.org/W4402713111,https://openalex.org/A5067844767,middle,false
W4402713111-A5077813772,https://openalex.org/W4402713111,https://openalex.org/A5077813772,middle,false
W4402713111-A5100781448,https://openalex.org/W4402713111,https://openalex.org/A5100781448,middle,false
W4402713111-A5101827340,https://openalex.org/W4402713111,https://openalex.org/A5101827340,middle,false
W4402713111-A5108943133,https://openalex.org/W4402713111,https://openalex.org/A5108943133,middle,false
W4402713111-A5112877229,https://openalex.org/W4402713111,https://openalex.org/A5112877229,middle,false
W4402713111-A5113394742,https://openalex.org/W4402713111,https://openalex.org/A5113394742,middle,false
W4403102965-A5021143474,https://openalex.org/W4403102965,https://openalex.org/A5021143474,middle,false
W4403102965-A5076161313,https://openalex.org/W4403102965,https://openalex.org/A5076161313,first,true
W4403102965-A5092228829,https://openalex.org/W4403102965,https://openalex.org/A5092228829,middle,false
W4403102965-A5107692307,https://openalex.org/W4403102965,https://openalex.org/A5107692307,middle,false
W4403102965-A5114239683,https://openalex.org/W4403102965,https://openalex.org/A5114239683,last,false
W4403402994-A5002715190,https://openalex.org/W4403402994,https://openalex.org/A5002715190,middle,false
W4403402994-A5032415622,https://openalex.org/W4403402994,https://openalex.org/A5032415622,middle,false
W4403402994-A5038813690,https://openalex.org/W4403402994,https://openalex.org/A5038813690,first,true
W4403402994-A5069328902,https://openalex.org/W4403402994,https://openalex.org/A5069328902,last,true
W4403402994-A5078148173,https://openalex.org/W4403402994,https://openalex.org/A5078148173,middle,false
W4403402994-A5084611574,https://openalex.org/W4403402994,https://openalex.org/A5084611574,middle,false
W4403402994-A5087560188,https://openalex.org/W4403402994,https://openalex.org/A5087560188,middle,false
W4403402994-A5089391738,https://openalex.org/W4403402994,https://openalex.org/A5089391738,middle,false
W4403402994-A5089476139,https://openalex.org/W4403402994,https://openalex.org/A5089476139,middle,false
W4403402994-A5091125431,https://openalex.org/W4403402994,https://openalex.org/A5091125431,middle,false
W4403402994-A5100603679,https://openalex.org/W4403402994,https://openalex.org/A5100603679,middle,false
W4403402994-A5114267479,https://openalex.org/W4403402994,https://openalex.org/A5114267479,middle,false
W4403402994-A5114267480,https://openalex.org/W4403402994,https://openalex.org/A5114267480,middle,false
W4404046121-A5009504223,https://openalex.org/W4404046121,https://openalex.org/A5009504223,middle,false
W4404046121-A5021806010,https://openalex.org/W4404046121,https://openalex.org/A5021806010,middle,false
W4404046121-A5029691314,https://openalex.org/W4404046121,https://openalex.org/A5029691314,middle,false
W4404046121-A5035838235,https://openalex.org/W4404046121,https://openalex.org/A5035838235,middle,false
W4404046121-A5037446204,https://openalex.org/W4404046121,https://openalex.org/A5037446204,middle,false
W4404046121-A5038723062,https://openalex.org/W4404046121,https://openalex.org/A5038723062,middle,false
W4404046121-A5044603792,https://openalex.org/W4404046121,https://openalex.org/A5044603792,last,true
W4404046121-A5055658645,https://openalex.org/W4404046121,https://openalex.org/A5055658645,first,true
W4404046121-A5075129836,https://openalex.org/W4404046121,https://openalex.org/A5075129836,middle,false
W4404046121-A5080017460,https://openalex.org/W4404046121,https://openalex.org/A5080017460,middle,false
W4404046121-A5113593955,https://openalex.org/W4404046121,https://openalex.org/A5113593955,middle,false
W4404356490-A5014172220,https://openalex.org/W4404356490,https://openalex.org/A5014172220,middle,true
W4404356490-A5025292786,https://openalex.org/W4404356490,https://openalex.org/A5025292786,middle,false
W4404356490-A5048237545,https://openalex.org/W4404356490,https://openalex.org/A5048237545,last,true
W4404356490-A5073775343,https://openalex.org/W4404356490,https://openalex.org/A5073775343,first,false
W4404356490-A5090369859,https://openalex.org/W4404356490,https://openalex.org/A5090369859,middle,true
W4404356490-A5100388508,https://openalex.org/W4404356490,https://openalex.org/A5100388508,middle,false
W4404356490-A5100655785,https://openalex.org/W4404356490,https://openalex.org/A5100655785,middle,false
W4404534210-A5007059246,https://openalex.org/W4404534210,https://openalex.org/A5007059246,middle,false
W4404534210-A5017671620,https://openalex.org/W4404534210,https://openalex.org/A5017671620,middle,false
W4404534210-A5055989750,https://openalex.org/W4404534210,https://openalex.org/A5055989750,middle,false
W4404534210-A5063233389,https://openalex.org/W4404534210,https://openalex.org/A5063233389,middle,false
W4404534210-A5073213620,https://openalex.org/W4404534210,https://openalex.org/A5073213620,middle,false
W4404534210-A5086038509,https://openalex.org/W4404534210,https://openalex.org/A5086038509,middle,false
W4404534210-A5100418171,https://openalex.org/W4404534210,https://openalex.org/A5100418171,last,false
W4404534210-A5111073904,https://openalex.org/W4404534210,https://openalex.org/A5111073904,middle,false
W4404534210-A5114889392,https://openalex.org/W4404534210,https://openalex.org/A5114889392,middle,false
W4404782964-A5020456783,https://openalex.org/W4404782964,https://openalex.org/A5020456783,middle,false
W4404782964-A5021459300,https://openalex.org/W4404782964,https://openalex.org/A5021459300,middle,false
W4404782964-A5100440241,https://openalex.org/W4404782964,https://openalex.org/A5100440241,middle,false
W4404782964-A5100448333,https://openalex.org/W4404782964,https://openalex.org/A5100448333,middle,false
W4404782964-A5100667025,https://openalex.org/W4404782964,https://openalex.org/A5100667025,middle,false
W4404782964-A5100735418,https://openalex.org/W4404782964,https://openalex.org/A5100735418,middle,false
W4404782964-A5101582577,https://openalex.org/W4404782964,https://openalex.org/A5101582577,middle,false
W4404782964-A5103220384,https://openalex.org/W4404782964,https://openalex.org/A5103220384,middle,false
W4404782964-A5110285832,https://openalex.org/W4404782964,https://openalex.org/A5110285832,last,false
W4404782964-A5111863979,https://openalex.org/W4404782964,https://openalex.org/A5111863979,middle,false
W4404782964-A5113750837,https://openalex.org/W4404782964,https://openalex.org/A5113750837,first,false
W4405211386-A5006305255,https://openalex.org/W4405211386,https://openalex.org/A5006305255,first,true
W4405211386-A5036855560,https://openalex.org/W4405211386,https://openalex.org/A5036855560,last,false
W4405211386-A5046537776,https://openalex.org/W4405211386,https://openalex.org/A5046537776,middle,false
W4405211386-A5100406123,https://openalex.org/W4405211386,https://openalex.org/A5100406123,middle,false
W4405211386-A5100780322,https://openalex.org/W4405211386,https://openalex.org/A5100780322,middle,false
W4405211386-A5101404414,https://openalex.org/W4405211386,https://openalex.org/A5101404414,middle,false
W4405211386-A5113287451,https://openalex.org/W4405211386,https://openalex.org/A5113287451,middle,false
W4405211386-A5114190756,https://openalex.org/W4405211386,https://openalex.org/A5114190756,middle,false
W4405318562-A5060896267,https://openalex.org/W4405318562,https://openalex.org/A5060896267,last,false
W4405318562-A5091186274,https://openalex.org/W4405318562,https://openalex.org/A5091186274,first,false
W4405318562-A5100991397,https://openalex.org/W4405318562,https://openalex.org/A5100991397,middle,false
W4406152279-A5003509342,https://openalex.org/W4406152279,https://openalex.org/A5003509342,middle,true
W4406152279-A5010171106,https://openalex.org/W4406152279,https://openalex.org/A5010171106,middle,false
W4406152279-A5014724876,https://openalex.org/W4406152279,https://openalex.org/A5014724876,middle,false
W4406152279-A5020446219,https://openalex.org/W4406152279,https://openalex.org/A5020446219,middle,false
W4406152279-A5021812637,https://openalex.org/W4406152279,https://openalex.org/A5021812637,middle,false
W4406152279-A5025626087,https://openalex.org/W4406152279,https://openalex.org/A5025626087,middle,false
W4406152279-A5027230259,https://openalex.org/W4406152279,https://openalex.org/A5027230259,middle,false
W4406152279-A5028001282,https://openalex.org/W4406152279,https://openalex.org/A5028001282,middle,false
W4406152279-A5028178741,https://openalex.org/W4406152279,https://openalex.org/A5028178741,middle,false
W4406152279-A5031489667,https://openalex.org/W4406152279,https://openalex.org/A5031489667,middle,false
W4406152279-A5034500430,https://openalex.org/W4406152279,https://openalex.org/A5034500430,middle,false
W4406152279-A5041175834,https://openalex.org/W4406152279,https://openalex.org/A5041175834,middle,false
W4406152279-A5043862316,https://openalex.org/W4406152279,https://openalex.org/A5043862316,middle,false
W4406152279-A5044698998,https://openalex.org/W4406152279,https://openalex.org/A5044698998,middle,false
W4406152279-A5046725885,https://openalex.org/W4406152279,https://openalex.org/A5046725885,middle,false
W4406152279-A5047463591,https://openalex.org/W4406152279,https://openalex.org/A5047463591,middle,true
W4406152279-A5057195145,https://openalex.org/W4406152279,https://openalex.org/A5057195145,middle,false
W4406152279-A5057932939,https://openalex.org/W4406152279,https://openalex.org/A5057932939,middle,false
W4406152279-A5058399428,https://openalex.org/W4406152279,https://openalex.org/A5058399428,middle,false
W4406152279-A5060000122,https://openalex.org/W4406152279,https://openalex.org/A5060000122,middle,false
W4406152279-A5060982337,https://openalex.org/W4406152279,https://openalex.org/A5060982337,middle,false
W4406152279-A5063201022,https://openalex.org/W4406152279,https://openalex.org/A5063201022,middle,false
W4406152279-A5065128060,https://openalex.org/W4406152279,https://openalex.org/A5065128060,middle,false
W4406152279-A5068955381,https://openalex.org/W4406152279,https://openalex.org/A5068955381,middle,false
W4406152279-A5069557194,https://openalex.org/W4406152279,https://openalex.org/A5069557194,middle,false
W4406152279-A5072545690,https://openalex.org/W4406152279,https://openalex.org/A5072545690,middle,false
W4406152279-A5076826749,https://openalex.org/W4406152279,https://openalex.org/A5076826749,middle,false
W4406152279-A5078784976,https://openalex.org/W4406152279,https://openalex.org/A5078784976,middle,false
W4406152279-A5091970724,https://openalex.org/W4406152279,https://openalex.org/A5091970724,middle,false
W4406152279-A5101315776,https://openalex.org/W4406152279,https://openalex.org/A5101315776,middle,false
W4406152279-A5101522898,https://openalex.org/W4406152279,https://openalex.org/A5101522898,middle,false
W4406152279-A5102999001,https://openalex.org/W4406152279,https://openalex.org/A5102999001,middle,false
W4406152279-A5103234563,https://openalex.org/W4406152279,https://openalex.org/A5103234563,last,true
W4406170795-A5016560150,https://openalex.org/W4406170795,https://openalex.org/A5016560150,middle,false
W4406170795-A5018131113,https://openalex.org/W4406170795,https://openalex.org/A5018131113,middle,false
W4406170795-A5031002895,https://openalex.org/W4406170795,https://openalex.org/A5031002895,last,true
W4406170795-A5081550394,https://openalex.org/W4406170795,https://openalex.org/A5081550394,first,true
W4406170795-A5115792630,https://openalex.org/W4406170795,https://openalex.org/A5115792630,middle,false
W4406170795-A5115810004,https://openalex.org/W4406170795,https://openalex.org/A5115810004,middle,false
W4406170795-A5115810005,https://openalex.org/W4406170795,https://openalex.org/A5115810005,middle,false
W4406633314-A5047561254,https://openalex.org/W4406633314,https://openalex.org/A5047561254,middle,false
W4406633314-A5064188865,https://openalex.org/W4406633314,https://openalex.org/A5064188865,middle,false
W4406633314-A5069425796,https://openalex.org/W4406633314,https://openalex.org/A5069425796,last,true
W4406633314-A5074665620,https://openalex.org/W4406633314,https://openalex.org/A5074665620,middle,false
W4406633314-A5100357049,https://openalex.org/W4406633314,https://openalex.org/A5100357049,middle,false
W4406633314-A5100365595,https://openalex.org/W4406633314,https://openalex.org/A5100365595,middle,false
W4406633314-A5100432232,https://openalex.org/W4406633314,https://openalex.org/A5100432232,first,true
W4406633314-A5100628725,https://openalex.org/W4406633314,https://openalex.org/A5100628725,middle,false
W4406779522-A5003566311,https://openalex.org/W4406779522,https://openalex.org/A5003566311,middle,false
W4406779522-A5006532556,https://openalex.org/W4406779522,https://openalex.org/A5006532556,middle,false
W4406779522-A5008187090,https://openalex.org/W4406779522,https://openalex.org/A5008187090,middle,false
W4406779522-A5009091910,https://openalex.org/W4406779522,https://openalex.org/A5009091910,middle,false
W4406779522-A5010956082,https://openalex.org/W4406779522,https://openalex.org/A5010956082,middle,false
W4406779522-A5011674202,https://openalex.org/W4406779522,https://openalex.org/A5011674202,middle,false
W4406779522-A5015078816,https://openalex.org/W4406779522,https://openalex.org/A5015078816,middle,false
W4406779522-A5016017027,https://openalex.org/W4406779522,https://openalex.org/A5016017027,middle,false
W4406779522-A5016073978,https://openalex.org/W4406779522,https://openalex.org/A5016073978,middle,false
W4406779522-A5016665033,https://openalex.org/W4406779522,https://openalex.org/A5016665033,middle,false
W4406779522-A5018225836,https://openalex.org/W4406779522,https://openalex.org/A5018225836,middle,false
W4406779522-A5019579257,https://openalex.org/W4406779522,https://openalex.org/A5019579257,middle,false
W4406779522-A5020456783,https://openalex.org/W4406779522,https://openalex.org/A5020456783,middle,false
W4406779522-A5022036537,https://openalex.org/W4406779522,https://openalex.org/A5022036537,middle,false
W4406779522-A5023594937,https://openalex.org/W4406779522,https://openalex.org/A5023594937,middle,false
W4406779522-A5024300524,https://openalex.org/W4406779522,https://openalex.org/A5024300524,middle,false
W4406779522-A5026325208,https://openalex.org/W4406779522,https://openalex.org/A5026325208,middle,false
W4406779522-A5029083198,https://openalex.org/W4406779522,https://openalex.org/A5029083198,middle,false
W4406779522-A5029699414,https://openalex.org/W4406779522,https://openalex.org/A5029699414,middle,false
W4406779522-A5030693568,https://openalex.org/W4406779522,https://openalex.org/A5030693568,middle,false
W4406779522-A5034335736,https://openalex.org/W4406779522,https://openalex.org/A5034335736,middle,false
W4406779522-A5034611488,https://openalex.org/W4406779522,https://openalex.org/A5034611488,middle,false
W4406779522-A5035849215,https://openalex.org/W4406779522,https://openalex.org/A5035849215,middle,false
W4406779522-A5036645286,https://openalex.org/W4406779522,https://openalex.org/A5036645286,middle,false
W4406779522-A5043755032,https://openalex.org/W4406779522,https://openalex.org/A5043755032,middle,false
W4406779522-A5046105992,https://openalex.org/W4406779522,https://openalex.org/A5046105992,middle,false
W4406779522-A5048566877,https://openalex.org/W4406779522,https://openalex.org/A5048566877,middle,false
W4406779522-A5048832336,https://openalex.org/W4406779522,https://openalex.org/A5048832336,middle,false
W4406779522-A5056287596,https://openalex.org/W4406779522,https://openalex.org/A5056287596,middle,false
W4406779522-A5057030499,https://openalex.org/W4406779522,https://openalex.org/A5057030499,middle,false
W4406779522-A5063711526,https://openalex.org/W4406779522,https://openalex.org/A5063711526,middle,false
W4406779522-A5066575939,https://openalex.org/W4406779522,https://openalex.org/A5066575939,middle,false
W4406779522-A5068839714,https://openalex.org/W4406779522,https://openalex.org/A5068839714,middle,false
W4406779522-A5072132225,https://openalex.org/W4406779522,https://openalex.org/A5072132225,middle,false
W4406779522-A5075068668,https://openalex.org/W4406779522,https://openalex.org/A5075068668,middle,false
W4406779522-A5075888304,https://openalex.org/W4406779522,https://openalex.org/A5075888304,middle,false
W4406779522-A5076280995,https://openalex.org/W4406779522,https://openalex.org/A5076280995,middle,false
W4406779522-A5077569089,https://openalex.org/W4406779522,https://openalex.org/A5077569089,middle,false
W4406779522-A5079470006,https://openalex.org/W4406779522,https://openalex.org/A5079470006,middle,false
W4406779522-A5082206666,https://openalex.org/W4406779522,https://openalex.org/A5082206666,middle,false
W4406779522-A5082534819,https://openalex.org/W4406779522,https://openalex.org/A5082534819,middle,false
W4406779522-A5084839131,https://openalex.org/W4406779522,https://openalex.org/A5084839131,middle,false
W4406779522-A5085346370,https://openalex.org/W4406779522,https://openalex.org/A5085346370,middle,false
W4406779522-A5085396184,https://openalex.org/W4406779522,https://openalex.org/A5085396184,middle,false
W4406779522-A5087014857,https://openalex.org/W4406779522,https://openalex.org/A5087014857,middle,false
W4406779522-A5087022211,https://openalex.org/W4406779522,https://openalex.org/A5087022211,middle,false
W4406779522-A5088862043,https://openalex.org/W4406779522,https://openalex.org/A5088862043,middle,false
W4406779522-A5090328003,https://openalex.org/W4406779522,https://openalex.org/A5090328003,middle,false
W4406779522-A5094077400,https://openalex.org/W4406779522,https://openalex.org/A5094077400,middle,false
W4406779522-A5100330900,https://openalex.org/W4406779522,https://openalex.org/A5100330900,middle,false
W4406779522-A5100338772,https://openalex.org/W4406779522,https://openalex.org/A5100338772,middle,false
W4406779522-A5100364041,https://openalex.org/W4406779522,https://openalex.org/A5100364041,middle,false
W4406779522-A5100377485,https://openalex.org/W4406779522,https://openalex.org/A5100377485,middle,false
W4406779522-A5100394926,https://openalex.org/W4406779522,https://openalex.org/A5100394926,middle,false
W4406779522-A5100437634,https://openalex.org/W4406779522,https://openalex.org/A5100437634,middle,false
W4406779522-A5100457416,https://openalex.org/W4406779522,https://openalex.org/A5100457416,middle,false
W4406779522-A5100608388,https://openalex.org/W4406779522,https://openalex.org/A5100608388,middle,false
W4406779522-A5100773163,https://openalex.org/W4406779522,https://openalex.org/A5100773163,middle,false
W4406779522-A5100781026,https://openalex.org/W4406779522,https://openalex.org/A5100781026,middle,false
W4406779522-A5100861568,https://openalex.org/W4406779522,https://openalex.org/A5100861568,middle,false
W4406779522-A5100915390,https://openalex.org/W4406779522,https://openalex.org/A5100915390,middle,false
W4406779522-A5101289776,https://openalex.org/W4406779522,https://openalex.org/A5101289776,middle,false
W4406779522-A5102602497,https://openalex.org/W4406779522,https://openalex.org/A5102602497,middle,false
W4406779522-A5103002075,https://openalex.org/W4406779522,https://openalex.org/A5103002075,middle,false
W4406779522-A5103063573,https://openalex.org/W4406779522,https://openalex.org/A5103063573,middle,false
W4406779522-A5103100933,https://openalex.org/W4406779522,https://openalex.org/A5103100933,middle,false
W4406779522-A5103178710,https://openalex.org/W4406779522,https://openalex.org/A5103178710,middle,false
W4406779522-A5103211182,https://openalex.org/W4406779522,https://openalex.org/A5103211182,middle,false
W4406779522-A5103549458,https://openalex.org/W4406779522,https://openalex.org/A5103549458,middle,false
W4406779522-A5104127081,https://openalex.org/W4406779522,https://openalex.org/A5104127081,middle,false
W4406779522-A5106671151,https://openalex.org/W4406779522,https://openalex.org/A5106671151,middle,false
W4406779522-A5107939686,https://openalex.org/W4406779522,https://openalex.org/A5107939686,middle,false
W4406779522-A5109083484,https://openalex.org/W4406779522,https://openalex.org/A5109083484,middle,false
W4406779522-A5109478033,https://openalex.org/W4406779522,https://openalex.org/A5109478033,middle,false
W4406779522-A5109672590,https://openalex.org/W4406779522,https://openalex.org/A5109672590,middle,false
W4406779522-A5111038333,https://openalex.org/W4406779522,https://openalex.org/A5111038333,middle,false
W4406779522-A5112374713,https://openalex.org/W4406779522,https://openalex.org/A5112374713,middle,false
W4406779522-A5113091614,https://openalex.org/W4406779522,https://openalex.org/A5113091614,middle,false
W4406779522-A5113417549,https://openalex.org/W4406779522,https://openalex.org/A5113417549,middle,false
W4406779522-A5113628365,https://openalex.org/W4406779522,https://openalex.org/A5113628365,middle,false
W4406779522-A5113747152,https://openalex.org/W4406779522,https://openalex.org/A5113747152,middle,false
W4406779522-A5115605110,https://openalex.org/W4406779522,https://openalex.org/A5115605110,middle,false
W4406800520-A5013258788,https://openalex.org/W4406800520,https://openalex.org/A5013258788,middle,false
W4406800520-A5036875405,https://openalex.org/W4406800520,https://openalex.org/A5036875405,first,false
W4406800520-A5041006174,https://openalex.org/W4406800520,https://openalex.org/A5041006174,middle,false
W4406800520-A5043656661,https://openalex.org/W4406800520,https://openalex.org/A5043656661,middle,false
W4406800520-A5044665993,https://openalex.org/W4406800520,https://openalex.org/A5044665993,middle,false
W4406800520-A5058353652,https://openalex.org/W4406800520,https://openalex.org/A5058353652,last,true
W4406800520-A5060618975,https://openalex.org/W4406800520,https://openalex.org/A5060618975,middle,false
W4406800520-A5067758524,https://openalex.org/W4406800520,https://openalex.org/A5067758524,middle,false
W4406800520-A5081667345,https://openalex.org/W4406800520,https://openalex.org/A5081667345,middle,false
W4406800520-A5083173421,https://openalex.org/W4406800520,https://openalex.org/A5083173421,middle,false
W4406800520-A5083955516,https://openalex.org/W4406800520,https://openalex.org/A5083955516,middle,false
W4406800520-A5087033501,https://openalex.org/W4406800520,https://openalex.org/A5087033501,middle,false
W4406800520-A5088834359,https://openalex.org/W4406800520,https://openalex.org/A5088834359,middle,false
W4406800520-A5100341808,https://openalex.org/W4406800520,https://openalex.org/A5100341808,middle,false
W4406800520-A5100360436,https://openalex.org/W4406800520,https://openalex.org/A5100360436,middle,true
W4406800520-A5100411426,https://openalex.org/W4406800520,https://openalex.org/A5100411426,middle,false
W4406800520-A5100447280,https://openalex.org/W4406800520,https://openalex.org/A5100447280,middle,false
W4406800520-A5100687441,https://openalex.org/W4406800520,https://openalex.org/A5100687441,middle,false
W4406800520-A5101432591,https://openalex.org/W4406800520,https://openalex.org/A5101432591,middle,false
W4406800520-A5101588749,https://openalex.org/W4406800520,https://openalex.org/A5101588749,middle,false
W4406800520-A5101729628,https://openalex.org/W4406800520,https://openalex.org/A5101729628,middle,false
W4406800520-A5101809968,https://openalex.org/W4406800520,https://openalex.org/A5101809968,middle,false
W4406800520-A5108893565,https://openalex.org/W4406800520,https://openalex.org/A5108893565,middle,false
W4406800520-A5108961327,https://openalex.org/W4406800520,https://openalex.org/A5108961327,middle,false
W4406800520-A5109730221,https://openalex.org/W4406800520,https://openalex.org/A5109730221,middle,false
W4406800520-A5114723683,https://openalex.org/W4406800520,https://openalex.org/A5114723683,middle,false
W4409885395-A5016826392,https://openalex.org/W4409885395,https://openalex.org/A5016826392,middle,false
W4409885395-A5025427198,https://openalex.org/W4409885395,https://openalex.org/A5025427198,middle,false
W4409885395-A5038706435,https://openalex.org/W4409885395,https://openalex.org/A5038706435,middle,false
W4409885395-A5061320164,https://openalex.org/W4409885395,https://openalex.org/A5061320164,middle,false
W4409885395-A5062891440,https://openalex.org/W4409885395,https://openalex.org/A5062891440,first,false
W4409885395-A5108601104,https://openalex.org/W4409885395,https://openalex.org/A5108601104,middle,false
W4409885395-A5110117745,https://openalex.org/W4409885395,https://openalex.org/A5110117745,last,false
W4411403346-A5003364006,https://openalex.org/W4411403346,https://openalex.org/A5003364006,middle,false
W4411403346-A5069697936,https://openalex.org/W4411403346,https://openalex.org/A5069697936,middle,false
W4411403346-A5072548276,https://openalex.org/W4411403346,https://openalex.org/A5072548276,first,false
W4411403346-A5072837153,https://openalex.org/W4411403346,https://openalex.org/A5072837153,middle,false
W4411403346-A5084633048,https://openalex.org/W4411403346,https://openalex.org/A5084633048,middle,false
W4411403346-A5089986388,https://openalex.org/W4411403346,https://openalex.org/A5089986388,last,false
W4411403346-A5100412513,https://openalex.org/W4411403346,https://openalex.org/A5100412513,middle,false
W4411403346-A5100736298,https://openalex.org/W4411403346,https://openalex.org/A5100736298,middle,false
W4411403346-A5102912673,https://openalex.org/W4411403346,https://openalex.org/A5102912673,middle,false
W4411630045-A5002661723,https://openalex.org/W4411630045,https://openalex.org/A5002661723,middle,false
W4411630045-A5022920014,https://openalex.org/W4411630045,https://openalex.org/A5022920014,middle,false
W4411630045-A5052196540,https://openalex.org/W4411630045,https://openalex.org/A5052196540,last,false
W4411630045-A5111047576,https://openalex.org/W4411630045,https://openalex.org/A5111047576,first,false
W4414281281-A5003566311,https://openalex.org/W4414281281,https://openalex.org/A5003566311,middle,false
W4414281281-A5006532556,https://openalex.org/W4414281281,https://openalex.org/A5006532556,middle,false
W4414281281-A5008187090,https://openalex.org/W4414281281,https://openalex.org/A5008187090,middle,false
W4414281281-A5010956082,https://openalex.org/W4414281281,https://openalex.org/A5010956082,middle,false
W4414281281-A5015078816,https://openalex.org/W4414281281,https://openalex.org/A5015078816,middle,false
W4414281281-A5016017027,https://openalex.org/W4414281281,https://openalex.org/A5016017027,middle,false
W4414281281-A5016073978,https://openalex.org/W4414281281,https://openalex.org/A5016073978,middle,false
W4414281281-A5016284649,https://openalex.org/W4414281281,https://openalex.org/A5016284649,middle,false
W4414281281-A5016665033,https://openalex.org/W4414281281,https://openalex.org/A5016665033,middle,false
W4414281281-A5018225836,https://openalex.org/W4414281281,https://openalex.org/A5018225836,middle,false
W4414281281-A5019579257,https://openalex.org/W4414281281,https://openalex.org/A5019579257,middle,false
W4414281281-A5020456783,https://openalex.org/W4414281281,https://openalex.org/A5020456783,middle,false
W4414281281-A5023594937,https://openalex.org/W4414281281,https://openalex.org/A5023594937,middle,false
W4414281281-A5024300524,https://openalex.org/W4414281281,https://openalex.org/A5024300524,middle,false
W4414281281-A5026325208,https://openalex.org/W4414281281,https://openalex.org/A5026325208,middle,false
W4414281281-A5029083198,https://openalex.org/W4414281281,https://openalex.org/A5029083198,middle,false
W4414281281-A5029699414,https://openalex.org/W4414281281,https://openalex.org/A5029699414,middle,false
W4414281281-A5030693568,https://openalex.org/W4414281281,https://openalex.org/A5030693568,middle,false
W4414281281-A5032538237,https://openalex.org/W4414281281,https://openalex.org/A5032538237,middle,false
W4414281281-A5034611488,https://openalex.org/W4414281281,https://openalex.org/A5034611488,middle,false
W4414281281-A5035849215,https://openalex.org/W4414281281,https://openalex.org/A5035849215,middle,false
W4414281281-A5036645286,https://openalex.org/W4414281281,https://openalex.org/A5036645286,middle,false
W4414281281-A5043755032,https://openalex.org/W4414281281,https://openalex.org/A5043755032,middle,false
W4414281281-A5046105992,https://openalex.org/W4414281281,https://openalex.org/A5046105992,middle,false
W4414281281-A5048566877,https://openalex.org/W4414281281,https://openalex.org/A5048566877,middle,false
W4414281281-A5048832336,https://openalex.org/W4414281281,https://openalex.org/A5048832336,middle,false
W4414281281-A5056287596,https://openalex.org/W4414281281,https://openalex.org/A5056287596,middle,false
W4414281281-A5057030499,https://openalex.org/W4414281281,https://openalex.org/A5057030499,middle,false
W4414281281-A5060364305,https://openalex.org/W4414281281,https://openalex.org/A5060364305,first,false
W4414281281-A5063711526,https://openalex.org/W4414281281,https://openalex.org/A5063711526,middle,false
W4414281281-A5066575939,https://openalex.org/W4414281281,https://openalex.org/A5066575939,middle,false
W4414281281-A5068839714,https://openalex.org/W4414281281,https://openalex.org/A5068839714,middle,false
W4414281281-A5072132225,https://openalex.org/W4414281281,https://openalex.org/A5072132225,middle,false
W4414281281-A5075068668,https://openalex.org/W4414281281,https://openalex.org/A5075068668,middle,false
W4414281281-A5076280995,https://openalex.org/W4414281281,https://openalex.org/A5076280995,middle,false
W4414281281-A5077569089,https://openalex.org/W4414281281,https://openalex.org/A5077569089,middle,false
W4414281281-A5079470006,https://openalex.org/W4414281281,https://openalex.org/A5079470006,middle,false
W4414281281-A5082206666,https://openalex.org/W4414281281,https://openalex.org/A5082206666,middle,false
W4414281281-A5082534819,https://openalex.org/W4414281281,https://openalex.org/A5082534819,middle,false
W4414281281-A5084839131,https://openalex.org/W4414281281,https://openalex.org/A5084839131,middle,false
W4414281281-A5085346370,https://openalex.org/W4414281281,https://openalex.org/A5085346370,middle,false
W4414281281-A5085396184,https://openalex.org/W4414281281,https://openalex.org/A5085396184,middle,false
W4414281281-A5087014857,https://openalex.org/W4414281281,https://openalex.org/A5087014857,middle,false
W4414281281-A5087022211,https://openalex.org/W4414281281,https://openalex.org/A5087022211,middle,false
W4414281281-A5088862043,https://openalex.org/W4414281281,https://openalex.org/A5088862043,middle,false
W4414281281-A5090328003,https://openalex.org/W4414281281,https://openalex.org/A5090328003,middle,false
W4414281281-A5094077400,https://openalex.org/W4414281281,https://openalex.org/A5094077400,middle,false
W4414281281-A5100338772,https://openalex.org/W4414281281,https://openalex.org/A5100338772,middle,false
W4414281281-A5100364041,https://openalex.org/W4414281281,https://openalex.org/A5100364041,middle,false
W4414281281-A5100394926,https://openalex.org/W4414281281,https://openalex.org/A5100394926,middle,false
W4414281281-A5100437634,https://openalex.org/W4414281281,https://openalex.org/A5100437634,middle,false
W4414281281-A5100457416,https://openalex.org/W4414281281,https://openalex.org/A5100457416,middle,false
W4414281281-A5100608388,https://openalex.org/W4414281281,https://openalex.org/A5100608388,middle,false
W4414281281-A5100615599,https://openalex.org/W4414281281,https://openalex.org/A5100615599,middle,false
W4414281281-A5100757067,https://openalex.org/W4414281281,https://openalex.org/A5100757067,middle,false
W4414281281-A5100773163,https://openalex.org/W4414281281,https://openalex.org/A5100773163,middle,false
W4414281281-A5100781026,https://openalex.org/W4414281281,https://openalex.org/A5100781026,middle,false
W4414281281-A5100915390,https://openalex.org/W4414281281,https://openalex.org/A5100915390,middle,false
W4414281281-A5101289776,https://openalex.org/W4414281281,https://openalex.org/A5101289776,middle,false
W4414281281-A5101800668,https://openalex.org/W4414281281,https://openalex.org/A5101800668,middle,false
W4414281281-A5102602497,https://openalex.org/W4414281281,https://openalex.org/A5102602497,middle,false
W4414281281-A5103063573,https://openalex.org/W4414281281,https://openalex.org/A5103063573,middle,false
W4414281281-A5103100933,https://openalex.org/W4414281281,https://openalex.org/A5103100933,middle,false
W4414281281-A5103178710,https://openalex.org/W4414281281,https://openalex.org/A5103178710,middle,false
W4414281281-A5103211182,https://openalex.org/W4414281281,https://openalex.org/A5103211182,middle,false
W4414281281-A5103211502,https://openalex.org/W4414281281,https://openalex.org/A5103211502,middle,false
W4414281281-A5103549458,https://openalex.org/W4414281281,https://openalex.org/A5103549458,middle,false
W4414281281-A5104127081,https://openalex.org/W4414281281,https://openalex.org/A5104127081,middle,false
W4414281281-A5106671151,https://openalex.org/W4414281281,https://openalex.org/A5106671151,middle,false
W4414281281-A5107939686,https://openalex.org/W4414281281,https://openalex.org/A5107939686,middle,false
W4414281281-A5109083484,https://openalex.org/W4414281281,https://openalex.org/A5109083484,middle,false
W4414281281-A5109478033,https://openalex.org/W4414281281,https://openalex.org/A5109478033,middle,false
W4414281281-A5109672590,https://openalex.org/W4414281281,https://openalex.org/A5109672590,middle,false
W4414281281-A5112374713,https://openalex.org/W4414281281,https://openalex.org/A5112374713,middle,false
W4414281281-A5113091614,https://openalex.org/W4414281281,https://openalex.org/A5113091614,middle,false
W4414281281-A5113628365,https://openalex.org/W4414281281,https://openalex.org/A5113628365,middle,false
W4414281281-A5113747152,https://openalex.org/W4414281281,https://openalex.org/A5113747152,middle,false
W4414281281-A5115605110,https://openalex.org/W4414281281,https://openalex.org/A5115605110,middle,false
W4414281281-A5117779795,https://openalex.org/W4414281281,https://openalex.org/A5117779795,middle,false
W7133211372-A5004295653,https://openalex.org/W7133211372,https://openalex.org/A5004295653,last,false
W7133211372-A5009037058,https://openalex.org/W7133211372,https://openalex.org/A5009037058,middle,false
W7133211372-A5010674841,https://openalex.org/W7133211372,https://openalex.org/A5010674841,middle,false
W7133211372-A5011207305,https://openalex.org/W7133211372,https://openalex.org/A5011207305,middle,false
W7133211372-A5011719782,https://openalex.org/W7133211372,https://openalex.org/A5011719782,middle,false
W7133211372-A5022076965,https://openalex.org/W7133211372,https://openalex.org/A5022076965,middle,false
W7133211372-A5022205442,https://openalex.org/W7133211372,https://openalex.org/A5022205442,middle,false
W7133211372-A5028772381,https://openalex.org/W7133211372,https://openalex.org/A5028772381,middle,false
W7133211372-A5030305998,https://openalex.org/W7133211372,https://openalex.org/A5030305998,middle,false
W7133211372-A5031013142,https://openalex.org/W7133211372,https://openalex.org/A5031013142,middle,false
W7133211372-A5037736834,https://openalex.org/W7133211372,https://openalex.org/A5037736834,middle,false
W7133211372-A5057289323,https://openalex.org/W7133211372,https://openalex.org/A5057289323,middle,false
W7133211372-A5068949174,https://openalex.org/W7133211372,https://openalex.org/A5068949174,first,false
W7133211372-A5090592321,https://openalex.org/W7133211372,https://openalex.org/A5090592321,middle,false
W7133211372-A5127806464,https://openalex.org/W7133211372,https://openalex.org/A5127806464,middle,false
W7133211372-A5127830032,https://openalex.org/W7133211372,https://openalex.org/A5127830032,middle,false
W7133211372-A5127859290,https://openalex.org/W7133211372,https://openalex.org/A5127859290,middle,false
W7133211372-A5146717563,https://openalex.org/W7133211372,https://openalex.org/A5146717563,middle,false
W7133211372-A5150400279,https://openalex.org/W7133211372,https://openalex.org/A5150400279,middle,false
W7133211372-A5153264783,https://openalex.org/W7133211372,https://openalex.org/A5153264783,middle,false
W7133224126-A5010575626,https://openalex.org/W7133224126,https://openalex.org/A5010575626,middle,false
W7133224126-A5018507768,https://openalex.org/W7133224126,https://openalex.org/A5018507768,middle,false
W7133224126-A5061512999,https://openalex.org/W7133224126,https://openalex.org/A5061512999,last,false
W7133224126-A5074322007,https://openalex.org/W7133224126,https://openalex.org/A5074322007,middle,false
W7133224126-A5078446912,https://openalex.org/W7133224126,https://openalex.org/A5078446912,first,false
W7133224126-A5126282416,https://openalex.org/W7133224126,https://openalex.org/A5126282416,middle,false
W7133224126-A5127820429,https://openalex.org/W7133224126,https://openalex.org/A5127820429,middle,false
W7133224126-A5127835223,https://openalex.org/W7133224126,https://openalex.org/A5127835223,middle,false
W7133224126-A5127857043,https://openalex.org/W7133224126,https://openalex.org/A5127857043,middle,false
W7133227460-A5001041485,https://openalex.org/W7133227460,https://openalex.org/A5001041485,middle,false
W7133227460-A5127845778,https://openalex.org/W7133227460,https://openalex.org/A5127845778,first,false
W7133227460-A5127852725,https://openalex.org/W7133227460,https://openalex.org/A5127852725,middle,false
W7133227460-A5127861701,https://openalex.org/W7133227460,https://openalex.org/A5127861701,middle,false
W7133227460-A5127870194,https://openalex.org/W7133227460,https://openalex.org/A5127870194,last,false
W7133231369-A5063925941,https://openalex.org/W7133231369,https://openalex.org/A5063925941,last,false
W7133231369-A5073571802,https://openalex.org/W7133231369,https://openalex.org/A5073571802,middle,false
W7133231369-A5127777713,https://openalex.org/W7133231369,https://openalex.org/A5127777713,middle,false
W7133231369-A5130341073,https://openalex.org/W7133231369,https://openalex.org/A5130341073,first,false
W7133231369-A5153304514,https://openalex.org/W7133231369,https://openalex.org/A5153304514,middle,false
