id,name,orcid
https://openalex.org/A5000043237,Niklas Muennighoff,https://orcid.org/0009-0001-7157-770X
https://openalex.org/A5000080119,Aykut Erdem,https://orcid.org/0000-0002-6280-8422
https://openalex.org/A5000115067,Donald Metzler,https://orcid.org/0000-0003-4276-6269
https://openalex.org/A5000126238,Yacine Jernite,https://orcid.org/0000-0002-8053-6862
https://openalex.org/A5000326689,Ruan Silva,
https://openalex.org/A5000432413,Kailong Wang,https://orcid.org/0000-0002-3977-6573
https://openalex.org/A5000474748,Lewei Lu,https://orcid.org/0009-0009-9809-3818
https://openalex.org/A5000623592,Ishan Misra,https://orcid.org/0000-0001-7708-7261
https://openalex.org/A5000640247,Michael Ingrisch,https://orcid.org/0000-0003-0268-9078
https://openalex.org/A5000668964,Ben Zevenbergen,
https://openalex.org/A5000713520,Laurence Golding,
https://openalex.org/A5000775746,Alicia Jin,
https://openalex.org/A5000819439,Mohammed Eunus Ali,https://orcid.org/0000-0002-0384-7616
https://openalex.org/A5000991839,Minh Chien Vu,
https://openalex.org/A5001041485,Atri Rudra,https://orcid.org/0000-0003-4136-4719
https://openalex.org/A5001058167,Yifan Du,https://orcid.org/0000-0002-0734-9200
https://openalex.org/A5001087250,Parker Barnes,
https://openalex.org/A5001094226,Pranav Rajpurkar,https://orcid.org/0000-0002-8030-3727
https://openalex.org/A5001178359,Yevgen Chebotar,
https://openalex.org/A5001467212,Ali Darvishi,https://orcid.org/0000-0002-7025-9259
https://openalex.org/A5001482492,Dave Cummings,
https://openalex.org/A5001562064,Christopher Parisien,
https://openalex.org/A5001662671,Inkit Padhi,https://orcid.org/0000-0001-7484-1812
https://openalex.org/A5001689321,Lucile Saulnier,
https://openalex.org/A5001778694,Lucy Lu Wang,https://orcid.org/0000-0001-8752-6635
https://openalex.org/A5001848205,Manolis Mavrikis,https://orcid.org/0000-0003-0575-0823
https://openalex.org/A5001877137,Yun Xiong,https://orcid.org/0000-0002-8575-5415
https://openalex.org/A5001884064,Shayne Longpre,
https://openalex.org/A5001944487,Eva Portelance,https://orcid.org/0009-0007-7762-8516
https://openalex.org/A5001961716,Noah D. Goodman,https://orcid.org/0000-0002-9176-8802
https://openalex.org/A5001994692,Esin Durmus,https://orcid.org/0009-0009-7331-8160
https://openalex.org/A5002088849,Jonathan Tow,
https://openalex.org/A5002141677,Ankush Patel,https://orcid.org/0000-0003-3706-2320
https://openalex.org/A5002204723,Yanbo Xu,https://orcid.org/0009-0006-7692-6709
https://openalex.org/A5002251783,Chenghao Mou,
https://openalex.org/A5002349953,Ona de Gibert,
https://openalex.org/A5002426346,Freddy Lécué,https://orcid.org/0000-0003-2763-7856
https://openalex.org/A5002438859,Tri Gia Nguyen,https://orcid.org/0000-0003-4578-9925
https://openalex.org/A5002478369,Zhe Chen,https://orcid.org/0000-0002-5371-2058
https://openalex.org/A5002621773,Caleb Ziems,https://orcid.org/0000-0002-2792-6298
https://openalex.org/A5002661723,Luis Espinosa-Anke,https://orcid.org/0000-0001-6830-9176
https://openalex.org/A5002715190,Brayan J. Anaya,https://orcid.org/0000-0002-0846-9044
https://openalex.org/A5002839718,Lintang Sutawika,
https://openalex.org/A5002878202,Jesse Spencer-Smith,https://orcid.org/0000-0001-8165-6658
https://openalex.org/A5002922045,Christopher Hesse,
https://openalex.org/A5002960442,Asher Mullokandov,https://orcid.org/0009-0007-8171-4353
https://openalex.org/A5003112970,Yasaman Razeghi,
https://openalex.org/A5003324011,Juanzi Li,https://orcid.org/0000-0002-6244-0664
https://openalex.org/A5003364006,Muhammad Usman,https://orcid.org/0000-0003-2059-7206
https://openalex.org/A5003424548,Guo Chen,https://orcid.org/0000-0002-5625-0645
https://openalex.org/A5003509342,Alan Karthikesalingam,https://orcid.org/0009-0000-4958-5976
https://openalex.org/A5003562101,Oriol Vinyals,https://orcid.org/0000-0001-7848-7283
https://openalex.org/A5003566311,Jingchang Chen,https://orcid.org/0000-0002-1378-898X
https://openalex.org/A5003696778,Ali Tazarv,https://orcid.org/0000-0001-7176-791X
https://openalex.org/A5003807260,Huaixiu Zheng,
https://openalex.org/A5003887059,Mario Fritz,https://orcid.org/0000-0001-8949-9896
https://openalex.org/A5003936190,Christopher Klamm,https://orcid.org/0009-0003-4342-0849
https://openalex.org/A5003995646,Malgorzata Polacin,https://orcid.org/0000-0002-0425-5479
https://openalex.org/A5004215755,Ray Kurzweil,
https://openalex.org/A5004225142,Tongshuang Wu,https://orcid.org/0000-0003-1630-0588
https://openalex.org/A5004227278,Mario Brčić,https://orcid.org/0000-0002-7564-6805
https://openalex.org/A5004271128,Ian Goodfellow,https://orcid.org/0000-0003-3937-2322
https://openalex.org/A5004295653,Ryan Lowe,
https://openalex.org/A5004353092,William Fedus,
https://openalex.org/A5004387910,Seongyong Lee,https://orcid.org/0000-0002-9436-4272
https://openalex.org/A5004394456,Eyal Bar Natan,
https://openalex.org/A5004398345,Georg Groh,https://orcid.org/0000-0002-5942-2297
https://openalex.org/A5004412943,Mike Lewis,https://orcid.org/0000-0003-0679-6612
https://openalex.org/A5004455756,Mir Rosenberg,
https://openalex.org/A5004483523,Aokun Chen,https://orcid.org/0000-0002-5100-3821
https://openalex.org/A5004607650,Christoph Endres,https://orcid.org/0009-0005-7653-4417
https://openalex.org/A5004625775,Karen Simonyan,https://orcid.org/0000-0003-0787-5507
https://openalex.org/A5004880532,Andy Zou,
https://openalex.org/A5005117726,Amelia Glaese,
https://openalex.org/A5005308034,Jiayue Zhang,
https://openalex.org/A5005308581,Parker Schuh,
https://openalex.org/A5005316349,Jos Rozen,https://orcid.org/0000-0001-5707-2134
https://openalex.org/A5005349853,Seyed Kamyar Seyed Ghasemipour,
https://openalex.org/A5005398538,Kshitiz Aryal,https://orcid.org/0000-0001-8000-1086
https://openalex.org/A5005431772,Chelsea Finn,https://orcid.org/0000-0001-6298-0874
https://openalex.org/A5005443526,Shafiq Joty,https://orcid.org/0000-0002-9222-2641
https://openalex.org/A5005530395,Michał Podstawski,https://orcid.org/0000-0003-1222-6894
https://openalex.org/A5005549348,Diana Liskovich,
https://openalex.org/A5005554337,Matei Zaharia,https://orcid.org/0000-0002-7547-7204
https://openalex.org/A5005561269,Matteo Manica,https://orcid.org/0000-0002-8872-0269
https://openalex.org/A5005577303,Andy Zeng,https://orcid.org/0000-0002-4319-2159
https://openalex.org/A5005608407,Rodrigo Castellon,
https://openalex.org/A5005750167,Behnam Hedayatnia,
https://openalex.org/A5005779128,Sameer Kumar Singh,https://orcid.org/0000-0003-0621-6323
https://openalex.org/A5005779176,James Zou,https://orcid.org/0000-0001-8880-4764
https://openalex.org/A5005898634,Michihiro Yasunaga,https://orcid.org/0009-0003-3008-927X
https://openalex.org/A5005985316,Sichun Xu,
https://openalex.org/A5005995116,Frank Fischer,https://orcid.org/0000-0003-0253-659X
https://openalex.org/A5006006903,Anna Seehofnerová,
https://openalex.org/A5006088176,Cedrick Argueta,
https://openalex.org/A5006305255,Yizhou Fan,https://orcid.org/0000-0003-2777-1705
https://openalex.org/A5006446297,Ilya Sutskever,
https://openalex.org/A5006520100,Ivy Liang,
https://openalex.org/A5006532556,Ziyi Gao,https://orcid.org/0000-0003-2868-8663
https://openalex.org/A5006611401,Mahmoud Assran,https://orcid.org/0000-0001-9159-8447
https://openalex.org/A5006675504,Maximin Coavoux,https://orcid.org/0000-0003-4089-4558
https://openalex.org/A5006851333,Florian Tramèr,https://orcid.org/0000-0001-8703-8762
https://openalex.org/A5006965739,Taylor K. W. Shin,
https://openalex.org/A5007059246,Zhangyin Feng,https://orcid.org/0000-0001-5909-1339
https://openalex.org/A5007067645,Hassan Khosravi,https://orcid.org/0000-0001-8664-6117
https://openalex.org/A5007112220,Alex Herzog,
https://openalex.org/A5007213257,Julia Haas,https://orcid.org/0000-0003-3337-9072
https://openalex.org/A5007262492,Will Rusch,
https://openalex.org/A5007266986,Hamza Benyamina,
https://openalex.org/A5007325624,Timo Speith,https://orcid.org/0000-0002-6675-154X
https://openalex.org/A5007394281,Serkan Cabi,
https://openalex.org/A5007489034,Ninghao Liu,https://orcid.org/0000-0002-9170-2424
https://openalex.org/A5007503912,Utami Widiati,https://orcid.org/0000-0002-8603-4556
https://openalex.org/A5007570707,Jeff Wu,https://orcid.org/0009-0004-6129-4425
https://openalex.org/A5007588003,Nathanael Schärli,
https://openalex.org/A5007631351,Mustafa Ghaleb,https://orcid.org/0000-0003-2842-6532
https://openalex.org/A5007704896,Linhao Luo,https://orcid.org/0000-0003-0027-942X
https://openalex.org/A5007815326,Gautier Izacard,
https://openalex.org/A5007861777,Jacob K. Hilton,https://orcid.org/0000-0003-1931-9516
https://openalex.org/A5007916691,Germán Kruszewski,
https://openalex.org/A5008013895,Jesse Dodge,
https://openalex.org/A5008056593,Shirui Pan,https://orcid.org/0000-0003-0794-527X
https://openalex.org/A5008127936,Amanda Dsouza,https://orcid.org/0009-0006-7011-1656
https://openalex.org/A5008158115,Jack W. Rae,
https://openalex.org/A5008187090,Bingxuan Wang,
https://openalex.org/A5008230088,Moya Chen,
https://openalex.org/A5008270789,Marcin Kardas,
https://openalex.org/A5008293262,Yushuo Chen,https://orcid.org/0000-0002-9091-6711
https://openalex.org/A5008339199,Kaniz Fatema,https://orcid.org/0000-0002-0787-5403
https://openalex.org/A5008348052,John M. Pauly,https://orcid.org/0000-0001-5918-4172
https://openalex.org/A5008355834,Leandro von Werra,
https://openalex.org/A5008410925,Horace He,https://orcid.org/0009-0004-1133-816X
https://openalex.org/A5008545107,Suvir Mirchandani,
https://openalex.org/A5008561615,Chong Mou,https://orcid.org/0000-0003-0296-4893
https://openalex.org/A5008633310,Cody Hao Yu,https://orcid.org/0000-0002-9298-6254
https://openalex.org/A5008695791,Zhou Yang,https://orcid.org/0000-0001-5938-1918
https://openalex.org/A5008809634,Enkelejda Kasneci,https://orcid.org/0000-0003-3146-4484
https://openalex.org/A5008882566,Sadman Sakib,https://orcid.org/0009-0007-2007-5746
https://openalex.org/A5008892246,Nurulaqilla Khamis,https://orcid.org/0000-0002-9483-8722
https://openalex.org/A5008962923,Bart Rienties,https://orcid.org/0000-0003-3749-9629
https://openalex.org/A5008974593,Yuanfang Cai,https://orcid.org/0000-0002-2690-8557
https://openalex.org/A5008979133,Soumya Batra,
https://openalex.org/A5009037058,John Schulman,
https://openalex.org/A5009065821,Nima PourNejatian,
https://openalex.org/A5009091910,Qiancheng Wang,https://orcid.org/0000-0001-7896-983X
https://openalex.org/A5009345506,Erich Elsen,
https://openalex.org/A5009362721,Zhuohan Li,https://orcid.org/0000-0001-5372-9450
https://openalex.org/A5009408707,Xiang Ren,https://orcid.org/0000-0001-8655-663X
https://openalex.org/A5009504223,Shengbo Wang,https://orcid.org/0000-0001-5034-6374
https://openalex.org/A5009547049,Eric P. Xing,https://orcid.org/0009-0005-9158-4201
https://openalex.org/A5009578714,Rahul Nagarajan,https://orcid.org/0009-0001-2146-8687
https://openalex.org/A5009640963,Wei-Lin Chiang,https://orcid.org/0009-0009-0105-723X
https://openalex.org/A5009648800,Xinxi Lyu,
https://openalex.org/A5009679905,Vincent Josua Hellendoorn,https://orcid.org/0000-0001-7516-0525
https://openalex.org/A5009828979,Sydney von Arx,
https://openalex.org/A5009879041,Jamie Callan,https://orcid.org/0000-0002-1211-7754
https://openalex.org/A5009928314,Bogdan Damoc,
https://openalex.org/A5009957887,Ryan A. Rossi,https://orcid.org/0000-0001-9758-0635
https://openalex.org/A5009980324,Mirac Süzgün,
https://openalex.org/A5010121592,Etsuko Ishii,https://orcid.org/0000-0002-6423-539X
https://openalex.org/A5010171106,Christopher Semturs,https://orcid.org/0000-0001-6108-2773
https://openalex.org/A5010253402,Yonghui Wu,https://orcid.org/0000-0002-6780-6135
https://openalex.org/A5010285399,Brian M. Lucey,https://orcid.org/0000-0002-4052-8235
https://openalex.org/A5010396318,Jared Casper,
https://openalex.org/A5010444468,Ziwei Ji,https://orcid.org/0000-0002-0206-7861
https://openalex.org/A5010557815,Shengding Hu,https://orcid.org/0009-0000-8037-2055
https://openalex.org/A5010571977,Brian Towles,https://orcid.org/0009-0000-9409-7285
https://openalex.org/A5010575626,Dale Schuurmans,
https://openalex.org/A5010674841,Peter Welinder,
https://openalex.org/A5010726815,Mutlu Cukurova,https://orcid.org/0000-0001-5843-4854
https://openalex.org/A5010756260,Naoto Usuyama,https://orcid.org/0000-0003-0888-929X
https://openalex.org/A5010757894,Jiapu Wang,https://orcid.org/0000-0001-7639-5289
https://openalex.org/A5010758235,Cunxiang Wang,https://orcid.org/0000-0002-3023-8082
https://openalex.org/A5010956082,Sansan Li,https://orcid.org/0000-0001-6593-3061
https://openalex.org/A5011102459,Amar Phanishayee,https://orcid.org/0009-0001-2777-1118
https://openalex.org/A5011117177,Stephen H. Bach,https://orcid.org/0000-0003-3857-3560
https://openalex.org/A5011207305,Fraser Kelton,
https://openalex.org/A5011369765,María Grandury,
https://openalex.org/A5011548998,Prethvi Kashinkunti,
https://openalex.org/A5011569714,Mira Murati,
https://openalex.org/A5011674202,Zhenhua Wu,https://orcid.org/0000-0002-5527-0310
https://openalex.org/A5011684148,Pratyusha Kalluri,https://orcid.org/0000-0001-7202-8027
https://openalex.org/A5011719782,Maddie Simens,
https://openalex.org/A5011821424,Alfonso Cabezón,https://orcid.org/0000-0003-2777-3217
https://openalex.org/A5011889606,Jeff Dean,https://orcid.org/0000-0002-2769-2049
https://openalex.org/A5011907463,Adian Liusie,
https://openalex.org/A5011974509,Marjan Ghazvininejad,
https://openalex.org/A5012090900,Hannah Weiss,https://orcid.org/0000-0001-5341-7852
https://openalex.org/A5012137935,Eliza Szczechla,
https://openalex.org/A5012181086,Amit Alfassy,
https://openalex.org/A5012247196,Robert Gerstenberger,https://orcid.org/0009-0003-3129-4689
https://openalex.org/A5012370787,Yuning Mao,
https://openalex.org/A5012552350,Shmargaret Shmitchell,
https://openalex.org/A5012652561,Mark Díaz,https://orcid.org/0000-0003-0167-9839
https://openalex.org/A5012682441,Dingang Shen,
https://openalex.org/A5012706153,Marianne Monteiro,
https://openalex.org/A5012939002,Myra Cheng,
https://openalex.org/A5012998255,Sanjay Ghemawat,https://orcid.org/0009-0005-6843-3093
https://openalex.org/A5013014454,Yuheng Kuang,https://orcid.org/0009-0005-3185-3836
https://openalex.org/A5013041264,Bill Yuchen Lin,https://orcid.org/0000-0002-1149-0186
https://openalex.org/A5013170605,Maël Kubli,https://orcid.org/0000-0002-5592-9648
https://openalex.org/A5013238957,Alexander T. M. Cheung,https://orcid.org/0000-0003-0946-3493
https://openalex.org/A5013248082,Nikolas Tezak,https://orcid.org/0000-0002-5178-2298
https://openalex.org/A5013258788,Yicheng Zou,https://orcid.org/0009-0002-4575-5063
https://openalex.org/A5013346660,Kathrin Seßler,https://orcid.org/0000-0002-3380-4641
https://openalex.org/A5013500109,L Zheng,https://orcid.org/0000-0002-6611-4612
https://openalex.org/A5013573244,Dinghan Shen,
https://openalex.org/A5013723114,Jean Pouget-Abadie,https://orcid.org/0000-0003-3729-9547
https://openalex.org/A5013813527,Vincent Vanhoucke,https://orcid.org/0000-0003-0544-2791
https://openalex.org/A5013834379,Pushmeet Kohli,https://orcid.org/0000-0002-7466-7997
https://openalex.org/A5013954858,Keqin Bao,https://orcid.org/0009-0001-5910-0204
https://openalex.org/A5014055962,Maxim Krikun,
https://openalex.org/A5014172220,Chaoyou Fu,https://orcid.org/0000-0002-0079-7668
https://openalex.org/A5014379995,Ananya Kumar,https://orcid.org/0000-0002-9002-510X
https://openalex.org/A5014400463,Jacob Austin,https://orcid.org/0009-0001-2589-2805
https://openalex.org/A5014637990,Perry W. Payne,
https://openalex.org/A5014662947,Furu Wei,https://orcid.org/0000-0002-7810-5852
https://openalex.org/A5014688346,Andreas Rücklé,https://orcid.org/0000-0002-4962-0556
https://openalex.org/A5014724876,Tao Tu,https://orcid.org/0000-0001-9191-7938
https://openalex.org/A5014846205,Simone Stumpf,https://orcid.org/0000-0001-6482-1973
https://openalex.org/A5014866912,Ivan Vulić,https://orcid.org/0000-0002-5161-5422
https://openalex.org/A5014898885,Eduardo González Ponferrada,
https://openalex.org/A5015078816,Aixin Liu,https://orcid.org/0000-0001-7152-511X
https://openalex.org/A5015105117,Lichao Sun,https://orcid.org/0000-0003-1539-7939
https://openalex.org/A5015128745,Maarten Sap,https://orcid.org/0000-0002-0701-4654
https://openalex.org/A5015201177,Omar Khattab,https://orcid.org/0000-0002-9836-4413
https://openalex.org/A5015355317,Ehsan Adeli,https://orcid.org/0000-0002-0579-7763
https://openalex.org/A5015445950,Zihuai Zhao,https://orcid.org/0009-0002-3892-2468
https://openalex.org/A5015483503,Michael A. Terry,https://orcid.org/0000-0003-1941-939X
https://openalex.org/A5015493447,Alastair P. Moore,https://orcid.org/0000-0002-3726-6473
https://openalex.org/A5015508892,William J. Collins,https://orcid.org/0000-0003-0974-2599
https://openalex.org/A5015518638,Tatsunori Hashimoto,https://orcid.org/0000-0003-0521-5855
https://openalex.org/A5015581915,Xujin Chris Liu,
https://openalex.org/A5015609539,Vasil Khalidov,
https://openalex.org/A5015685241,Kimbo Chen,
https://openalex.org/A5015776030,Théo Moutakanni,https://orcid.org/0009-0000-2681-5169
https://openalex.org/A5016013231,Jean-Benoit Delbrouck,
https://openalex.org/A5016017027,Chong Ruan,https://orcid.org/0009-0000-7896-2558
https://openalex.org/A5016073978,Hanwei Xu,https://orcid.org/0009-0001-6301-6339
https://openalex.org/A5016113002,Sergey Edunov,
https://openalex.org/A5016115576,Gillian Dobbie,https://orcid.org/0000-0001-7245-0367
https://openalex.org/A5016284649,Kaichao You,https://orcid.org/0000-0002-1955-3743
https://openalex.org/A5016302450,Henryk Michalewski,https://orcid.org/0000-0001-8541-8112
https://openalex.org/A5016374079,Luca Leon Weishaupt,https://orcid.org/0000-0003-1970-2793
https://openalex.org/A5016381010,Lora M. Aroyo,https://orcid.org/0000-0001-9402-1133
https://openalex.org/A5016423432,Vincent Zhao,
https://openalex.org/A5016448581,Lawrence Carin,https://orcid.org/0000-0001-6277-7948
https://openalex.org/A5016524466,Lifeng Nai,https://orcid.org/0000-0002-8801-9384
https://openalex.org/A5016560150,Lennart Purucker,https://orcid.org/0009-0001-1181-0549
https://openalex.org/A5016665033,Bei Feng,
https://openalex.org/A5016796548,Kyle McDonell,
https://openalex.org/A5016826392,Ian Drosos,https://orcid.org/0000-0003-3475-2609
https://openalex.org/A5016857737,Matthias J. Stadler,https://orcid.org/0000-0001-8241-8723
https://openalex.org/A5016956470,Douwe Kiela,
https://openalex.org/A5016963158,Madeline Miceli,
https://openalex.org/A5016998074,Joon-Sung Park,https://orcid.org/0000-0003-4740-3061
https://openalex.org/A5017223053,Evan Morikawa,
https://openalex.org/A5017248470,Russell Howes,
https://openalex.org/A5017274462,Arul Menezes,
https://openalex.org/A5017326471,Javier Del Ser,https://orcid.org/0000-0002-1260-9775
https://openalex.org/A5017349449,Rob Reich,
https://openalex.org/A5017394465,Charles Wilmer Foster,
https://openalex.org/A5017514239,Chandan Singh,https://orcid.org/0000-0003-0318-2340
https://openalex.org/A5017575883,Jing Yi,https://orcid.org/0000-0002-7424-9605
https://openalex.org/A5017599308,Brady Daniel Lund,https://orcid.org/0000-0002-4819-8162
https://openalex.org/A5017671620,Bing Qin,https://orcid.org/0000-0002-2543-5604
https://openalex.org/A5017688180,Julian Nyarko,https://orcid.org/0000-0002-7121-5696
https://openalex.org/A5017734452,Ishika Singh,
https://openalex.org/A5017766297,Christopher A. Harle,https://orcid.org/0000-0002-4803-3632
https://openalex.org/A5017940830,Rohan Taori,https://orcid.org/0000-0003-3620-0103
https://openalex.org/A5017949971,Alejandra Molina,
https://openalex.org/A5018113047,Guy Gur-Ari,
https://openalex.org/A5018131113,Robin Tibor Schirrmeister,https://orcid.org/0000-0002-5518-7445
https://openalex.org/A5018225836,Qihao Zhu,https://orcid.org/0000-0002-5566-4491
https://openalex.org/A5018257829,Jubaer Ahmad,
https://openalex.org/A5018507768,Brian Ichter,https://orcid.org/0000-0002-6955-6432
https://openalex.org/A5018515711,Ilana Heintz,https://orcid.org/0000-0002-2707-2376
https://openalex.org/A5018518655,Juan Carlos Niebles,https://orcid.org/0000-0001-8225-9793
https://openalex.org/A5018535992,Allen Nie,https://orcid.org/0000-0001-6483-2111
https://openalex.org/A5018609918,Serge Belongie,https://orcid.org/0000-0002-0388-5217
https://openalex.org/A5018728658,Manish Kumar,https://orcid.org/0000-0002-1311-0976
https://openalex.org/A5018789011,Ankit Goyal,https://orcid.org/0000-0002-4076-3980
https://openalex.org/A5018809423,Nicolas Papernot,https://orcid.org/0000-0001-5078-7233
https://openalex.org/A5018864006,Max Bartolo,https://orcid.org/0009-0007-3301-7895
https://openalex.org/A5018977183,Jian‐Yun Nie,https://orcid.org/0000-0003-1556-3335
https://openalex.org/A5019081674,Yinhan Liu,
https://openalex.org/A5019129523,Yanze Wu,https://orcid.org/0000-0001-7113-3511
https://openalex.org/A5019206666,Léon Bottou,https://orcid.org/0000-0002-9894-8128
https://openalex.org/A5019210292,Aitor Lewkowycz,
https://openalex.org/A5019212451,Roger Azevedo,https://orcid.org/0000-0002-5018-6232
https://openalex.org/A5019297976,Vinodkumar Prabhakaran,https://orcid.org/0000-0003-3329-2305
https://openalex.org/A5019337496,Arash Gholamidavoodi,
https://openalex.org/A5019426968,Dawn Xiaodong Song,https://orcid.org/0000-0001-9745-6802
https://openalex.org/A5019471288,Harrison S. Edwards,https://orcid.org/0000-0003-3971-9277
https://openalex.org/A5019482456,Shyamal Buch,
https://openalex.org/A5019494985,Hoifung Poon,https://orcid.org/0000-0002-9067-0918
https://openalex.org/A5019579257,Jiaqi Ni,
https://openalex.org/A5019599571,Mehmet Haldun Kaya,https://orcid.org/0000-0002-0276-4886
https://openalex.org/A5019674079,Chris Donahue,https://orcid.org/0009-0007-6825-6327
https://openalex.org/A5019675338,Philipp Wesp,https://orcid.org/0000-0001-7356-3371
https://openalex.org/A5019722690,Bao Ge,https://orcid.org/0000-0003-1967-9837
https://openalex.org/A5019737566,Sebastian Gregor Bouschery,https://orcid.org/0000-0002-8769-568X
https://openalex.org/A5019880413,Emily Reif,https://orcid.org/0000-0003-3572-6234
https://openalex.org/A5019971035,Diyenti Rusdin,https://orcid.org/0000-0002-4693-8796
https://openalex.org/A5019973471,Nora Kassner,
https://openalex.org/A5020032572,Douglas S Kondziolka,https://orcid.org/0000-0001-8925-7344
https://openalex.org/A5020049212,Zhiqing Sun,https://orcid.org/0000-0003-1933-496X
https://openalex.org/A5020400986,Dan Hendrycks,
https://openalex.org/A5020446219,Qazi Mamunur Rashid,https://orcid.org/0009-0007-3723-6163
https://openalex.org/A5020456783,Damai Dai,https://orcid.org/0009-0004-9714-7902
https://openalex.org/A5020476329,Geoff Keeling,https://orcid.org/0000-0003-3251-4981
https://openalex.org/A5020511969,Xiaoqian Shen,https://orcid.org/0000-0001-6284-520X
https://openalex.org/A5020676803,Anna Theresa Stüber,https://orcid.org/0000-0001-5236-4373
https://openalex.org/A5020758501,Lisa Anne Hendricks,https://orcid.org/0000-0001-9340-5143
https://openalex.org/A5020917394,Tomáš Mikolov,
https://openalex.org/A5021143474,Veronika Mikhailovna Grebennikova,https://orcid.org/0000-0003-0705-7985
https://openalex.org/A5021289514,Pete Florence,https://orcid.org/0000-0002-7148-5645
https://openalex.org/A5021326990,Brian M. Belgodere,https://orcid.org/0000-0003-3294-2118
https://openalex.org/A5021334672,Joshua Maynez,https://orcid.org/0000-0003-4948-2875
https://openalex.org/A5021398250,Jianfeng Gao,https://orcid.org/0000-0002-7241-3408
https://openalex.org/A5021403340,Ming Cao,https://orcid.org/0000-0001-5472-562X
https://openalex.org/A5021459300,Baobao Chang,https://orcid.org/0000-0003-2824-6750
https://openalex.org/A5021523670,Spencer Poff,https://orcid.org/0009-0001-6189-8366
https://openalex.org/A5021626481,Georg K. Gerber,https://orcid.org/0000-0002-9149-5509
https://openalex.org/A5021676288,Jeannette Bohg,https://orcid.org/0000-0002-4921-7193
https://openalex.org/A5021728625,Arsalan Mousavian,https://orcid.org/0000-0001-9356-9455
https://openalex.org/A5021766835,Antoine Miech,https://orcid.org/0000-0001-6657-7812
https://openalex.org/A5021806010,Mathias Walzer,https://orcid.org/0000-0003-4538-2754
https://openalex.org/A5021812637,Stephen Pfohl,https://orcid.org/0000-0003-0551-9664
https://openalex.org/A5021817200,Xiaowei Mei,https://orcid.org/0000-0002-1719-7394
https://openalex.org/A5021817941,Nicolas Sievers,
https://openalex.org/A5021878400,Noam Shazeer,
https://openalex.org/A5022032374,Alex Irpan,
https://openalex.org/A5022036537,Kuai Yu,https://orcid.org/0000-0001-6138-0367
https://openalex.org/A5022076965,Carroll L. Wainwright,
https://openalex.org/A5022200342,Burcu Karagol Ayan,
https://openalex.org/A5022205442,Katarina Slama,
https://openalex.org/A5022225777,Shih-Cheng Huang,https://orcid.org/0000-0001-9882-833X
https://openalex.org/A5022256468,Anas Zainul Abidin,https://orcid.org/0000-0003-0032-0664
https://openalex.org/A5022328505,Samuel Gehman,
https://openalex.org/A5022388476,Alvin Rajkomar,https://orcid.org/0000-0001-5750-5016
https://openalex.org/A5022455158,Chitwan Saharia,
https://openalex.org/A5022540761,Wojciech Galuba,
https://openalex.org/A5022644245,Olatunji Ruwase,https://orcid.org/0000-0002-5508-0728
https://openalex.org/A5022672030,Hai-Tao Zheng,https://orcid.org/0000-0001-5128-5649
https://openalex.org/A5022674572,Christopher Berner,
https://openalex.org/A5022702389,Nidhi Rohatgi,https://orcid.org/0000-0003-4574-0283
https://openalex.org/A5022730878,Jane Dwivedi-Yu,
https://openalex.org/A5022918060,Nur Mohammad Fahad,https://orcid.org/0009-0000-5445-6925
https://openalex.org/A5022920014,Jithin James,
https://openalex.org/A5022994077,Daphne Ippolito,https://orcid.org/0000-0001-9328-8995
https://openalex.org/A5023026501,Jules White,https://orcid.org/0000-0002-6331-2365
https://openalex.org/A5023079707,Katie Millican,
https://openalex.org/A5023123863,Tristan Naumann,https://orcid.org/0000-0003-2150-1747
https://openalex.org/A5023341622,Mikel Artetxe,
https://openalex.org/A5023470556,Thanumalayan Sankaranarayana Pillai,
https://openalex.org/A5023494325,Delight Omoji Idika,https://orcid.org/0000-0001-9309-7929
https://openalex.org/A5023501811,Nan Ding,https://orcid.org/0000-0002-4876-6553
https://openalex.org/A5023504178,Oleksandra Poquet,https://orcid.org/0000-0001-9782-816X
https://openalex.org/A5023562540,Omar Fawzi,https://orcid.org/0000-0001-8491-0359
https://openalex.org/A5023591414,Adam Paul Roberts,https://orcid.org/0000-0002-0760-3088
https://openalex.org/A5023594937,Runxin Xu,https://orcid.org/0000-0002-3876-2284
https://openalex.org/A5023621106,Isabel Papadimitriou,
https://openalex.org/A5023660419,Laria Reynolds,
https://openalex.org/A5023705881,Li Du,https://orcid.org/0000-0003-2533-2426
https://openalex.org/A5023750515,Emily M. Bender,https://orcid.org/0000-0001-5384-6227
https://openalex.org/A5023777406,Siqi Sun,https://orcid.org/0000-0001-7240-8724
https://openalex.org/A5023802054,Dan Roth,https://orcid.org/0009-0002-1447-5173
https://openalex.org/A5023849668,Federico Cabitza,https://orcid.org/0000-0002-4065-3415
https://openalex.org/A5023880578,Thomas K. F. Chiu,https://orcid.org/0000-0003-2887-5477
https://openalex.org/A5023970004,Yanjie Zhao,https://orcid.org/0000-0001-8793-5367
https://openalex.org/A5024300524,Runji Wang,
https://openalex.org/A5024311574,Omer Levy,https://orcid.org/0000-0001-7300-8191
https://openalex.org/A5024324107,Hanwen Xu,https://orcid.org/0000-0003-0361-6647
https://openalex.org/A5024347376,Cynthia Gao,
https://openalex.org/A5024434748,Gjergji Kasneci,https://orcid.org/0000-0002-3123-7268
https://openalex.org/A5024447363,Potsawee Manakul,https://orcid.org/0000-0001-7108-8626
https://openalex.org/A5024458365,Luca Longo,https://orcid.org/0000-0002-2718-5426
https://openalex.org/A5024481540,Marcus Rohrbach,https://orcid.org/0000-0001-5908-7751
https://openalex.org/A5024510591,Melanie Kambadur,https://orcid.org/0009-0008-7481-6850
https://openalex.org/A5024723282,Úlfar Erlingsson,
https://openalex.org/A5024731885,Clara E. Rivera,
https://openalex.org/A5024842018,Xuezhi Wang,https://orcid.org/0000-0001-7592-2358
https://openalex.org/A5024845063,Aston Zhang,https://orcid.org/0000-0003-0890-0524
https://openalex.org/A5024882131,Thibault Févry,
https://openalex.org/A5024983536,Jonas Pfeiffer,https://orcid.org/0000-0002-8634-6170
https://openalex.org/A5025008210,Soohee Lee,
https://openalex.org/A5025016495,Ted G. Xiao,
https://openalex.org/A5025171334,Oscar Sainz,https://orcid.org/0000-0003-0890-7670
https://openalex.org/A5025205227,Karthik Narasimhan,https://orcid.org/0000-0001-9894-9983
https://openalex.org/A5025210358,George van den Driessche,https://orcid.org/0009-0000-6006-950X
https://openalex.org/A5025234902,Rami Al‐Rfou,
https://openalex.org/A5025255782,Percy Liang,https://orcid.org/0000-0002-0458-6139
https://openalex.org/A5025292786,Tong Xu,https://orcid.org/0000-0003-4246-5386
https://openalex.org/A5025304724,Louis Blankemeier,https://orcid.org/0000-0001-6365-9767
https://openalex.org/A5025386668,Albert Gu,
https://openalex.org/A5025388406,Weize Chen,https://orcid.org/0009-0007-5882-8870
https://openalex.org/A5025419994,Izhak Shafran,
https://openalex.org/A5025427198,Advait Sarkar,https://orcid.org/0000-0002-5401-3478
https://openalex.org/A5025626087,Mike Schaekermann,https://orcid.org/0000-0002-1735-9680
https://openalex.org/A5025631695,Ji-Rong Wen,https://orcid.org/0000-0002-9777-9676
https://openalex.org/A5025662871,Hao He,https://orcid.org/0000-0002-5385-8022
https://openalex.org/A5025695094,Keerthana Gopalakrishnan,
https://openalex.org/A5025860921,Apoorv Kulshreshtha,
https://openalex.org/A5025890612,George Siemens,https://orcid.org/0000-0002-9567-9794
https://openalex.org/A5025965777,Zane Schnurman,https://orcid.org/0000-0002-2893-3174
https://openalex.org/A5026064427,Barret Zoph,
https://openalex.org/A5026113034,Thien Huu Nguyen,https://orcid.org/0000-0003-3768-4736
https://openalex.org/A5026220115,Elior Sulem,https://orcid.org/0000-0002-9859-7313
https://openalex.org/A5026235451,Romal Thoppilan,
https://openalex.org/A5026315595,Cameron Diao,
https://openalex.org/A5026322200,Sergey Levine,https://orcid.org/0000-0001-6764-2743
https://openalex.org/A5026325208,Miaojun Wang,
https://openalex.org/A5026328731,Jerret Ross,https://orcid.org/0000-0002-7180-2970
https://openalex.org/A5026363324,Jude Fernandes,
https://openalex.org/A5026451495,Wojciech Samek,https://orcid.org/0000-0002-6283-3265
https://openalex.org/A5026521456,Keshav Santhanam,https://orcid.org/0000-0001-5939-7944
https://openalex.org/A5026540467,Christopher J. Kelly,https://orcid.org/0000-0002-1246-844X
https://openalex.org/A5026541761,Scott Gray,
https://openalex.org/A5026579341,Jarek Rettinghouse,
https://openalex.org/A5026789962,Sebastian Gehrmann,https://orcid.org/0000-0002-8257-9516
https://openalex.org/A5026803588,Elizabeth A. Shenkman,https://orcid.org/0000-0003-4903-1804
https://openalex.org/A5026829243,Bob McGrew,
https://openalex.org/A5026887485,Johnny Hartz Søraker,
https://openalex.org/A5026907508,Yao Lu,https://orcid.org/0000-0002-9873-8753
https://openalex.org/A5026929519,Anish Thite,
https://openalex.org/A5026990786,Torsten Hoefler,https://orcid.org/0000-0002-1333-9797
https://openalex.org/A5027230259,Darlene Neal,
https://openalex.org/A5027383005,Dong Huk Park,
https://openalex.org/A5027450194,Iryna Gurevych,https://orcid.org/0000-0003-2187-7621
https://openalex.org/A5027454515,Karan Singhal,https://orcid.org/0000-0001-9002-7490
https://openalex.org/A5027632940,Sasha Tsvyashchenko,
https://openalex.org/A5027693232,Drew A. Hudson,
https://openalex.org/A5027729448,Amir Pouran Ben Veyseh,https://orcid.org/0000-0002-6826-8113
https://openalex.org/A5027836854,Paula Antelo-Riveiro,https://orcid.org/0009-0005-4675-032X
https://openalex.org/A5027861933,Yinghai Lu,https://orcid.org/0009-0003-1993-8648
https://openalex.org/A5027915931,Benno Stein,https://orcid.org/0000-0001-9033-2217
https://openalex.org/A5027985796,Inês Carvalho,https://orcid.org/0000-0003-1372-1299
https://openalex.org/A5028001282,Bradley Green,https://orcid.org/0000-0001-9589-0226
https://openalex.org/A5028125399,Ed H.,https://orcid.org/0000-0003-3230-5338
https://openalex.org/A5028178741,Ewa Dominowska,https://orcid.org/0009-0006-5644-9685
https://openalex.org/A5028269821,Pengming Wang,https://orcid.org/0009-0009-4976-4267
https://openalex.org/A5028277225,Jason Fries,https://orcid.org/0000-0001-9316-5768
https://openalex.org/A5028298718,Cristina Gârbacea,
https://openalex.org/A5028501178,Charles A. Sutton,https://orcid.org/0000-0002-0041-3820
https://openalex.org/A5028570509,Yang Shan Tang,https://orcid.org/0000-0002-2750-8029
https://openalex.org/A5028588421,Jonathan Tremblay,https://orcid.org/0000-0001-5160-0012
https://openalex.org/A5028643592,Xiatian Zhu,https://orcid.org/0000-0002-9284-2955
https://openalex.org/A5028645925,Shiori Sagawa,
https://openalex.org/A5028709336,Nitish Shirish Keskar,https://orcid.org/0000-0002-2223-8496
https://openalex.org/A5028765069,Aarohi Srivastava,
https://openalex.org/A5028772381,Pamela Mishkin,
https://openalex.org/A5028780139,Pavel P. Kuksa,https://orcid.org/0000-0003-2248-6403
https://openalex.org/A5028830229,Anh Vuong,
https://openalex.org/A5028834865,Danfei Xu,https://orcid.org/0000-0002-8744-3861
https://openalex.org/A5028858668,Prajjwal Bhargava,https://orcid.org/0000-0002-7315-548X
https://openalex.org/A5028863551,Franck Dernoncourt,https://orcid.org/0000-0002-1119-1346
https://openalex.org/A5028891032,Henrique Pondé de Oliveira Pinto,
https://openalex.org/A5028992249,Joseph Tobing,
https://openalex.org/A5029083198,Ruiqi Ge,https://orcid.org/0000-0002-8529-3070
https://openalex.org/A5029105520,Trevor J. Darrell,https://orcid.org/0000-0001-5453-8533
https://openalex.org/A5029160764,Aaron Gokaslan,https://orcid.org/0000-0002-3575-2961
https://openalex.org/A5029186201,Yarin Gal,https://orcid.org/0000-0002-2733-2078
https://openalex.org/A5029392006,Yi Chang,https://orcid.org/0000-0003-2697-8093
https://openalex.org/A5029469707,Jochen Kühn,https://orcid.org/0000-0002-6985-3218
https://openalex.org/A5029566548,Shang-Wen Li,https://orcid.org/0000-0003-0656-9874
https://openalex.org/A5029611587,Geoffrey Irving,
https://openalex.org/A5029678131,Liam Fedus,
https://openalex.org/A5029691314,Deepti J Kundu,https://orcid.org/0000-0003-2989-5971
https://openalex.org/A5029699414,Kexin Huang,https://orcid.org/0009-0000-7222-0262
https://openalex.org/A5029793899,Nihal V. Nayak,https://orcid.org/0000-0002-3150-1997
https://openalex.org/A5029924588,Aidan Clark,
https://openalex.org/A5029977269,Michail N. Giannakos,https://orcid.org/0000-0002-8016-6208
https://openalex.org/A5029998947,Poonam Hosamani,https://orcid.org/0009-0004-3827-9729
https://openalex.org/A5030015839,Andrew K. Lampinen,https://orcid.org/0000-0002-6988-8437
https://openalex.org/A5030018356,Saurabh Tiwary,
https://openalex.org/A5030125352,Tulsee S Doshi,
https://openalex.org/A5030304225,Chris Waites,
https://openalex.org/A5030305998,Amanda Askell,
https://openalex.org/A5030406488,Shelby Grossman,https://orcid.org/0000-0003-4941-7969
https://openalex.org/A5030442997,Danny Hernandez,
https://openalex.org/A5030447052,Pauline Luc,
https://openalex.org/A5030480633,Rose E. Wang,
https://openalex.org/A5030566556,Tianyi Tang,https://orcid.org/0000-0002-4352-8222
https://openalex.org/A5030571651,Jürgen Pfeffer,https://orcid.org/0000-0002-1677-150X
https://openalex.org/A5030615769,François Yvon,https://orcid.org/0000-0002-7972-7442
https://openalex.org/A5030693568,Shengfeng Ye,
https://openalex.org/A5030702181,Kuang-Huei Lee,
https://openalex.org/A5030875603,Vedant Misra,
https://openalex.org/A5030935953,Mark I-Cheng Chen,https://orcid.org/0000-0001-9369-5830
https://openalex.org/A5030951014,Jiang Bian,https://orcid.org/0000-0002-2238-5429
https://openalex.org/A5031002895,Frank Hutter,https://orcid.org/0000-0002-2037-3694
https://openalex.org/A5031013142,Alex Ray,
https://openalex.org/A5031060893,Melanie Subbiah,
https://openalex.org/A5031107879,Jack Clark,
https://openalex.org/A5031170568,Mostofa Ali Patwary,
https://openalex.org/A5031275956,Ahrong Kim,https://orcid.org/0000-0003-2317-8920
https://openalex.org/A5031279787,Fotios Chantzis,
https://openalex.org/A5031362250,Courtney Ashcraft,
https://openalex.org/A5031395280,Ethan Hyungkeun Kim,https://orcid.org/0000-0002-5925-4609
https://openalex.org/A5031489667,Kevin Clark,https://orcid.org/0000-0003-4974-6885
https://openalex.org/A5031556491,Dimitra Pouli,https://orcid.org/0000-0003-0890-9326
https://openalex.org/A5031718186,Liangbo Ning,https://orcid.org/0000-0001-6903-8996
https://openalex.org/A5031731960,Aditi Raghunathan,
https://openalex.org/A5031761219,Seth Hampson,
https://openalex.org/A5031789995,Łukasz Kaiser,https://orcid.org/0000-0003-1092-6010
https://openalex.org/A5031887767,Mona G. Flores,https://orcid.org/0000-0002-7362-3044
https://openalex.org/A5031891503,Bartłomiej Bojanowski,https://orcid.org/0000-0002-4879-8854
https://openalex.org/A5031981513,Nelson F. Liu,
https://openalex.org/A5032046813,Caiming Xiong,https://orcid.org/0000-0003-0349-8628
https://openalex.org/A5032074795,Jing Yu Huang,https://orcid.org/0000-0001-8812-2691
https://openalex.org/A5032079635,Chengkuan Chen,
https://openalex.org/A5032275803,Joshua Achiam,
https://openalex.org/A5032351358,Davinia Hernández‐Leo,https://orcid.org/0000-0003-0548-7455
https://openalex.org/A5032415622,Gracia Molina,https://orcid.org/0009-0006-1881-248X
https://openalex.org/A5032451496,Ranjay Krishna,https://orcid.org/0000-0001-8784-2531
https://openalex.org/A5032538237,Mingxu Zhou,https://orcid.org/0000-0002-8157-7623
https://openalex.org/A5032569443,Francisco Massa,https://orcid.org/0000-0003-0697-6664
https://openalex.org/A5032644449,Hugo Touvron,https://orcid.org/0000-0003-1678-392X
https://openalex.org/A5032649426,Sid Black,
https://openalex.org/A5032652614,Elena Buchatskaya,
https://openalex.org/A5032740979,Yi‐Zhong Wang,https://orcid.org/0009-0009-7579-3125
https://openalex.org/A5032789289,Jiannan Wu,https://orcid.org/0009-0001-6367-6994
https://openalex.org/A5032814084,Iason Gabriel,https://orcid.org/0000-0002-7552-4576
https://openalex.org/A5032890999,Paul C. Denny,https://orcid.org/0000-0002-5150-9806
https://openalex.org/A5033021890,Binh Tang,
https://openalex.org/A5033032014,Ravi Rajakumar,
https://openalex.org/A5033116661,Adams Yu,
https://openalex.org/A5033150413,Melissa M. Zhao,https://orcid.org/0000-0002-5190-3635
https://openalex.org/A5033265682,Maxime Oquab,
https://openalex.org/A5033299848,W. Holmes,https://orcid.org/0000-0002-8352-1594
https://openalex.org/A5033356379,Xavier Martinet,
https://openalex.org/A5033369981,Rebeca García‐Fandiño,https://orcid.org/0000-0002-5274-3928
https://openalex.org/A5033387842,Viktoriya Kuzmina,
https://openalex.org/A5033588812,Qinfeng Shi,https://orcid.org/0000-0002-9126-2107
https://openalex.org/A5033596864,Shivani Agrawal,
https://openalex.org/A5033738047,Niladri S. Chatterji,https://orcid.org/0000-0003-4604-0078
https://openalex.org/A5033845208,Agnieszka Kluska,
https://openalex.org/A5033945505,Jan Buys,https://orcid.org/0000-0003-1994-5832
https://openalex.org/A5034181783,Maxwell Forbes,
https://openalex.org/A5034235259,Lopamudra Praharaj,https://orcid.org/0009-0009-1298-8590
https://openalex.org/A5034251656,Shunyu Yao,https://orcid.org/0000-0002-8732-7844
https://openalex.org/A5034257647,Nicholas Carlini,https://orcid.org/0000-0002-1463-3461
https://openalex.org/A5034286014,Joe Barrow,
https://openalex.org/A5034335736,Haocheng Wang,https://orcid.org/0000-0002-5033-0230
https://openalex.org/A5034500430,Sushant Prakash,https://orcid.org/0009-0000-4162-4600
https://openalex.org/A5034611488,Lean Wang,https://orcid.org/0009-0000-7676-8065
https://openalex.org/A5034657358,Andreas Holzinger,https://orcid.org/0000-0002-6786-5194
https://openalex.org/A5034826937,Shuohang Wang,
https://openalex.org/A5034833341,Ari A. Robicsek,https://orcid.org/0009-0005-7792-0483
https://openalex.org/A5034891790,Isaac L. Johnson,https://orcid.org/0000-0002-8869-3010
https://openalex.org/A5035082722,Linyi Yang,https://orcid.org/0000-0003-0667-7349
https://openalex.org/A5035123135,David J. Fleet,https://orcid.org/0000-0003-0734-7114
https://openalex.org/A5035174955,Michele Catasta,https://orcid.org/0009-0000-0542-0061
https://openalex.org/A5035274621,Zhibo Sun,https://orcid.org/0000-0001-6116-8737
https://openalex.org/A5035344606,Shawn Presser,
https://openalex.org/A5035369215,Behnam Neyshabur,
https://openalex.org/A5035420035,Piotr Bojanowski,https://orcid.org/0000-0001-8098-5900
https://openalex.org/A5035427716,Cliff Young,https://orcid.org/0000-0003-2172-1651
https://openalex.org/A5035433961,Weilin Zhao,https://orcid.org/0000-0001-9352-6252
https://openalex.org/A5035573146,Zheng-Xin Yong,
https://openalex.org/A5035649010,Ian Yu,
https://openalex.org/A5035660188,Rashi Rungta,
https://openalex.org/A5035752789,Vedanuj Goswami,https://orcid.org/0009-0005-5027-1452
https://openalex.org/A5035786206,Alice Xiang,https://orcid.org/0000-0001-7907-9353
https://openalex.org/A5035838235,Chakradhar Bandla,https://orcid.org/0000-0001-6392-3759
https://openalex.org/A5035849215,Shangyan Zhou,https://orcid.org/0009-0002-9696-1801
https://openalex.org/A5035894342,Daniel Conde-Torres,https://orcid.org/0000-0002-5806-9655
https://openalex.org/A5035905820,Kenji Ikemura,https://orcid.org/0000-0002-0799-4242
https://openalex.org/A5035914396,Orhan Fırat,https://orcid.org/0000-0001-5775-2420
https://openalex.org/A5036188128,Cliff Wong,https://orcid.org/0000-0001-7867-090X
https://openalex.org/A5036245980,Jianlyu Chen,
https://openalex.org/A5036342710,Sam Hays,https://orcid.org/0000-0001-9091-9739
https://openalex.org/A5036357902,Philip S. Yu,https://orcid.org/0000-0002-3491-5968
https://openalex.org/A5036645286,Ruyi Chen,https://orcid.org/0000-0003-0371-0772
https://openalex.org/A5036817745,Erin Hoffman-John,
https://openalex.org/A5036846358,Zahra Shakeri Hossein Abad,https://orcid.org/0000-0003-4519-864X
https://openalex.org/A5036855560,Dragan Gašević,https://orcid.org/0000-0001-9265-1908
https://openalex.org/A5036875405,Zhiheng Xi,https://orcid.org/0000-0001-8299-8449
https://openalex.org/A5037117755,Matthias Plappert,https://orcid.org/0000-0002-0751-8094
https://openalex.org/A5037145565,Wayne Xin Zhao,https://orcid.org/0000-0002-8333-6196
https://openalex.org/A5037232402,Yeganeh Kordi,https://orcid.org/0000-0002-6411-2875
https://openalex.org/A5037235279,Christopher Livia,https://orcid.org/0000-0003-1772-450X
https://openalex.org/A5037285672,Nishant P. Patil,https://orcid.org/0000-0001-6620-0038
https://openalex.org/A5037310413,Sebastian Ruder,
https://openalex.org/A5037327117,Qian Liu,https://orcid.org/0000-0002-3162-935X
https://openalex.org/A5037419111,Eduardo Pontes Reis,https://orcid.org/0000-0001-5110-457X
https://openalex.org/A5037446204,Suresh Hewapathirana,https://orcid.org/0000-0002-7862-5022
https://openalex.org/A5037638116,Isabel O. Gallegos,https://orcid.org/0000-0002-4872-6447
https://openalex.org/A5037674585,Peter L. Brusilovsky,https://orcid.org/0000-0002-1902-1464
https://openalex.org/A5037720080,Jenny Chim,
https://openalex.org/A5037736834,Paul F. Christiano,
https://openalex.org/A5037747070,Anna Rohrbach,https://orcid.org/0000-0003-1161-6006
https://openalex.org/A5037853792,Dan Iter,
https://openalex.org/A5037977430,Rutvij H. Jhaveri,https://orcid.org/0000-0002-3285-7346
https://openalex.org/A5038101556,Elizabeth A. Barnes,https://orcid.org/0000-0003-4284-9320
https://openalex.org/A5038119518,Fatih Kürşat Cansu,https://orcid.org/0009-0001-8047-987X
https://openalex.org/A5038148264,Daniel van Strien,https://orcid.org/0000-0003-1684-6556
https://openalex.org/A5038202532,Tobias Weber,https://orcid.org/0000-0003-1530-3568
https://openalex.org/A5038255653,Erik Brynjolfsson,https://orcid.org/0000-0002-8031-6990
https://openalex.org/A5038514843,Md Mehrab Tanjim,https://orcid.org/0000-0002-2847-9872
https://openalex.org/A5038582366,Dajiang Zhu,https://orcid.org/0000-0002-6940-3911
https://openalex.org/A5038668215,Xiangnan He,https://orcid.org/0000-0001-8472-7992
https://openalex.org/A5038706435,Sean Rintel,https://orcid.org/0000-0003-0840-0546
https://openalex.org/A5038723062,Ananth Prakash,https://orcid.org/0000-0001-5799-9618
https://openalex.org/A5038743835,Frank F. Xu,https://orcid.org/0000-0002-9662-7582
https://openalex.org/A5038748527,Ye Jin Bang,https://orcid.org/0000-0002-2968-0033
https://openalex.org/A5038751868,Michael Karlen,
https://openalex.org/A5038758207,Abeba Birhane,https://orcid.org/0000-0001-6319-7937
https://openalex.org/A5038813690,Dolores R. Serrano,https://orcid.org/0000-0002-0475-8420
https://openalex.org/A5038969629,Matthew P. Lungren,https://orcid.org/0000-0002-8591-5861
https://openalex.org/A5039158419,Sewon Min,
https://openalex.org/A5039209143,Alejandro Seco-González,https://orcid.org/0009-0002-8344-7010
https://openalex.org/A5039232395,Aurelia Guy,
https://openalex.org/A5039256697,Anna Rogers,https://orcid.org/0000-0002-4845-4023
https://openalex.org/A5039309602,Gloria Pflugfelder Lipori,https://orcid.org/0000-0001-5616-2701
https://openalex.org/A5039442998,Sahand Sharifzadeh,
https://openalex.org/A5039473897,Fereshte Khani,
https://openalex.org/A5039717840,Zanele Munyikwa,
https://openalex.org/A5039749428,Avanika Narayan,
https://openalex.org/A5040012627,Isabelle Levent,
https://openalex.org/A5040302008,David Andrew Clifton,https://orcid.org/0000-0002-9848-8555
https://openalex.org/A5040311065,Greg Brockman,
https://openalex.org/A5040311844,H. Brendan McMahan,https://orcid.org/0009-0003-5892-4193
https://openalex.org/A5040371566,Hady Elsahar,https://orcid.org/0000-0001-9508-6721
https://openalex.org/A5040457466,Anu Venkatesh,https://orcid.org/0009-0004-5205-8869
https://openalex.org/A5040619988,Ricardo Barreira,
https://openalex.org/A5040639891,Jiliang Tang,https://orcid.org/0000-0001-7125-3898
https://openalex.org/A5040674721,Sahar Abdelnabi,https://orcid.org/0009-0000-5269-951X
https://openalex.org/A5040690315,Rita Frieske,https://orcid.org/0000-0002-3921-3519
https://openalex.org/A5040762883,Zhi Zheng,https://orcid.org/0000-0001-7758-8904
https://openalex.org/A5040949579,Omar Espejel,
https://openalex.org/A5040961637,Xiaoyuan Yi,https://orcid.org/0000-0003-2710-1613
https://openalex.org/A5041006174,Rui Zheng,https://orcid.org/0000-0003-0391-2454
https://openalex.org/A5041175834,Nigam Haresh Shah,https://orcid.org/0000-0001-9385-7158
https://openalex.org/A5041327310,Neera K. Ahuja,https://orcid.org/0000-0002-2979-7530
https://openalex.org/A5041367899,Juho Leinonen,https://orcid.org/0000-0001-6829-9449
https://openalex.org/A5041434096,Yiming Yang,https://orcid.org/0000-0003-1359-0364
https://openalex.org/A5041541232,Gautam Srivastava,https://orcid.org/0000-0001-9851-4103
https://openalex.org/A5041560478,Igor Molybog,https://orcid.org/0000-0001-7251-3532
https://openalex.org/A5041667198,Raul Puri,
https://openalex.org/A5041680406,Leon Weber,https://orcid.org/0000-0002-2499-472X
https://openalex.org/A5041701394,Xiang Lisa Li,
https://openalex.org/A5041714982,Yoichi Hayashi,https://orcid.org/0000-0002-8359-374X
https://openalex.org/A5041854978,Thippa Reddy Gadekallu,https://orcid.org/0000-0003-0097-801X
https://openalex.org/A5041858762,Courtney Biles,
https://openalex.org/A5041907084,Gabriel Synnaeve,https://orcid.org/0000-0003-1715-3356
https://openalex.org/A5041920173,Ion Gabriel Stoica,https://orcid.org/0000-0002-5373-0088
https://openalex.org/A5042041372,Michael Sandborn,https://orcid.org/0000-0001-8592-6758
https://openalex.org/A5042208401,Katie Mayer,
https://openalex.org/A5042379226,Lauren Gillespie,https://orcid.org/0000-0003-2496-8035
https://openalex.org/A5042452580,Weizheng Wang,https://orcid.org/0000-0002-5879-585X
https://openalex.org/A5042601761,Christopher E. Potts,https://orcid.org/0000-0002-7978-6055
https://openalex.org/A5042646536,Silvio Savarese,
https://openalex.org/A5042672461,Eliza Rutherford,
https://openalex.org/A5042751684,Ashraf Elnashar,
https://openalex.org/A5042805801,Arun Kirubarajan,
https://openalex.org/A5042856545,Zonghan Yang,https://orcid.org/0000-0001-5774-5298
https://openalex.org/A5042922496,Renelito Delos Santos,https://orcid.org/0009-0008-0407-5946
https://openalex.org/A5042933080,Alex James Barrett,https://orcid.org/0000-0003-1229-9743
https://openalex.org/A5043068612,Sean Legassick,
https://openalex.org/A5043098453,Yankai Lin,https://orcid.org/0000-0002-0151-6178
https://openalex.org/A5043273387,Daryna Dementieva,https://orcid.org/0000-0003-0929-4140
https://openalex.org/A5043295774,Zhengbao Jiang,https://orcid.org/0000-0002-0315-6727
https://openalex.org/A5043359753,Chris Chinenye Emezue,https://orcid.org/0000-0002-3533-6829
https://openalex.org/A5043446092,Jiakai Tang,https://orcid.org/0000-0001-9543-8889
https://openalex.org/A5043628255,Daniel Khashabi,https://orcid.org/0009-0009-7664-2230
https://openalex.org/A5043656661,Y. Z. Zhou,https://orcid.org/0000-0003-4050-5700
https://openalex.org/A5043696243,Wenqi Fan,https://orcid.org/0000-0002-4049-1233
https://openalex.org/A5043755032,Dongjie Ji,
https://openalex.org/A5043772703,Mohammad Bavarian,
https://openalex.org/A5043840749,Arvind Neelakantan,
https://openalex.org/A5043842349,Shizhu He,https://orcid.org/0000-0001-9053-9517
https://openalex.org/A5043862316,Joelle K. Barral,https://orcid.org/0009-0009-0432-5148
https://openalex.org/A5044086066,Jerry Tworek,
https://openalex.org/A5044147794,Shitao Xiao,https://orcid.org/0000-0003-2567-6843
https://openalex.org/A5044225594,Sina Samangooei,
https://openalex.org/A5044330945,Chi-Min Chan,https://orcid.org/0009-0006-0218-3412
https://openalex.org/A5044588650,Jiaao Chen,https://orcid.org/0000-0001-8581-9688
https://openalex.org/A5044603792,Juan Antonio Vizcaíno,https://orcid.org/0000-0002-3905-4335
https://openalex.org/A5044651577,Xing Xie,https://orcid.org/0000-0002-8608-8482
https://openalex.org/A5044665993,Xipeng Qiu,https://orcid.org/0000-0001-7163-5247
https://openalex.org/A5044698998,Blaise Agüera y Arcas,https://orcid.org/0000-0003-2256-9823
https://openalex.org/A5044705068,Tufan Adıgüzel,https://orcid.org/0000-0001-6232-1246
https://openalex.org/A5044791875,Jie Tang,https://orcid.org/0000-0003-3487-4593
https://openalex.org/A5044824055,Huu Du Nguyen,https://orcid.org/0000-0001-6067-6676
https://openalex.org/A5044900523,Stephan Krusche,https://orcid.org/0000-0002-4552-644X
https://openalex.org/A5044945258,Adrià Garriga-Alonso,
https://openalex.org/A5045016749,Francisco Herrera,https://orcid.org/0000-0002-7283-312X
https://openalex.org/A5045044268,Clayton Tan,
https://openalex.org/A5045077843,Colin Raffel,
https://openalex.org/A5045080981,Gaurav Menghani,https://orcid.org/0000-0003-2912-2522
https://openalex.org/A5045150730,Tanja Magoč,https://orcid.org/0000-0001-8213-2266
https://openalex.org/A5045383831,Emily Denton,https://orcid.org/0000-0003-4915-0512
https://openalex.org/A5045400933,Patrick Zschech,https://orcid.org/0000-0002-1105-8086
https://openalex.org/A5045427635,Tina Seidel,https://orcid.org/0000-0002-2578-1208
https://openalex.org/A5045866597,Elena Leah Glassman,https://orcid.org/0000-0001-5178-3496
https://openalex.org/A5046006076,Christopher D. Manning,https://orcid.org/0000-0001-6155-649X
https://openalex.org/A5046024857,Hieu Tran,https://orcid.org/0000-0002-0067-0683
https://openalex.org/A5046105992,Shanhuang Chen,
https://openalex.org/A5046222666,Ameet Rahane,https://orcid.org/0000-0001-8191-862X
https://openalex.org/A5046235098,Margaret Mitchell,https://orcid.org/0000-0001-7043-6545
https://openalex.org/A5046305893,Tom Stepleton,
https://openalex.org/A5046333438,Jay Whang,https://orcid.org/0009-0000-0084-5933
https://openalex.org/A5046333446,Igor Krivokon,
https://openalex.org/A5046431394,Rachel Bawden,https://orcid.org/0000-0001-9553-1768
https://openalex.org/A5046448314,Maosong Sun,https://orcid.org/0000-0002-6011-6115
https://openalex.org/A5046457818,Franz Josef Och,
https://openalex.org/A5046475081,Fabrizio Gilardi,https://orcid.org/0000-0002-0635-3048
https://openalex.org/A5046537776,Shufang Tan,https://orcid.org/0000-0002-6781-5330
https://openalex.org/A5046548985,Andrea Santilli,https://orcid.org/0000-0001-8483-2725
https://openalex.org/A5046574356,Luciano Floridi,https://orcid.org/0000-0002-5444-2280
https://openalex.org/A5046725885,Jonathan H. Chen,https://orcid.org/0000-0002-4387-8740
https://openalex.org/A5046742446,YaGuang Li,
https://openalex.org/A5046764593,Dina Demner‐Fushman,https://orcid.org/0000-0002-4361-5799
https://openalex.org/A5046842875,Judy Jiaqi Wang,https://orcid.org/0000-0003-4905-6593
https://openalex.org/A5046938499,Asad Aali,https://orcid.org/0009-0008-2120-5722
https://openalex.org/A5046983053,Ross Anderson,https://orcid.org/0000-0001-8697-5682
https://openalex.org/A5047151336,Eneko Agirre,https://orcid.org/0000-0002-0195-4899
https://openalex.org/A5047194086,Travis A. Hoppe,https://orcid.org/0000-0002-4694-3050
https://openalex.org/A5047249173,Vera Blažević,https://orcid.org/0000-0001-8144-4663
https://openalex.org/A5047255274,Johanna Topalis,https://orcid.org/0000-0002-8623-8110
https://openalex.org/A5047265330,Jared Quincy Davis,
https://openalex.org/A5047345391,Ajay Bandi,https://orcid.org/0000-0003-2434-736X
https://openalex.org/A5047463591,Shekoofeh Azizi,https://orcid.org/0000-0002-7447-6031
https://openalex.org/A5047506888,Menglin Jia,
https://openalex.org/A5047531321,Zhen Wen,https://orcid.org/0009-0006-0487-6984
https://openalex.org/A5047561254,Joseph C. Wu,https://orcid.org/0000-0002-6068-8041
https://openalex.org/A5047714914,Siddhartha Brahma,
https://openalex.org/A5047763717,Jason Phang,https://orcid.org/0000-0003-3522-1869
https://openalex.org/A5047774607,Shean Wang,
https://openalex.org/A5047915338,Aaron K. Chow,
https://openalex.org/A5047952246,Maanak Gupta,https://orcid.org/0000-0001-9189-2478
https://openalex.org/A5047979305,Atoosa Kasirzadeh,https://orcid.org/0000-0002-5967-3782
https://openalex.org/A5047997552,Peng Xu,https://orcid.org/0000-0002-7470-9341
https://openalex.org/A5048065823,Baptiste Rozière,https://orcid.org/0000-0002-9014-4379
https://openalex.org/A5048091074,Conor Griffin,
https://openalex.org/A5048121353,Eric Hambro,
https://openalex.org/A5048132414,Phillipp Koehn,
https://openalex.org/A5048190601,Mustafa Nasir-Moin,https://orcid.org/0000-0002-0389-1852
https://openalex.org/A5048200646,Mateusz Litwin,https://orcid.org/0000-0002-0749-6665
https://openalex.org/A5048237545,Enhong Chen,https://orcid.org/0000-0002-4835-4102
https://openalex.org/A5048263485,Ilya Laufer,https://orcid.org/0000-0003-0092-5030
https://openalex.org/A5048272174,William Isaac,https://orcid.org/0000-0002-1297-5409
https://openalex.org/A5048292406,Ronan LeBras,
https://openalex.org/A5048354069,Puxin Xu,
https://openalex.org/A5048356362,Sheng Wang,https://orcid.org/0000-0002-0439-5199
https://openalex.org/A5048416373,Mikołaj Bińkowski,
https://openalex.org/A5048533217,Bhaskar Mitra,https://orcid.org/0000-0002-5270-5550
https://openalex.org/A5048566877,Xiaokang Zhang,https://orcid.org/0009-0005-4550-6261
https://openalex.org/A5048580400,Sean N. Neifert,https://orcid.org/0000-0001-9298-8295
https://openalex.org/A5048651878,Kurt Shuster,
https://openalex.org/A5048771433,James Qin,
https://openalex.org/A5048796501,Trishala Neeraj,
https://openalex.org/A5048832336,Ruisong Zhang,https://orcid.org/0000-0002-7051-3309
https://openalex.org/A5048865769,Christian Janiesch,https://orcid.org/0000-0002-8050-123X
https://openalex.org/A5048928280,Charles A. Rathkopf,https://orcid.org/0000-0001-8998-2220
https://openalex.org/A5048981295,Zeyuan Allen-Zhu,https://orcid.org/0000-0003-3002-089X
https://openalex.org/A5049015446,Hengshu Zhu,https://orcid.org/0000-0003-4570-643X
https://openalex.org/A5049073875,Peter B. Henderson,https://orcid.org/0000-0003-3938-0541
https://openalex.org/A5049088062,Fuchao Wei,
https://openalex.org/A5049203448,Dmitry Lepikhin,
https://openalex.org/A5049332971,Sherjil Ozair,
https://openalex.org/A5049427071,Pontus Stenetorp,
https://openalex.org/A5049483928,Bao Sheng Loe,https://orcid.org/0000-0001-6310-1608
https://openalex.org/A5049634735,Jornell Quiambao,
https://openalex.org/A5049786610,Tom Henighan,
https://openalex.org/A5049805631,Victor Sanh,
https://openalex.org/A5049971483,Ayla Karakaş,
https://openalex.org/A5050024610,Jasmine Hsu,https://orcid.org/0000-0002-2342-8312
https://openalex.org/A5050063899,Stefan Küchemann,https://orcid.org/0000-0003-2729-1592
https://openalex.org/A5050207942,Norman Paul Jouppi,https://orcid.org/0000-0003-1765-1929
https://openalex.org/A5050218314,Hyeontaek Lim,
https://openalex.org/A5050255638,Shuaiqiang Wang,https://orcid.org/0000-0002-9212-1947
https://openalex.org/A5050266007,Tali Bers,
https://openalex.org/A5050296324,Sai H. Vemprala,https://orcid.org/0000-0001-7554-5417
https://openalex.org/A5050766679,Mark Gales,https://orcid.org/0000-0002-5311-8219
https://openalex.org/A5050798856,Frieda Rong,
https://openalex.org/A5050804466,Cèsar Ferri,https://orcid.org/0000-0002-8975-1120
https://openalex.org/A5050925115,Drew F. K. Williamson,https://orcid.org/0000-0003-1745-8846
https://openalex.org/A5050985956,Kathleen Creel,https://orcid.org/0000-0001-7371-2680
https://openalex.org/A5050998809,Marie-Anne Lachaux,
https://openalex.org/A5051064208,Danqi Chen,https://orcid.org/0000-0002-6226-6838
https://openalex.org/A5051203366,Emma Strubell,https://orcid.org/0000-0003-2798-0726
https://openalex.org/A5051250767,Alec Radford,
https://openalex.org/A5051252812,Yana Hasson,
https://openalex.org/A5051264071,Camilo Ruiz,https://orcid.org/0000-0002-8395-2853
https://openalex.org/A5051401881,Avia Efrat,
https://openalex.org/A5051577117,Connor Shorten,https://orcid.org/0000-0001-6253-6861
https://openalex.org/A5051582703,Trevor Y. Cai,
https://openalex.org/A5051690066,Sebastian Farquhar,https://orcid.org/0000-0002-9185-6415
https://openalex.org/A5051745436,Weizhu Chen,https://orcid.org/0000-0003-4196-7229
https://openalex.org/A5051797244,Yifeng Dai,https://orcid.org/0000-0002-5037-3695
https://openalex.org/A5051808640,Punit Singh Koura,
https://openalex.org/A5051828575,Hyung Won Chung,https://orcid.org/0000-0002-1280-9953
https://openalex.org/A5051905272,Bor-Chun Chen,
https://openalex.org/A5051925942,Fuli Feng,https://orcid.org/0000-0002-5828-9842
https://openalex.org/A5052014295,Lukas Gianinazzi,https://orcid.org/0000-0001-5975-4526
https://openalex.org/A5052091382,Christian Claus Voigt,https://orcid.org/0000-0002-0706-3974
https://openalex.org/A5052125077,Mengshen He,https://orcid.org/0000-0001-9436-0805
https://openalex.org/A5052171928,Dorottya Demszky,https://orcid.org/0000-0002-6759-9367
https://openalex.org/A5052178834,Kevin Eaton,https://orcid.org/0000-0001-9962-0805
https://openalex.org/A5052196188,Aida Nematzadeh,
https://openalex.org/A5052196540,Steven Schockaert,https://orcid.org/0000-0002-9256-2881
https://openalex.org/A5052257833,Maria Bannert,https://orcid.org/0000-0001-7045-2764
https://openalex.org/A5052258450,Urs Gasser,https://orcid.org/0000-0001-6899-5647
https://openalex.org/A5052291325,Clemencia Siro,https://orcid.org/0000-0001-5301-4244
https://openalex.org/A5052347581,Yupeng Hou,https://orcid.org/0000-0002-0747-8010
https://openalex.org/A5052390500,Antoine Bordes,
https://openalex.org/A5052408504,Todor Mihaylov,
https://openalex.org/A5052435039,Simon Osindero,
https://openalex.org/A5052454696,Adam Roberts,https://orcid.org/0000-0003-1621-1964
https://openalex.org/A5052639977,Likang Wu,https://orcid.org/0000-0002-4929-8587
https://openalex.org/A5052645158,Anders Andreassen,https://orcid.org/0000-0003-3504-3919
https://openalex.org/A5052696737,Laichee Man,
https://openalex.org/A5052878017,Akira Fukui,
https://openalex.org/A5052985764,Jaesik Choi,https://orcid.org/0000-0002-4663-3263
https://openalex.org/A5053096615,Joon Sung Park,https://orcid.org/0000-0001-5036-4409
https://openalex.org/A5053213601,Jared Kaplan,
https://openalex.org/A5053230169,Aitor Soroa,https://orcid.org/0000-0001-8573-2654
https://openalex.org/A5053301405,Laurent Sifre,
https://openalex.org/A5053574266,Julian Ibarz,https://orcid.org/0000-0002-9920-6978
https://openalex.org/A5053810667,Y. Supriya,https://orcid.org/0000-0002-5835-4632
https://openalex.org/A5053915453,Ronan Collobert,
https://openalex.org/A5054198262,Sanna Järvelä,https://orcid.org/0000-0001-6223-3668
https://openalex.org/A5054253075,Madian Khabsa,
https://openalex.org/A5054285881,Laurel Orr,https://orcid.org/0000-0002-2183-3541
https://openalex.org/A5054302182,Marc Pickett,https://orcid.org/0009-0003-6493-1269
https://openalex.org/A5054346112,Idris Abdulmumin,https://orcid.org/0000-0002-3795-8381
https://openalex.org/A5054371148,Guillaume Lample,
https://openalex.org/A5054381323,Lorenz Kuhn,
https://openalex.org/A5054618681,Colin B. Compas,
https://openalex.org/A5054665212,Richard J. Chen,https://orcid.org/0000-0003-0389-1331
https://openalex.org/A5054692443,Brett A. Becker,https://orcid.org/0000-0003-1446-647X
https://openalex.org/A5054737143,Jenny E. Hong,
https://openalex.org/A5054880622,Heng-Tze Cheng,https://orcid.org/0009-0007-3845-8796
https://openalex.org/A5054887773,Sam McCandlish,
https://openalex.org/A5054896491,Catherine Stinson,https://orcid.org/0000-0003-2770-7922
https://openalex.org/A5054948010,Francesco De Toni,https://orcid.org/0000-0003-0062-7674
https://openalex.org/A5054987426,Kyle Jeffrey,https://orcid.org/0009-0007-2302-8697
https://openalex.org/A5054993128,Rosario Jauregui Ruano,
https://openalex.org/A5055399590,Yuri Burda,
https://openalex.org/A5055442462,Kyle Hsu,
https://openalex.org/A5055592482,Douglas Eck,
https://openalex.org/A5055658645,Yasset Pérez‐Riverol,https://orcid.org/0000-0001-6579-6941
https://openalex.org/A5055666823,Joe Fenton,
https://openalex.org/A5055795711,Mohaimenul Azam Khan Raiaan,https://orcid.org/0009-0006-4793-5382
https://openalex.org/A5055933325,Weizhe Yuan,https://orcid.org/0000-0002-6117-9417
https://openalex.org/A5055940122,Lala Li,https://orcid.org/0009-0006-5221-1872
https://openalex.org/A5055969617,Aakanksha Chowdhery,https://orcid.org/0000-0002-0628-5225
https://openalex.org/A5055978130,Simran Arora,https://orcid.org/0009-0002-5271-2117
https://openalex.org/A5055989750,Weijiang Yu,https://orcid.org/0000-0002-7449-3093
https://openalex.org/A5056036228,Adi Simhi,https://orcid.org/0000-0003-1730-7087
https://openalex.org/A5056105462,Rodney Kinney,https://orcid.org/0000-0002-3582-6537
https://openalex.org/A5056219662,Albert Webson,
https://openalex.org/A5056287596,Jian Liang,https://orcid.org/0000-0001-6298-7718
https://openalex.org/A5056371786,Ludovic Tanguy,https://orcid.org/0009-0007-8535-8317
https://openalex.org/A5056375705,Yuchao Huang,https://orcid.org/0000-0003-1026-9516
https://openalex.org/A5056549312,Maciej Besta,https://orcid.org/0000-0002-6550-7916
https://openalex.org/A5056575786,Laura Weidinger,https://orcid.org/0000-0002-5189-760X
https://openalex.org/A5056646847,Howard Antony Riina,https://orcid.org/0000-0002-9303-8176
https://openalex.org/A5056701630,Bassey Asuquo Bassey,https://orcid.org/0000-0002-1527-9484
https://openalex.org/A5056790702,Thorsten Holz,https://orcid.org/0000-0002-2783-1264
https://openalex.org/A5056875847,Karel Lenc,https://orcid.org/0000-0001-6119-0045
https://openalex.org/A5056974774,Batuhan Özyurt,
https://openalex.org/A5057010395,Oishi Banerjee,https://orcid.org/0009-0004-0097-3555
https://openalex.org/A5057030499,Shirong Ma,https://orcid.org/0000-0002-0035-9078
https://openalex.org/A5057062066,Leo Gao,
https://openalex.org/A5057065873,Nicolas Ballas,
https://openalex.org/A5057127344,Bart van Merriënboer,
https://openalex.org/A5057172764,Priyan Vaithilingam,https://orcid.org/0000-0001-6730-5683
https://openalex.org/A5057174231,Daniel De Freitas,
https://openalex.org/A5057195145,Nenad Tomašev,https://orcid.org/0000-0003-1624-0220
https://openalex.org/A5057260089,Borko Furht,https://orcid.org/0000-0002-3584-9659
https://openalex.org/A5057289323,Sandhini Agarwal,
https://openalex.org/A5057374299,J. Weller,https://orcid.org/0000-0002-8282-2010
https://openalex.org/A5057393538,Alhussein Fawzi,https://orcid.org/0000-0001-7341-1917
https://openalex.org/A5057457287,Jacob Devlin,
https://openalex.org/A5057529586,Heidy Khlaaf,
https://openalex.org/A5057678172,Andrew Zisserman,https://orcid.org/0000-0002-8945-8573
https://openalex.org/A5057693146,Bill Dolan,
https://openalex.org/A5057700552,Jens Ricke,https://orcid.org/0000-0001-8762-8594
https://openalex.org/A5057742306,Benjamin Chess,
https://openalex.org/A5057834767,Kensen Shi,https://orcid.org/0000-0001-7140-7869
https://openalex.org/A5057932939,Juraj Gottweis,https://orcid.org/0009-0000-6348-5592
https://openalex.org/A5058076181,Alex Nichol,
https://openalex.org/A5058271339,Tianyu Wu,https://orcid.org/0009-0008-8104-3382
https://openalex.org/A5058353652,Tao Gui,https://orcid.org/0000-0002-6154-0751
https://openalex.org/A5058355406,Robert Dale,https://orcid.org/0000-0001-7864-6942
https://openalex.org/A5058399428,Rory Sayres,https://orcid.org/0000-0002-8269-5779
https://openalex.org/A5058408154,Daniel E. Ho,https://orcid.org/0000-0002-2195-5469
https://openalex.org/A5058462199,"Valentine Joseph Owan, Ph.D",https://orcid.org/0000-0001-5715-3428
https://openalex.org/A5058656827,Phillip Wallis,
https://openalex.org/A5058677067,Martin G. Seneviratne,https://orcid.org/0000-0003-0435-3738
https://openalex.org/A5058797533,Meysam Alizadeh,https://orcid.org/0000-0001-6696-6471
https://openalex.org/A5058823844,Vijil Chenthamarakshan,https://orcid.org/0000-0001-7830-5777
https://openalex.org/A5058825905,Ying Sheng,https://orcid.org/0000-0003-2311-3393
https://openalex.org/A5058917931,Austin Herrick,
https://openalex.org/A5059005121,Jamie Hall,https://orcid.org/0000-0003-4042-5591
https://openalex.org/A5059211235,Guang You Yang,https://orcid.org/0000-0003-1181-4862
https://openalex.org/A5059226057,Jonathan Uesato,
https://openalex.org/A5059241576,Carlos Olea,https://orcid.org/0009-0006-9367-6625
https://openalex.org/A5059260582,Girish Sastry,
https://openalex.org/A5059267294,Marie Pellat,https://orcid.org/0009-0004-5017-4129
https://openalex.org/A5059281265,Yuanzhong Xu,https://orcid.org/0000-0002-5264-5324
https://openalex.org/A5059294839,Nesreen K. Ahmed,https://orcid.org/0000-0002-7913-4962
https://openalex.org/A5059439673,Eyke Hüllermeier,https://orcid.org/0000-0002-9944-4108
https://openalex.org/A5059460567,Sebastian Borgeaud,
https://openalex.org/A5059541770,Yingqian Min,
https://openalex.org/A5059804251,Laura Rimell,
https://openalex.org/A5059955534,Richard Socher,https://orcid.org/0000-0002-3577-639X
https://openalex.org/A5060000122,Dale R. Webster,https://orcid.org/0000-0002-3023-8824
https://openalex.org/A5060025182,Connor Leahy,
https://openalex.org/A5060080064,Alisa Liu,https://orcid.org/0000-0001-5943-6739
https://openalex.org/A5060347694,Dani Yogatama,
https://openalex.org/A5060364305,Daya Guo,https://orcid.org/0009-0008-0822-1517
https://openalex.org/A5060413371,David Esiobu,
https://openalex.org/A5060502801,Huy Vo,https://orcid.org/0009-0001-9728-7030
https://openalex.org/A5060570681,Eric Karl Oermann,https://orcid.org/0000-0002-1876-5963
https://openalex.org/A5060618975,Limao Xiong,
https://openalex.org/A5060769750,Bonan Min,https://orcid.org/0000-0002-6114-8418
https://openalex.org/A5060885692,Luyu Gao,https://orcid.org/0009-0006-5806-3022
https://openalex.org/A5060896267,Shasha Liu,https://orcid.org/0000-0001-9726-6048
https://openalex.org/A5060914941,Jannik Kossen,
https://openalex.org/A5060928641,Anuj Pareek,https://orcid.org/0000-0002-1526-3685
https://openalex.org/A5060982337,Renee Wong,https://orcid.org/0009-0003-0403-7679
https://openalex.org/A5061093158,Jason Hom,https://orcid.org/0000-0002-8404-5796
https://openalex.org/A5061096363,Andrea Madotto,https://orcid.org/0000-0002-8672-715X
https://openalex.org/A5061135580,Moussa Doumbouya,https://orcid.org/0000-0002-5655-4489
https://openalex.org/A5061141515,Itziar González-Dios,https://orcid.org/0000-0003-1048-5403
https://openalex.org/A5061193324,Animesh Garg,https://orcid.org/0000-0003-0482-4296
https://openalex.org/A5061320164,Lev Tankelevitch,https://orcid.org/0000-0003-1286-5194
https://openalex.org/A5061512999,Denny Zhou,
https://openalex.org/A5061613634,Shixiang Gu,https://orcid.org/0000-0001-9246-0896
https://openalex.org/A5061696740,Tong Lü,https://orcid.org/0000-0002-7051-5347
https://openalex.org/A5061701176,Yiqi Wang,https://orcid.org/0000-0001-9594-1919
https://openalex.org/A5061791230,Michael Dowling,https://orcid.org/0000-0002-8093-9039
https://openalex.org/A5061895558,Andrew Luxton-Reilly,https://orcid.org/0000-0001-8269-2909
https://openalex.org/A5061948392,Jaeho Jeon,https://orcid.org/0000-0002-1161-3676
https://openalex.org/A5062044629,Pranesh Srinivasan,
https://openalex.org/A5062182459,Valts Blukis,
https://openalex.org/A5062193230,Frank Thomas Piller,https://orcid.org/0000-0003-2532-4020
https://openalex.org/A5062196262,Albrecht Schmidt,https://orcid.org/0000-0003-3890-1990
https://openalex.org/A5062226271,Cordelia Marcela Orillac,
https://openalex.org/A5062285844,Meredith Ringel Morris,https://orcid.org/0000-0003-1436-9223
https://openalex.org/A5062327687,Juan Escalante,https://orcid.org/0009-0009-8534-2504
https://openalex.org/A5062444950,Carlo Bruno Bifulco,https://orcid.org/0000-0003-1922-6977
https://openalex.org/A5062522127,Rogerio Bonatti,https://orcid.org/0000-0003-3015-9613
https://openalex.org/A5062546146,Alexander M. Rush,https://orcid.org/0000-0002-9900-1606
https://openalex.org/A5062633736,Zhuyun Dai,
https://openalex.org/A5062665223,Hengyi Cai,https://orcid.org/0000-0002-7147-5666
https://openalex.org/A5062696000,Adina Williams,https://orcid.org/0000-0001-5281-3343
https://openalex.org/A5062716310,Sami Azam,https://orcid.org/0000-0001-7572-9750
https://openalex.org/A5062817741,Julien Mairal,https://orcid.org/0000-0001-6991-2110
https://openalex.org/A5062843383,Jochen Hartmann,https://orcid.org/0000-0002-1178-8708
https://openalex.org/A5062880340,Chung-Ching Chang,
https://openalex.org/A5062886906,Slav Petrov,https://orcid.org/0000-0002-5505-4861
https://openalex.org/A5062891440,Hao-Ping Lee,https://orcid.org/0000-0002-8063-1034
https://openalex.org/A5062927867,Shantanu Jain,
https://openalex.org/A5063020928,Jordan Hoffmann,
https://openalex.org/A5063040968,Angelina McMillan-Major,https://orcid.org/0000-0003-2257-9618
https://openalex.org/A5063094642,Jörg Frohberg,
https://openalex.org/A5063149046,Po-Yao Huang,https://orcid.org/0000-0002-3319-5145
https://openalex.org/A5063151917,Ari Holtzman,https://orcid.org/0000-0002-1314-2126
https://openalex.org/A5063201022,S. Sara Mahdavi,https://orcid.org/0000-0001-6823-598X
https://openalex.org/A5063233389,Weihua Peng,https://orcid.org/0000-0003-3380-6409
https://openalex.org/A5063270174,Claudia Nerdel,https://orcid.org/0000-0003-1170-8875
https://openalex.org/A5063374092,Nicholas Joseph,
https://openalex.org/A5063387701,Jack Ryan,
https://openalex.org/A5063513636,Anthony Brohan,
https://openalex.org/A5063672058,Bastian Oliver Sabel,https://orcid.org/0000-0001-6027-7309
https://openalex.org/A5063711526,Junxiao Song,
https://openalex.org/A5063722751,Swaroop Ranjan Mishra,https://orcid.org/0009-0001-6413-7001
https://openalex.org/A5063737268,Mark Krass,
https://openalex.org/A5063864170,Daniel Haziza,https://orcid.org/0000-0002-7316-6410
https://openalex.org/A5063897942,Karan Goel,https://orcid.org/0009-0009-0687-5805
https://openalex.org/A5063925941,Yusuke Iwasawa,https://orcid.org/0000-0002-1321-2622
https://openalex.org/A5064018105,Javier de la Rosa,https://orcid.org/0000-0002-9143-5573
https://openalex.org/A5064114707,Sami Sarsa,https://orcid.org/0000-0002-7277-9282
https://openalex.org/A5064188865,Yunfang Yu,https://orcid.org/0000-0003-2579-6220
https://openalex.org/A5064265174,Alexander Toshev,https://orcid.org/0000-0003-0925-638X
https://openalex.org/A5064284582,Jernej Kos,
https://openalex.org/A5064335115,Payel Das,https://orcid.org/0000-0002-7288-0516
https://openalex.org/A5064402830,Berk Ekmekci,
https://openalex.org/A5064530863,Hongsheng Hu,https://orcid.org/0000-0003-4455-4227
https://openalex.org/A5064618853,Ángel Piñeiro,https://orcid.org/0000-0001-9350-8468
https://openalex.org/A5064636177,Youssef Mroueh,https://orcid.org/0000-0001-8798-1267
https://openalex.org/A5064685592,Gretchen Marie Krueger,
https://openalex.org/A5064812943,Ilkka Tuomi,https://orcid.org/0000-0002-4179-7103
https://openalex.org/A5064829377,Akshay Sanjay Chaudhari,https://orcid.org/0000-0002-3667-6796
https://openalex.org/A5064858748,Arman Cohan,https://orcid.org/0000-0002-8954-2724
https://openalex.org/A5064920618,Hengyun Li,https://orcid.org/0000-0002-2369-1567
https://openalex.org/A5064948864,Michael Sailer,https://orcid.org/0000-0001-6831-5429
https://openalex.org/A5064982530,Praveen Kumar Reddy Maddikunta,https://orcid.org/0000-0003-4209-2495
https://openalex.org/A5065046937,Abu Awal Md Shoeb,
https://openalex.org/A5065053503,James E. Prather,https://orcid.org/0000-0003-2807-6042
https://openalex.org/A5065128060,Yossi Matias,https://orcid.org/0000-0003-3960-6002
https://openalex.org/A5065197324,Gokul Yenduri,https://orcid.org/0000-0001-9146-8378
https://openalex.org/A5065253486,William H. Guss,
https://openalex.org/A5065321401,Shruti Bhosale,
https://openalex.org/A5065367221,Liangbin Xie,https://orcid.org/0009-0009-1931-517X
https://openalex.org/A5065371323,Andy Shih,
https://openalex.org/A5065423139,Lav R. Varshney,https://orcid.org/0000-0003-2798-5308
https://openalex.org/A5065489269,Mike Tian-Jian Jiang,https://orcid.org/0000-0002-2496-2699
https://openalex.org/A5065658217,Xinyi Hou,https://orcid.org/0009-0005-9965-2109
https://openalex.org/A5065663195,Carrie Jun Cai,https://orcid.org/0000-0001-9421-7128
https://openalex.org/A5065666918,Zac Kenton,
https://openalex.org/A5065686484,Felipe Petroski Such,https://orcid.org/0000-0002-3906-5990
https://openalex.org/A5065707162,Heewoo Jun,
https://openalex.org/A5065754485,Ryan Sepassi,
https://openalex.org/A5065856469,Pascale Fung,https://orcid.org/0000-0002-0628-7132
https://openalex.org/A5065912572,David Grangier,https://orcid.org/0000-0002-8847-9532
https://openalex.org/A5066029226,Abubakr Babiker,
https://openalex.org/A5066197394,Dario Amodei,
https://openalex.org/A5066242985,Bryan Catanzaro,https://orcid.org/0000-0003-0034-7728
https://openalex.org/A5066246956,Gianclaudio Malgieri,https://orcid.org/0000-0003-3495-8471
https://openalex.org/A5066299337,Woosuk Kwon,https://orcid.org/0009-0008-8870-4892
https://openalex.org/A5066409108,Jakob Dexl,https://orcid.org/0000-0002-0617-0460
https://openalex.org/A5066465234,Angelica Chen,
https://openalex.org/A5066539391,Oleksandr Polozov,https://orcid.org/0000-0003-3669-4262
https://openalex.org/A5066544075,Pierre Sermanet,
https://openalex.org/A5066559387,Miles Brundage,
https://openalex.org/A5066575939,Honghui Ding,
https://openalex.org/A5066588555,Kyle Lo,https://orcid.org/0000-0002-1804-2853
https://openalex.org/A5066835782,Kathleen S. Meier-Hellstern,
https://openalex.org/A5066892638,Siddharth Karamcheti,https://orcid.org/0000-0003-2153-2455
https://openalex.org/A5067022550,Johannes Welbl,
https://openalex.org/A5067148263,G. Deepti Raj,https://orcid.org/0000-0003-4640-6914
https://openalex.org/A5067164243,Ting Wang,https://orcid.org/0000-0002-7223-8849
https://openalex.org/A5067187716,Brennan Saeta,
https://openalex.org/A5067188801,Patrick Labatut,
https://openalex.org/A5067264969,Ashwin Paranjape,https://orcid.org/0009-0009-6294-6129
https://openalex.org/A5067303323,Nils Blach,https://orcid.org/0009-0003-0401-0388
https://openalex.org/A5067401687,Sasha Brown,https://orcid.org/0000-0003-1401-0704
https://openalex.org/A5067437615,Dmitri Vainbrand,
https://openalex.org/A5067758524,Yongyan Zheng,https://orcid.org/0000-0002-0664-3942
https://openalex.org/A5067844767,Qinglong Zhang,https://orcid.org/0000-0002-3262-7719
https://openalex.org/A5067888631,Z. Li,https://orcid.org/0009-0004-1534-9106
https://openalex.org/A5067919401,Luke Zettlemoyer,https://orcid.org/0009-0008-8296-0764
https://openalex.org/A5068010225,Ciprian I. Chelba,
https://openalex.org/A5068059558,Damien Sileo,https://orcid.org/0000-0002-3274-291X
https://openalex.org/A5068151024,Anthony Beardsworth Costa,https://orcid.org/0000-0002-2202-6450
https://openalex.org/A5068178240,Neel Guha,https://orcid.org/0009-0003-5120-1726
https://openalex.org/A5068437386,Patrick LeGresley,
https://openalex.org/A5068480230,Zihao Wu,https://orcid.org/0000-0001-7483-6570
https://openalex.org/A5068508539,Chris Callison-Burch,https://orcid.org/0000-0001-8196-1943
https://openalex.org/A5068811427,Graham Neubig,https://orcid.org/0000-0002-2072-3789
https://openalex.org/A5068839714,Lecong Zhang,
https://openalex.org/A5068850854,Anna Gottardi,
https://openalex.org/A5068949174,Long Ouyang,
https://openalex.org/A5068955381,Greg S. Corrado,https://orcid.org/0000-0001-8817-0992
https://openalex.org/A5068956151,Dan Kilman,
https://openalex.org/A5069058824,Jinhao Jiang,https://orcid.org/0009-0008-6333-0433
https://openalex.org/A5069076821,G. Chemmalar Selvi,
https://openalex.org/A5069149197,Gunjan Chhablani,https://orcid.org/0000-0001-8445-9051
https://openalex.org/A5069316249,Édouard Grave,
https://openalex.org/A5069328902,Aikaterini Lalatsa,https://orcid.org/0000-0003-4791-7468
https://openalex.org/A5069420168,Guillem Cucurull,
https://openalex.org/A5069425796,Shengyong Yang,https://orcid.org/0000-0001-5147-3746
https://openalex.org/A5069544528,Anselm Levskaya,
https://openalex.org/A5069557194,Heather J. Cole-Lewis,https://orcid.org/0000-0002-7275-1810
https://openalex.org/A5069576651,Rishi Bommasani,https://orcid.org/0000-0002-9616-5138
https://openalex.org/A5069649243,David Luan,
https://openalex.org/A5069697936,Naveed Akhtar,https://orcid.org/0000-0003-3406-673X
https://openalex.org/A5069844959,Ilia Shumailov,https://orcid.org/0000-0003-3100-0727
https://openalex.org/A5069870254,Jiaao Chen,
https://openalex.org/A5070026510,Ariel Herbert-Voss,
https://openalex.org/A5070165835,Xu Yi‐chong,https://orcid.org/0000-0001-6823-8013
https://openalex.org/A5070207769,Nora Chung Kim,https://orcid.org/0000-0002-9487-9452
https://openalex.org/A5070255304,Armin W. Thomas,https://orcid.org/0000-0002-9947-5705
https://openalex.org/A5070268107,Mark Omernick,
https://openalex.org/A5070366042,Katherine Chou,https://orcid.org/0000-0002-0318-7857
https://openalex.org/A5070411028,Kawin Ethayarajh,
https://openalex.org/A5070433751,Roberto Confalonieri,https://orcid.org/0000-0003-0936-2123
https://openalex.org/A5070475779,Inda Indrawati,https://orcid.org/0000-0002-0904-9682
https://openalex.org/A5070511738,Claire Cardie,https://orcid.org/0000-0002-2061-6094
https://openalex.org/A5070590692,Zhiyuan Chen,https://orcid.org/0000-0001-9897-8848
https://openalex.org/A5070591850,Shazia Wasim Sadiq,https://orcid.org/0000-0001-6739-4145
https://openalex.org/A5070647299,Manan Dey,
https://openalex.org/A5070738960,Sally Jesmonth,
https://openalex.org/A5070767948,Dallas Card,https://orcid.org/0000-0001-5573-8836
https://openalex.org/A5070852339,Luming Tang,https://orcid.org/0000-0001-6944-1101
https://openalex.org/A5070962435,Zhuosheng Zhang,https://orcid.org/0000-0002-4183-3645
https://openalex.org/A5070966194,Mikhail Pavlov,
https://openalex.org/A5070994105,Tong Lee,https://orcid.org/0000-0001-9817-2908
https://openalex.org/A5071144367,Hinrich Schütze,https://orcid.org/0000-0001-9514-7934
https://openalex.org/A5071371645,John Etchemendy,
https://openalex.org/A5071606441,Hakan Inan,https://orcid.org/0000-0003-3505-8838
https://openalex.org/A5071610222,Efrat Levkovizh,
https://openalex.org/A5071710055,Daniel Ramage,https://orcid.org/0009-0008-1390-3475
https://openalex.org/A5071941381,Jordan S. Ellenberg,https://orcid.org/0000-0001-6307-8911
https://openalex.org/A5072132225,Qinyu Chen,https://orcid.org/0000-0001-9270-4336
https://openalex.org/A5072177559,Cara E. Van Uden,https://orcid.org/0000-0001-5409-2279
https://openalex.org/A5072191151,Mengnan Du,https://orcid.org/0000-0002-1614-6069
https://openalex.org/A5072207220,Marc Szafraniec,
https://openalex.org/A5072322524,Murray Shanahan,https://orcid.org/0000-0001-5984-2964
https://openalex.org/A5072427753,Joseph E. Gonzalez,https://orcid.org/0000-0003-2921-956X
https://openalex.org/A5072436307,Mohammad Shoeybi,
https://openalex.org/A5072470031,Gérard Dupont,https://orcid.org/0000-0002-3284-2320
https://openalex.org/A5072545690,Dev Dash,https://orcid.org/0000-0002-0223-1641
https://openalex.org/A5072548276,Humza Naveed,https://orcid.org/0000-0003-4962-903X
https://openalex.org/A5072837153,Nick M. Barnes,https://orcid.org/0000-0002-9343-9535
https://openalex.org/A5072906919,Loubna Ben Allal,
https://openalex.org/A5073022416,Zelalem Gero,https://orcid.org/0009-0009-5257-830X
https://openalex.org/A5073058818,Arun Raja,
https://openalex.org/A5073143385,Hongrong Cheng,https://orcid.org/0000-0002-4766-8935
https://openalex.org/A5073213620,Xiaocheng Feng,https://orcid.org/0000-0001-6011-0496
https://openalex.org/A5073311852,Jinhao Duan,https://orcid.org/0000-0001-7045-9376
https://openalex.org/A5073402985,Benjamin Inden,https://orcid.org/0000-0001-6048-6856
https://openalex.org/A5073501090,Austin Pack,https://orcid.org/0000-0002-3861-5620
https://openalex.org/A5073571802,Machel Reid,
https://openalex.org/A5073775343,Shukang Yin,https://orcid.org/0000-0002-5356-1800
https://openalex.org/A5073811679,Khalid Almubarak,https://orcid.org/0009-0006-4869-6440
https://openalex.org/A5074001163,Ming Y. Lu,https://orcid.org/0000-0003-0009-9699
https://openalex.org/A5074009646,Eric Mitchell,https://orcid.org/0000-0002-7487-1744
https://openalex.org/A5074022699,Athanasios V. Vasilakos,https://orcid.org/0000-0003-1902-9877
https://openalex.org/A5074059447,Yutaka Matsuo,https://orcid.org/0000-0002-2070-4393
https://openalex.org/A5074210381,Ariel Kreisberg Nitzav,
https://openalex.org/A5074258457,Peitian Zhang,https://orcid.org/0009-0007-1926-7433
https://openalex.org/A5074277807,Faisal Ladhak,https://orcid.org/0009-0009-5730-3866
https://openalex.org/A5074322007,Maarten Bosma,
https://openalex.org/A5074350356,Dehao Chen,https://orcid.org/0000-0003-4482-0329
https://openalex.org/A5074442659,Jaspreet Bagga,https://orcid.org/0009-0003-1196-6804
https://openalex.org/A5074452768,Massimo Chiriatti,https://orcid.org/0000-0002-4623-1678
https://openalex.org/A5074485795,Matthias Gallé,https://orcid.org/0000-0001-5677-5911
https://openalex.org/A5074504351,Stephan Günnemann,https://orcid.org/0000-0001-7772-5059
https://openalex.org/A5074665620,Niu Huang,https://orcid.org/0000-0002-6912-033X
https://openalex.org/A5074688105,Andy Swing,https://orcid.org/0009-0009-7039-8812
https://openalex.org/A5074759785,Maheen Farooqi,https://orcid.org/0000-0001-9678-4206
https://openalex.org/A5074764224,Kevin Lin,https://orcid.org/0000-0002-1236-9847
https://openalex.org/A5074834854,Steven C. H. Hoi,https://orcid.org/0000-0002-4584-3453
https://openalex.org/A5074848230,Ruiyang Ren,https://orcid.org/0000-0002-0562-9911
https://openalex.org/A5074858555,Zhewei Wei,https://orcid.org/0000-0003-3620-5086
https://openalex.org/A5074961334,Annie Chen,https://orcid.org/0000-0003-3070-8336
https://openalex.org/A5074969309,Chris Piech,https://orcid.org/0000-0001-5140-0467
https://openalex.org/A5075068668,Panpan Huang,https://orcid.org/0000-0001-5661-5280
https://openalex.org/A5075075495,John Hewitt,https://orcid.org/0000-0003-1320-6633
https://openalex.org/A5075129836,Nithu Sara John,https://orcid.org/0000-0002-4823-6210
https://openalex.org/A5075136074,Mario Šaško,
https://openalex.org/A5075173651,Diego de Las Casas,
https://openalex.org/A5075261035,Chiyu Wu,
https://openalex.org/A5075518871,Soravit Changpinyo,https://orcid.org/0000-0002-4013-1190
https://openalex.org/A5075613881,Tengda Han,https://orcid.org/0000-0002-1874-9664
https://openalex.org/A5075639297,Chunyang Chen,https://orcid.org/0000-0003-2011-9618
https://openalex.org/A5075783850,Suchin Gururangan,
https://openalex.org/A5075834790,Naman Goyal,https://orcid.org/0000-0002-7565-4303
https://openalex.org/A5075858724,Huiqi Deng,https://orcid.org/0009-0000-0754-0577
https://openalex.org/A5075888304,Hui Qu,https://orcid.org/0000-0002-7610-6413
https://openalex.org/A5076120553,Xuyun Zhang,https://orcid.org/0000-0001-7353-4159
https://openalex.org/A5076161313,Wadim Striełkowski,https://orcid.org/0000-0001-6113-3841
https://openalex.org/A5076163068,Timothée Darcet,
https://openalex.org/A5076189854,Michael S. Bernstein,https://orcid.org/0000-0001-8020-9434
https://openalex.org/A5076240321,Andreas Stuhlmüller,
https://openalex.org/A5076248555,Blaise Aguera-Arcas,
https://openalex.org/A5076248976,Myle Ott,
https://openalex.org/A5076269589,Timo Schick,
https://openalex.org/A5076280995,Junjie Qiu,https://orcid.org/0000-0001-8374-3181
https://openalex.org/A5076310142,Ali Safaya,https://orcid.org/0000-0003-0945-8897
https://openalex.org/A5076407338,Yonghao Zhuang,https://orcid.org/0009-0001-8969-7478
https://openalex.org/A5076412680,Hannah Rashkin,
https://openalex.org/A5076418776,Prafulla Dhariwal,
https://openalex.org/A5076474156,Po-Sen Huang,https://orcid.org/0000-0003-1470-0991
https://openalex.org/A5076546237,Arnaud Stiegler,
https://openalex.org/A5076610873,William R. Hogan,https://orcid.org/0000-0002-9881-1017
https://openalex.org/A5076635608,Jason Weston,
https://openalex.org/A5076651586,Wojciech Zaremba,
https://openalex.org/A5076733732,Stella Biderman,https://orcid.org/0000-0001-8228-1042
https://openalex.org/A5076738898,Thorsten Brants,
https://openalex.org/A5076818276,Cameron Dour,
https://openalex.org/A5076826749,Ellery Wulczyn,
https://openalex.org/A5076828114,Arto Hellas,https://orcid.org/0000-0001-6502-209X
https://openalex.org/A5076843841,Moya Chen,
https://openalex.org/A5076879151,Mohammad Ali Jauhar,
https://openalex.org/A5077034022,Claire Murong Cui,https://orcid.org/0000-0001-5422-6468
https://openalex.org/A5077057828,David B. Kurland,https://orcid.org/0000-0002-4074-7497
https://openalex.org/A5077079119,Thomas L. Griffiths,https://orcid.org/0000-0002-5138-7255
https://openalex.org/A5077166728,Jizhi Zhang,https://orcid.org/0000-0002-0251-465X
https://openalex.org/A5077190748,Paulo Villegas,https://orcid.org/0000-0001-9293-8052
https://openalex.org/A5077202069,David A. Patterson,https://orcid.org/0000-0003-0902-7093
https://openalex.org/A5077242061,Balthasar Maria Schachtner,https://orcid.org/0000-0002-8712-3948
https://openalex.org/A5077302579,Matej Balog,https://orcid.org/0000-0002-5552-9855
https://openalex.org/A5077537139,James Finnie-Ansley,https://orcid.org/0000-0002-4279-6284
https://openalex.org/A5077569089,Bing Xue,https://orcid.org/0000-0002-4865-8026
https://openalex.org/A5077628496,Alena Butryna,
https://openalex.org/A5077663332,Benoît Sagot,https://orcid.org/0000-0002-0107-8526
https://openalex.org/A5077726785,Ashish Sabharwal,
https://openalex.org/A5077791956,Aishwarya Kamath,
https://openalex.org/A5077813772,Sen Xing,
https://openalex.org/A5077815035,Louie Giray,https://orcid.org/0000-0002-1940-035X
https://openalex.org/A5077819827,Jeff Donahue,
https://openalex.org/A5077880708,Quchen Fu,https://orcid.org/0000-0002-4996-5335
https://openalex.org/A5078148173,Francis C. Luciano,
https://openalex.org/A5078178614,Colin Leong,
https://openalex.org/A5078446912,Jason Wei,
https://openalex.org/A5078511139,Sumit Chopra,https://orcid.org/0009-0009-6637-2230
https://openalex.org/A5078519761,Pengcheng Yin,https://orcid.org/0000-0003-2739-1032
https://openalex.org/A5078560039,Ashok C. Popat,
https://openalex.org/A5078666530,Mohammadamin Barekatain,https://orcid.org/0000-0002-8470-8203
https://openalex.org/A5078784976,Yun Liu,https://orcid.org/0000-0003-4079-8275
https://openalex.org/A5078810229,Long P. Le,https://orcid.org/0000-0003-4212-6528
https://openalex.org/A5078833726,Julie Bernauer,https://orcid.org/0000-0003-2345-995X
https://openalex.org/A5078892242,Yoshija Walter,https://orcid.org/0000-0003-0282-9659
https://openalex.org/A5078967629,Hugo Laurençon,
https://openalex.org/A5079005032,Stas Bekman,https://orcid.org/0009-0002-1212-0379
https://openalex.org/A5079185258,Jamin Chen,
https://openalex.org/A5079244248,Thomas Icard,
https://openalex.org/A5079470006,Chenggang Zhao,https://orcid.org/0009-0005-2297-0790
https://openalex.org/A5079514101,Deepak Narayanan,https://orcid.org/0000-0002-3020-2848
https://openalex.org/A5079539370,Maraim Masoud,https://orcid.org/0000-0003-0503-7577
https://openalex.org/A5079540764,Sharan Narang,
https://openalex.org/A5079611849,Cristian Canton Ferrer,https://orcid.org/0000-0002-3189-5498
https://openalex.org/A5079652585,Anil Vasdev Parwani,https://orcid.org/0000-0002-7616-1666
https://openalex.org/A5079666746,Dave Van Veen,https://orcid.org/0000-0001-9312-1773
https://openalex.org/A5079837530,Rapha Gontijo Lopes,
https://openalex.org/A5079904764,Pang Wei Koh,https://orcid.org/0000-0003-4330-6969
https://openalex.org/A5080012348,Saghar Hosseini,
https://openalex.org/A5080017460,Selvakumar Kamatchinathan,https://orcid.org/0009-0001-3644-2586
https://openalex.org/A5080050834,Faisal Mahmood,https://orcid.org/0000-0001-7587-1562
https://openalex.org/A5080095155,Jeffrey W. Zhao,https://orcid.org/0000-0001-7046-5434
https://openalex.org/A5080097591,Sergios Gatidis,https://orcid.org/0000-0002-6928-4967
https://openalex.org/A5080160770,Maribeth Rauh,https://orcid.org/0009-0009-9036-4230
https://openalex.org/A5080211309,Alex Paino,
https://openalex.org/A5080313896,Alexandre Blanco-González,https://orcid.org/0000-0001-8593-5881
https://openalex.org/A5080552239,Abubakar Abid,https://orcid.org/0000-0002-8701-3351
https://openalex.org/A5080588688,Shanya Sharma,
https://openalex.org/A5080647450,Rohith Kuditipudi,
https://openalex.org/A5080725225,Dorsa Sadigh,https://orcid.org/0000-0002-7802-9183
https://openalex.org/A5080738591,Xindong Wu,https://orcid.org/0000-0003-2396-1704
https://openalex.org/A5080778601,Amin Ghafouri,https://orcid.org/0000-0002-4442-0061
https://openalex.org/A5080857815,Robert Stojnic,https://orcid.org/0000-0002-6458-0273
https://openalex.org/A5080901995,Eider Moore,
https://openalex.org/A5080941449,Nick Ryder,
https://openalex.org/A5081006489,Andreas Mittermeier,https://orcid.org/0000-0001-5743-473X
https://openalex.org/A5081011219,Stanislav Hristov Ivanov,https://orcid.org/0000-0002-6851-5823
https://openalex.org/A5081028846,Andrew N. Carr,https://orcid.org/0000-0001-8294-1522
https://openalex.org/A5081036622,David Lo,https://orcid.org/0000-0002-4367-7201
https://openalex.org/A5081114983,Viktor Kerkez,
https://openalex.org/A5081157085,Hongrae Lee,
https://openalex.org/A5081246075,Tiezheng Yu,https://orcid.org/0000-0001-5396-950X
https://openalex.org/A5081413425,Jeffrey Wu,
https://openalex.org/A5081442873,Stefan Feuerriegel,https://orcid.org/0000-0001-7856-8729
https://openalex.org/A5081511803,Serena Y. Yeung,https://orcid.org/0000-0003-0529-0628
https://openalex.org/A5081550394,Noah Hollmann,https://orcid.org/0000-0001-8556-518X
https://openalex.org/A5081558429,Alex Tamkin,https://orcid.org/0009-0006-0007-3746
https://openalex.org/A5081567725,Yanqi Zhou,https://orcid.org/0000-0003-2051-7616
https://openalex.org/A5081667345,Rongxiang Weng,
https://openalex.org/A5081787254,Dragomir Radev,https://orcid.org/0000-0001-7830-6489
https://openalex.org/A5081831578,Amjad Almahairi,
https://openalex.org/A5081987422,Jonathan Chang,https://orcid.org/0000-0002-3811-1254
https://openalex.org/A5082096652,Zaid Alyafeai,https://orcid.org/0009-0003-1774-5236
https://openalex.org/A5082206666,Zhuoshu Li,https://orcid.org/0000-0002-2168-7986
https://openalex.org/A5082224513,Suchir Balaji,
https://openalex.org/A5082252423,Dacheng Li,https://orcid.org/0000-0002-0487-2581
https://openalex.org/A5082290231,Emilien Dupont,
https://openalex.org/A5082305994,Hannaneh Hajishirzi,https://orcid.org/0000-0002-1055-6657
https://openalex.org/A5082308834,Zhanghao Wu,https://orcid.org/0000-0003-2352-4002
https://openalex.org/A5082512329,Tim Salimans,
https://openalex.org/A5082534819,Jianzhong Guo,https://orcid.org/0000-0003-2144-1764
https://openalex.org/A5082548649,Douglas C. Schmidt,https://orcid.org/0000-0002-7389-4995
https://openalex.org/A5082569485,Alicia Parrish,https://orcid.org/0000-0002-1054-0516
https://openalex.org/A5082616743,Deyao Zhu,https://orcid.org/0000-0001-8014-7309
https://openalex.org/A5082626235,Brian Piening,https://orcid.org/0000-0002-2683-8157
https://openalex.org/A5082654541,Alexander W. Kocurek,https://orcid.org/0000-0002-0912-1488
https://openalex.org/A5082867662,Jeremy Reizenstein,https://orcid.org/0009-0006-8368-092X
https://openalex.org/A5082913979,John Grundy,https://orcid.org/0000-0003-4928-7076
https://openalex.org/A5082952724,Animesh Gupta,https://orcid.org/0000-0003-4374-335X
https://openalex.org/A5083109184,Pranav Shyam,
https://openalex.org/A5083173421,Shihan Dou,https://orcid.org/0009-0002-6013-3035
https://openalex.org/A5083182498,Richard Jiang,https://orcid.org/0000-0003-1721-9474
https://openalex.org/A5083185771,Angela Fan,https://orcid.org/0000-0002-2500-3019
https://openalex.org/A5083212922,Michael Auli,https://orcid.org/0000-0001-5974-4459
https://openalex.org/A5083402013,Ying Sheng,https://orcid.org/0000-0002-1883-2126
https://openalex.org/A5083505661,Alaaeldin El-Nouby,
https://openalex.org/A5083548873,Antong Li,
https://openalex.org/A5083595182,Siyuan Zhuang,https://orcid.org/0009-0007-3787-0316
https://openalex.org/A5083735830,Chitta R. Baral,https://orcid.org/0000-0002-7549-723X
https://openalex.org/A5083874423,Qing‐Long Han,https://orcid.org/0000-0002-7207-0716
https://openalex.org/A5083955516,Zhangyue Yin,https://orcid.org/0009-0008-0620-8271
https://openalex.org/A5084043782,Russ Biagio Altman,https://orcid.org/0000-0003-3859-2905
https://openalex.org/A5084104975,Zongwei Zhou,https://orcid.org/0000-0002-3154-9851
https://openalex.org/A5084241804,Ananya Ganesh,https://orcid.org/0009-0001-1541-6557
https://openalex.org/A5084254760,Benjamin Mann,
https://openalex.org/A5084271210,Daylen Yang,
https://openalex.org/A5084286453,Daniel Povey,https://orcid.org/0000-0002-0611-3634
https://openalex.org/A5084414561,Yosef Michael Dastagirzada,https://orcid.org/0009-0003-3237-6037
https://openalex.org/A5084459196,Hendrik Strobelt,https://orcid.org/0000-0002-8995-1683
https://openalex.org/A5084476585,Daniel W. C. Ho,https://orcid.org/0000-0001-9799-3712
https://openalex.org/A5084512458,Rewon Child,
https://openalex.org/A5084515381,Eric J. Topol,https://orcid.org/0000-0002-1478-4729
https://openalex.org/A5084553837,Timothée Lacroix,
https://openalex.org/A5084611574,Sergio A. Sánchez-Guirales,https://orcid.org/0000-0002-0331-0499
https://openalex.org/A5084633048,Saeed Anwar,https://orcid.org/0000-0002-0692-8411
https://openalex.org/A5084658659,Chengwei Qin,https://orcid.org/0000-0002-1121-2100
https://openalex.org/A5084743219,Hayley Ross,https://orcid.org/0000-0003-2288-3847
https://openalex.org/A5084839131,Chengqi Deng,https://orcid.org/0009-0006-4777-2448
https://openalex.org/A5084917133,Kai Greshake,https://orcid.org/0009-0005-0460-5327
https://openalex.org/A5084957527,Teven Le Scao,
https://openalex.org/A5084989076,Emma Brunskill,https://orcid.org/0000-0002-3971-7127
https://openalex.org/A5085004466,Lavender Yao Jiang,https://orcid.org/0000-0003-2464-3281
https://openalex.org/A5085011940,Daniel S. Weld,https://orcid.org/0000-0002-3255-0109
https://openalex.org/A5085089542,Mohamed Elhoseiny,https://orcid.org/0000-0001-9659-1551
https://openalex.org/A5085146470,Arfa Tabassum,
https://openalex.org/A5085244021,I. Babuschkin,https://orcid.org/0000-0001-5156-5333
https://openalex.org/A5085254654,Defu Lian,https://orcid.org/0000-0002-3507-9607
https://openalex.org/A5085346370,Deli Chen,https://orcid.org/0000-0003-3631-6253
https://openalex.org/A5085396184,Guan-Ting Chen,https://orcid.org/0000-0002-0414-1412
https://openalex.org/A5085443636,Gaurav Mishra,https://orcid.org/0000-0002-3254-8797
https://openalex.org/A5085679401,Borja Balle,https://orcid.org/0009-0003-8726-2803
https://openalex.org/A5085746798,David Warde-Farley,
https://openalex.org/A5085787384,George Thomas Kurian,https://orcid.org/0000-0002-3478-518X
https://openalex.org/A5085810270,Nikhil J Joshi,
https://openalex.org/A5085834120,Vijay Anand Korthikanti,
https://openalex.org/A5086001486,Eric Noland,
https://openalex.org/A5086009273,Tomasz M. Lehmann,https://orcid.org/0000-0002-8576-5357
https://openalex.org/A5086038509,Qianglong Chen,https://orcid.org/0000-0002-7845-1544
https://openalex.org/A5086198262,Yoshua Bengio,https://orcid.org/0000-0002-9322-3515
https://openalex.org/A5086354041,Tucker C. Bower,https://orcid.org/0009-0002-0183-5483
https://openalex.org/A5086674741,Lidong Bing,https://orcid.org/0000-0003-4565-6313
https://openalex.org/A5086984307,Blake Stephen Howald,https://orcid.org/0009-0001-3482-6957
https://openalex.org/A5087003679,Antonio Norelli,https://orcid.org/0000-0003-1598-4615
https://openalex.org/A5087014857,Mingchuan Zhang,https://orcid.org/0000-0002-2523-1089
https://openalex.org/A5087022211,Kai Cheng Hu,https://orcid.org/0000-0003-2216-6784
https://openalex.org/A5087033501,Enyu Zhou,
https://openalex.org/A5087045209,Brooke Chan,
https://openalex.org/A5087088138,Dan Jurafsky,https://orcid.org/0000-0002-6459-7745
https://openalex.org/A5087214686,Zakhar Shumaylov,https://orcid.org/0000-0001-7087-4393
https://openalex.org/A5087382703,Katharina Jeblick,https://orcid.org/0000-0002-8678-7152
https://openalex.org/A5087421236,Roshanthi K. Weerasinghe,https://orcid.org/0000-0002-6610-2865
https://openalex.org/A5087530146,Giada Pistilli,https://orcid.org/0000-0003-4941-0505
https://openalex.org/A5087560188,Aytug Kara,https://orcid.org/0000-0001-8091-9065
https://openalex.org/A5087591662,Noah Fiedel,
https://openalex.org/A5087616870,Md. Saddam Hossain Mukta,https://orcid.org/0000-0003-2675-5471
https://openalex.org/A5087636608,Dan Garrette,
https://openalex.org/A5087654936,Gero Strobel,https://orcid.org/0000-0003-1505-4688
https://openalex.org/A5087660055,Yindalon Aphinyanaphongs,https://orcid.org/0000-0001-8605-5392
https://openalex.org/A5087687501,Abhinav Rastogi,
https://openalex.org/A5087710258,Curtis P. Langlotz,https://orcid.org/0000-0002-8972-8051
https://openalex.org/A5087801436,Pawan Sasanka Ammanamanchi,
https://openalex.org/A5087959258,Duane A. Mitchell,https://orcid.org/0000-0001-6049-213X
https://openalex.org/A5088028306,Harlan M. Krumholz,https://orcid.org/0000-0003-2046-127X
https://openalex.org/A5088063475,Ajay Kumar Tanwani,https://orcid.org/0000-0002-6365-8315
https://openalex.org/A5088112892,Alexander Koller,https://orcid.org/0000-0002-5317-6689
https://openalex.org/A5088166627,Zoran A. Salcic,https://orcid.org/0000-0001-7714-9848
https://openalex.org/A5088352526,Yusuf Roohani,https://orcid.org/0000-0002-9577-5014
https://openalex.org/A5088410008,Antoine Bosselut,https://orcid.org/0000-0001-8968-9649
https://openalex.org/A5088463875,Jiaming Tian,https://orcid.org/0000-0003-0688-6757
https://openalex.org/A5088495817,Pierre Fernandez,
https://openalex.org/A5088517824,Noah A. Smith,https://orcid.org/0000-0002-2310-6380
https://openalex.org/A5088551093,Quoc Viet Le,https://orcid.org/0000-0002-1087-2844
https://openalex.org/A5088601308,Bernardino Romera‐Paredes,https://orcid.org/0000-0003-3604-3590
https://openalex.org/A5088658365,David Ifeoluwa Adelani,https://orcid.org/0000-0002-0193-2083
https://openalex.org/A5088720016,Jacob Menick,
https://openalex.org/A5088777896,Karol Hausman,https://orcid.org/0000-0002-1504-6197
https://openalex.org/A5088834359,Xuanjing Huang,https://orcid.org/0000-0001-9197-9426
https://openalex.org/A5088862043,Shunfeng Zhou,
https://openalex.org/A5088906859,Anantharaman S. Iyer,
https://openalex.org/A5089105283,Clifton Poth,
https://openalex.org/A5089152779,Radu Soricut,https://orcid.org/0000-0003-1565-3365
https://openalex.org/A5089170562,Taghi M. Khoshgoftaar,
https://openalex.org/A5089232745,Clemens Winter,
https://openalex.org/A5089275971,Timnit Gebru,https://orcid.org/0009-0007-4814-1944
https://openalex.org/A5089355912,Marcelo Menegali,
https://openalex.org/A5089391738,Helga K. Ruiz,https://orcid.org/0000-0003-2575-1233
https://openalex.org/A5089404640,Tat‐Seng Chua,https://orcid.org/0000-0001-6097-7807
https://openalex.org/A5089413311,Diyi Yang,https://orcid.org/0000-0003-1220-3983
https://openalex.org/A5089419558,Thomas Scialom,
https://openalex.org/A5089452138,Alex Warstadt,https://orcid.org/0000-0002-5397-3151
https://openalex.org/A5089476139,Bianca I. Ramirez,https://orcid.org/0000-0001-5225-3382
https://openalex.org/A5089543053,Michael Isard,
https://openalex.org/A5089553213,Kaleb E Smith,
https://openalex.org/A5089646974,Philippe Tillet,
https://openalex.org/A5089660323,Harshit Pandey,https://orcid.org/0009-0000-2805-4420
https://openalex.org/A5089676369,Christian Blüthgen,https://orcid.org/0000-0001-7321-5676
https://openalex.org/A5089730590,Arthur Bucker,https://orcid.org/0009-0009-6177-4927
https://openalex.org/A5089819604,Michael Rabbat,https://orcid.org/0000-0003-0536-7904
https://openalex.org/A5089914621,Andrew La,
https://openalex.org/A5089972944,Roman Ring,
https://openalex.org/A5089986388,Ajmal Saeed Mian,https://orcid.org/0000-0002-5206-3842
https://openalex.org/A5090038537,Iz Beltagy,
https://openalex.org/A5090145147,Sunipa Dev,https://orcid.org/0000-0002-6647-9662
https://openalex.org/A5090328003,Chengda Lu,https://orcid.org/0000-0002-9452-4053
https://openalex.org/A5090341705,Koray Kavukcuoglu,
https://openalex.org/A5090369859,Sirui Zhao,https://orcid.org/0000-0001-8103-0321
https://openalex.org/A5090383211,Rangan Majumder,https://orcid.org/0000-0003-2430-575X
https://openalex.org/A5090396089,Urmish Thakker,https://orcid.org/0000-0002-0515-9155
https://openalex.org/A5090399761,Antoine Chaffin,https://orcid.org/0000-0003-3605-4097
https://openalex.org/A5090457109,Thibaut Lavril,
https://openalex.org/A5090477236,Reiner Pope,
https://openalex.org/A5090477420,Tilman Michaeli,https://orcid.org/0000-0002-5453-8581
https://openalex.org/A5090570382,Carolina Parada,https://orcid.org/0009-0000-7772-4646
https://openalex.org/A5090592321,Jan Leike,
https://openalex.org/A5090629487,Linda Luu,
https://openalex.org/A5090701958,Noah Constant,
https://openalex.org/A5090718376,Paul R Gamble,
https://openalex.org/A5090767423,Gitta Kutyniok,https://orcid.org/0000-0001-9738-2487
https://openalex.org/A5091125431,Baris Öngoren,https://orcid.org/0000-0002-2024-4251
https://openalex.org/A5091148039,Yannis A. Dimitriadis,https://orcid.org/0000-0001-7275-2242
https://openalex.org/A5091175785,Kyunghyun Cho,https://orcid.org/0000-0003-1669-3211
https://openalex.org/A5091179481,Stefano Ermon,https://orcid.org/0000-0003-0039-2887
https://openalex.org/A5091186274,Ruiqi Deng,https://orcid.org/0000-0002-6914-7233
https://openalex.org/A5091221987,Hamed Nilforoshan,
https://openalex.org/A5091250983,Alethea Power,https://orcid.org/0000-0003-4631-5203
https://openalex.org/A5091251187,Riccardo Guidotti,https://orcid.org/0000-0002-2827-7613
https://openalex.org/A5091272738,Jure Leskovec,https://orcid.org/0000-0002-5411-923X
https://openalex.org/A5091317839,Veselin Stoyanov,https://orcid.org/0009-0003-1250-4820
https://openalex.org/A5091353084,Noa Nabeshima,
https://openalex.org/A5091440798,Bill J. Wright,https://orcid.org/0000-0001-9232-4288
https://openalex.org/A5091443553,Jacky Liang,https://orcid.org/0009-0007-8969-0915
https://openalex.org/A5091734792,Tri Dao,
https://openalex.org/A5091807843,Yujuan Ding,https://orcid.org/0000-0003-2945-1107
https://openalex.org/A5091970724,Sami Lachgar,https://orcid.org/0009-0008-3663-1441
https://openalex.org/A5092029666,Ales Kubicek,https://orcid.org/0009-0005-9579-8098
https://openalex.org/A5092145402,Hao Zhang,https://orcid.org/0009-0003-8392-3977
https://openalex.org/A5092224445,Eugene Onor Etta,https://orcid.org/0009-0009-3732-1434
https://openalex.org/A5092228829,Alexander Lisovskiy,https://orcid.org/0000-0003-1304-0792
https://openalex.org/A5092401086,Charankumar Akiri,
https://openalex.org/A5092506185,Dan Bikel,
https://openalex.org/A5092506186,Kalyan Saladi,
https://openalex.org/A5092506187,Alan Schelten,
https://openalex.org/A5092506188,Jian Xiang Kuan,
https://openalex.org/A5092506189,Yasmine Babaei,
https://openalex.org/A5092506191,Nikolay Bashlykov,
https://openalex.org/A5092651390,Toju Duke,
https://openalex.org/A5092780821,Pydi Venkata Satya Ramesh Adapa,
https://openalex.org/A5092780822,Yudu Eswar Vinay Pratap Kumar Kuchi,
https://openalex.org/A5092810033,Piotr Nyczyk,
https://openalex.org/A5092939745,Most. Marufatul Jannat Mim,https://orcid.org/0009-0000-7138-2331
https://openalex.org/A5092994450,Leonardo Banh,https://orcid.org/0000-0001-9185-0243
https://openalex.org/A5093091829,Fabio Petroni,https://orcid.org/0009-0005-5996-9830
https://openalex.org/A5094077400,Zhibin Gou,
https://openalex.org/A5098752951,Jaylen Rosemon,
https://openalex.org/A5098910558,Wrick Talukdar,https://orcid.org/0009-0008-2028-4342
https://openalex.org/A5099347627,Giray Ogut,
https://openalex.org/A5100320074,Yue Liu,https://orcid.org/0000-0002-5593-5917
https://openalex.org/A5100320723,Zhiyuan Liu,https://orcid.org/0000-0002-7709-2543
https://openalex.org/A5100325084,Zhipeng Chen,https://orcid.org/0000-0002-8330-0070
https://openalex.org/A5100326213,Song Wang,https://orcid.org/0000-0003-0531-5717
https://openalex.org/A5100330900,Hongjun Zhang,https://orcid.org/0000-0002-4714-8809
https://openalex.org/A5100331094,Xiang Li,https://orcid.org/0000-0002-9851-6376
https://openalex.org/A5100333729,Yue Zhang,https://orcid.org/0000-0002-5214-2268
https://openalex.org/A5100333755,Yue Zhang,https://orcid.org/0000-0002-7786-0231
https://openalex.org/A5100334841,Yao Lu,https://orcid.org/0000-0002-2803-534X
https://openalex.org/A5100334977,Duo Wang,https://orcid.org/0000-0003-1435-4961
https://openalex.org/A5100338772,Mingming Li,https://orcid.org/0000-0002-8959-8285
https://openalex.org/A5100341808,Xiangyang Liu,https://orcid.org/0000-0002-8636-1610
https://openalex.org/A5100343044,Junjie Zhang,https://orcid.org/0000-0002-0033-0494
https://openalex.org/A5100351935,Lin Zhao,https://orcid.org/0000-0003-2567-627X
https://openalex.org/A5100353377,Chang Liu,https://orcid.org/0000-0003-4959-7541
https://openalex.org/A5100353526,Hao Chen,https://orcid.org/0000-0002-1960-4803
https://openalex.org/A5100353783,Xin Shane Li,https://orcid.org/0000-0002-0144-9489
https://openalex.org/A5100354997,Pengfei Liu,https://orcid.org/0000-0001-9030-1875
https://openalex.org/A5100355246,Chenguang Zhu,https://orcid.org/0000-0002-3549-0826
https://openalex.org/A5100355692,Yang Liu,https://orcid.org/0000-0001-7300-9215
https://openalex.org/A5100357049,Gen Lin Li,https://orcid.org/0000-0003-0087-7796
https://openalex.org/A5100358735,Zeyu Zhang,https://orcid.org/0009-0006-2834-3007
https://openalex.org/A5100360436,Qi Zhang,https://orcid.org/0000-0003-3165-9740
https://openalex.org/A5100363220,Junyi Li,https://orcid.org/0009-0007-0480-5593
https://openalex.org/A5100364041,Peng Zhang,https://orcid.org/0000-0001-7973-2746
https://openalex.org/A5100365595,Yifei Wang,https://orcid.org/0000-0002-8873-613X
https://openalex.org/A5100366476,Yong Jae Lee,https://orcid.org/0000-0001-9917-8199
https://openalex.org/A5100367735,Xiaolei Wang,https://orcid.org/0000-0003-3685-3606
https://openalex.org/A5100368524,Wenjie Wang,https://orcid.org/0000-0002-5199-1428
https://openalex.org/A5100370065,Wenhui Wang,https://orcid.org/0000-0001-5884-7421
https://openalex.org/A5100372089,Yue Wang,https://orcid.org/0000-0003-0146-7262
https://openalex.org/A5100374771,Xiaodong Liu,https://orcid.org/0000-0001-8652-9818
https://openalex.org/A5100374831,Yufei Wang,https://orcid.org/0000-0002-8108-3818
https://openalex.org/A5100376310,Jinpeng Wang,https://orcid.org/0000-0001-6127-9146
https://openalex.org/A5100377485,Chenyu Zhang,https://orcid.org/0000-0002-7137-8954
https://openalex.org/A5100385692,Xu Chen,https://orcid.org/0000-0001-9943-6020
https://openalex.org/A5100386792,Dongxu Li,https://orcid.org/0000-0001-8543-4761
https://openalex.org/A5100388508,Xing Wei Sun,https://orcid.org/0000-0002-7683-4517
https://openalex.org/A5100389900,Kang Liu,https://orcid.org/0000-0002-6083-8433
https://openalex.org/A5100393899,Chong Zhang,https://orcid.org/0000-0002-2162-4344
https://openalex.org/A5100394046,Sheng Zhang,https://orcid.org/0000-0003-1732-0011
https://openalex.org/A5100394926,Jing Chen,https://orcid.org/0000-0002-8067-0201
https://openalex.org/A5100398894,Yulin Chen,https://orcid.org/0000-0001-8960-9725
https://openalex.org/A5100400376,Xiapu Luo,https://orcid.org/0000-0002-9082-3208
https://openalex.org/A5100400922,Yuan Cao,https://orcid.org/0000-0002-8775-0626
https://openalex.org/A5100404176,Qing Li,https://orcid.org/0000-0003-3370-471X
https://openalex.org/A5100406123,Xinyu Li,https://orcid.org/0000-0003-2681-4451
https://openalex.org/A5100407966,Xu Wang,https://orcid.org/0009-0001-5904-5313
https://openalex.org/A5100409994,Jian Zhang,https://orcid.org/0000-0002-7240-3541
https://openalex.org/A5100410908,Chen Ma,https://orcid.org/0000-0001-7933-9813
https://openalex.org/A5100411426,Xiao Wang,https://orcid.org/0000-0001-6117-6745
https://openalex.org/A5100412513,Asad Ullah Khan,https://orcid.org/0000-0002-5127-527X
https://openalex.org/A5100418171,Ting Liu,https://orcid.org/0009-0007-1999-2600
https://openalex.org/A5100423656,Zheng Liu,https://orcid.org/0000-0001-7765-8466
https://openalex.org/A5100424305,Yuchen Zhang,https://orcid.org/0000-0001-8536-7175
https://openalex.org/A5100427047,Yifan Li,https://orcid.org/0000-0002-9243-0264
https://openalex.org/A5100427048,Yifan Li,https://orcid.org/0000-0002-9526-2243
https://openalex.org/A5100432232,Kang Zhang,https://orcid.org/0000-0002-4549-1697
https://openalex.org/A5100434820,Qing Wang,https://orcid.org/0000-0002-2618-5694
https://openalex.org/A5100437453,Tianyi Zhang,https://orcid.org/0000-0002-5468-9347
https://openalex.org/A5100437634,Shiyu Wang,https://orcid.org/0000-0003-1243-7018
https://openalex.org/A5100438461,Hang Zhang,https://orcid.org/0000-0002-7816-4238
https://openalex.org/A5100440241,Lei Li,https://orcid.org/0000-0001-7058-2577
https://openalex.org/A5100445668,Yan Xu,https://orcid.org/0000-0003-2205-2429
https://openalex.org/A5100446071,Hao Wang,https://orcid.org/0000-0001-9921-2078
https://openalex.org/A5100447280,Ming Zhang,https://orcid.org/0000-0002-5834-0994
https://openalex.org/A5100448333,Rui Li,https://orcid.org/0000-0001-6448-5092
https://openalex.org/A5100448802,Haotian Liu,https://orcid.org/0000-0003-2872-4740
https://openalex.org/A5100450148,Jun Chen,https://orcid.org/0000-0001-8883-0970
https://openalex.org/A5100450462,Li Fei-Fei,https://orcid.org/0000-0002-7481-0810
https://openalex.org/A5100450967,Tong Wang,https://orcid.org/0000-0001-6981-916X
https://openalex.org/A5100452654,Han Wang,https://orcid.org/0000-0001-7347-3763
https://openalex.org/A5100453144,Qi Liu,https://orcid.org/0000-0001-5378-6404
https://openalex.org/A5100455805,Fei Wang,https://orcid.org/0000-0002-2212-3947
https://openalex.org/A5100457416,Meng Li,https://orcid.org/0000-0001-9494-4552
https://openalex.org/A5100462353,Zhe Liu,https://orcid.org/0000-0001-9709-8275
https://openalex.org/A5100537890,Hongkun Yu,
https://openalex.org/A5100603679,Dinesh K. Kumar,https://orcid.org/0000-0001-9785-0500
https://openalex.org/A5100608388,Xingkai Yu,https://orcid.org/0000-0002-7422-7406
https://openalex.org/A5100608759,Junnan Li,https://orcid.org/0000-0002-5217-9204
https://openalex.org/A5100615599,Haowei Zhang,https://orcid.org/0009-0000-9277-377X
https://openalex.org/A5100628725,Xiaokun Li,https://orcid.org/0000-0003-4896-2842
https://openalex.org/A5100632859,Jianwei Yang,https://orcid.org/0000-0002-2022-6002
https://openalex.org/A5100636286,Qiang Yang,https://orcid.org/0000-0001-5059-8360
https://openalex.org/A5100638446,Yuanyuan Yang,https://orcid.org/0000-0001-7296-9222
https://openalex.org/A5100641283,Jianfei Chen,https://orcid.org/0000-0003-4107-5706
https://openalex.org/A5100643464,Ying Zhang,https://orcid.org/0000-0003-4210-2104
https://openalex.org/A5100645854,Xiangyu Zhao,https://orcid.org/0000-0003-2926-4416
https://openalex.org/A5100647156,Tianming Liu,https://orcid.org/0000-0002-8132-9048
https://openalex.org/A5100647639,Yi Qi Dai,https://orcid.org/0000-0003-1219-2436
https://openalex.org/A5100655785,Ke Li,https://orcid.org/0000-0001-7199-9139
https://openalex.org/A5100657725,JASON KAI WEI LEE,https://orcid.org/0000-0003-4042-795X
https://openalex.org/A5100660086,Ning Ding,https://orcid.org/0000-0001-8758-9484
https://openalex.org/A5100664091,Yang Zhang,https://orcid.org/0000-0002-7863-5183
https://openalex.org/A5100667025,Zhiyong Wu,https://orcid.org/0000-0002-6527-5502
https://openalex.org/A5100675173,Bowen Chen,https://orcid.org/0000-0002-5822-0976
https://openalex.org/A5100676785,Fei Xia,https://orcid.org/0000-0003-4343-1444
https://openalex.org/A5100679058,Piyush Kumar Sharma,https://orcid.org/0009-0003-0372-4303
https://openalex.org/A5100685716,Yidong Wang,https://orcid.org/0009-0007-9969-8259
https://openalex.org/A5100687441,Wen-Xiang Chen,https://orcid.org/0000-0002-0560-8280
https://openalex.org/A5100700956,Jindong Wang,https://orcid.org/0000-0002-4833-0880
https://openalex.org/A5100702488,William Yang Wang,https://orcid.org/0000-0002-0878-1257
https://openalex.org/A5100707822,Xinyue Chen,https://orcid.org/0000-0003-2181-5172
https://openalex.org/A5100715425,Zhifeng Chen,https://orcid.org/0000-0001-8901-1002
https://openalex.org/A5100715724,Yu Du,https://orcid.org/0000-0002-1847-0743
https://openalex.org/A5100716216,Peiyu Liu,https://orcid.org/0000-0002-2905-5473
https://openalex.org/A5100718934,Sungchul Kim,https://orcid.org/0000-0003-3580-5290
https://openalex.org/A5100720739,Marzuki Marzuki,https://orcid.org/0000-0003-0296-9408
https://openalex.org/A5100721790,Nan Du,https://orcid.org/0000-0003-2855-7452
https://openalex.org/A5100735418,Jingjing Xu,https://orcid.org/0000-0003-1082-2262
https://openalex.org/A5100736298,Shi Qiu,https://orcid.org/0000-0001-9958-180X
https://openalex.org/A5100738980,Haiyan Zhao,https://orcid.org/0009-0006-5358-6895
https://openalex.org/A5100746224,Jingping Liu,https://orcid.org/0000-0002-8671-2302
https://openalex.org/A5100746903,Mayank Singh,https://orcid.org/0000-0002-8393-3652
https://openalex.org/A5100752870,Xuechen Li,https://orcid.org/0000-0003-3920-4329
https://openalex.org/A5100756491,Mina Lee,https://orcid.org/0000-0001-5879-7057
https://openalex.org/A5100757067,Junlong Li,https://orcid.org/0000-0002-6272-6582
https://openalex.org/A5100759473,Siyuan Ma,https://orcid.org/0000-0002-0017-3185
https://openalex.org/A5100765709,Sheng Li,https://orcid.org/0000-0003-1068-5261
https://openalex.org/A5100767817,Tong Yu,https://orcid.org/0000-0002-5991-2050
https://openalex.org/A5100768322,Chen Zhu,https://orcid.org/0000-0003-4817-482X
https://openalex.org/A5100773163,Guowei Li,https://orcid.org/0000-0002-2286-3056
https://openalex.org/A5100775958,Xiaozhi Wang,https://orcid.org/0000-0002-5727-143X
https://openalex.org/A5100780322,Yüan Shen,https://orcid.org/0009-0001-4787-9644
https://openalex.org/A5100781026,Lei Xu,https://orcid.org/0000-0001-9178-6640
https://openalex.org/A5100781448,Bin Li,https://orcid.org/0000-0001-5122-5515
https://openalex.org/A5100784818,Sheng Shen,https://orcid.org/0000-0003-4734-1008
https://openalex.org/A5100861568,Yu Wu,https://orcid.org/0009-0002-4233-6461
https://openalex.org/A5100915390,Qiushi Du,
https://openalex.org/A5100991397,Yuyan Lu,https://orcid.org/0009-0000-4964-1173
https://openalex.org/A5101093262,Yiren Zhao,https://orcid.org/0000-0002-3727-7463
https://openalex.org/A5101137578,Miao Zhang,https://orcid.org/0000-0002-1262-4174
https://openalex.org/A5101180037,Yelong Shen,
https://openalex.org/A5101182523,Qiang Ning,
https://openalex.org/A5101201263,Zhehao Zhang,
https://openalex.org/A5101289776,Shanghao Lu,
https://openalex.org/A5101315776,Le Hou,
https://openalex.org/A5101376203,Joanna Gajda,
https://openalex.org/A5101377314,Amr Soliman,https://orcid.org/0009-0005-6005-7871
https://openalex.org/A5101381944,Anjanava Biswas,https://orcid.org/0009-0008-3225-3316
https://openalex.org/A5101394605,Lei Wang,https://orcid.org/0009-0001-6108-9235
https://openalex.org/A5101404414,Huixiao Le,https://orcid.org/0000-0001-5506-6996
https://openalex.org/A5101404695,Sebastian Riedel,https://orcid.org/0000-0002-3655-2486
https://openalex.org/A5101424484,Ruiyi Zhang,https://orcid.org/0000-0002-4776-6762
https://openalex.org/A5101432591,Weiran Wang,https://orcid.org/0009-0000-0843-707X
https://openalex.org/A5101474800,Yusheng Su,https://orcid.org/0000-0001-9509-9573
https://openalex.org/A5101486818,Weishi Wang,https://orcid.org/0000-0002-6166-7509
https://openalex.org/A5101500719,Zhongang Qi,https://orcid.org/0000-0001-8298-4063
https://openalex.org/A5101503933,Mengyuan Yan,https://orcid.org/0000-0002-5427-4192
https://openalex.org/A5101505879,Zhengliang Liu,https://orcid.org/0000-0001-7061-6714
https://openalex.org/A5101509445,Matthew E. Peters,https://orcid.org/0000-0002-2105-2585
https://openalex.org/A5101511644,Hanjie Chen,https://orcid.org/0009-0001-5547-6634
https://openalex.org/A5101522898,Amy Wang,https://orcid.org/0009-0004-6846-786X
https://openalex.org/A5101523508,Zhaopeng Qiu,https://orcid.org/0009-0006-7067-3763
https://openalex.org/A5101538186,Wei Ye,https://orcid.org/0000-0002-9331-4716
https://openalex.org/A5101538534,Xintao Wang,https://orcid.org/0000-0001-6585-8604
https://openalex.org/A5101551028,Hao Yang,https://orcid.org/0009-0008-5365-897X
https://openalex.org/A5101561897,Katherine Lee,https://orcid.org/0000-0002-9537-6195
https://openalex.org/A5101581913,Xinyu Gao,https://orcid.org/0000-0001-7654-3800
https://openalex.org/A5101582577,Ce Zheng,https://orcid.org/0009-0007-0428-4513
https://openalex.org/A5101588749,Xiaoran Fan,https://orcid.org/0000-0002-6368-9250
https://openalex.org/A5101597225,Andrew M. Dai,https://orcid.org/0009-0007-9200-8577
https://openalex.org/A5101598822,Jiawei Sun,https://orcid.org/0000-0003-1332-6758
https://openalex.org/A5101603882,Suraj Nair,https://orcid.org/0000-0002-3999-2436
https://openalex.org/A5101626009,Darwin Darwin,https://orcid.org/0000-0002-5325-9775
https://openalex.org/A5101629463,Yiheng Liu,https://orcid.org/0000-0002-5939-2278
https://openalex.org/A5101642273,Jiatong Li,https://orcid.org/0000-0001-7705-2296
https://openalex.org/A5101658564,Jingsen Zhang,https://orcid.org/0000-0003-2997-3386
https://openalex.org/A5101696375,Aditya Ramesh,https://orcid.org/0000-0001-5984-8282
https://openalex.org/A5101711824,Johannes Schneider,https://orcid.org/0000-0002-3225-5564
https://openalex.org/A5101729628,Changhao Jiang,https://orcid.org/0000-0002-3098-3891
https://openalex.org/A5101733098,Alexander Novikov,https://orcid.org/0009-0006-5256-7844
https://openalex.org/A5101771060,Dawei Yin,https://orcid.org/0000-0002-0684-6205
https://openalex.org/A5101790532,Fan Yang,https://orcid.org/0000-0003-3442-754X
https://openalex.org/A5101800668,Peiyi Wang,https://orcid.org/0000-0001-9121-4327
https://openalex.org/A5101809968,Xin Hua Guo,https://orcid.org/0000-0001-8089-1007
https://openalex.org/A5101821970,Tengyu Ma,https://orcid.org/0000-0003-3916-5040
https://openalex.org/A5101827340,Wenhai Wang,https://orcid.org/0000-0002-2418-3134
https://openalex.org/A5101839369,Nayeon Lee,https://orcid.org/0000-0003-1144-1103
https://openalex.org/A5101849100,Beichen Zhang,https://orcid.org/0000-0001-5030-0632
https://openalex.org/A5101850869,Hiroaki Hayashi,https://orcid.org/0000-0002-6875-7443
https://openalex.org/A5101879892,Yuanzhi Li,https://orcid.org/0009-0004-4418-9308
https://openalex.org/A5101882561,Hu Xu,https://orcid.org/0000-0003-3436-2600
https://openalex.org/A5101885416,Yifan Yao,https://orcid.org/0000-0002-2334-3984
https://openalex.org/A5101918380,Qingyang Wu,https://orcid.org/0009-0004-7076-0758
https://openalex.org/A5101929118,Xueyang Feng,https://orcid.org/0000-0003-4426-5732
https://openalex.org/A5101929475,Peng Xu,https://orcid.org/0000-0002-6431-1110
https://openalex.org/A5101931548,Malte Jensen,https://orcid.org/0000-0003-0555-4216
https://openalex.org/A5101933711,Ashish Kapoor,https://orcid.org/0009-0004-3764-8449
https://openalex.org/A5101954854,Taewoon Kim,https://orcid.org/0000-0003-2892-0194
https://openalex.org/A5101959000,Yizhe Zhang,https://orcid.org/0000-0002-9599-7995
https://openalex.org/A5101973028,Krishnan Srinivasan,https://orcid.org/0000-0002-0692-1332
https://openalex.org/A5101973034,Bing Xu,https://orcid.org/0000-0001-6391-5919
https://openalex.org/A5101977008,Xinyun Chen,https://orcid.org/0009-0001-9700-8951
https://openalex.org/A5101989589,Derek Chen,https://orcid.org/0009-0003-9987-4380
https://openalex.org/A5101992030,Francisco J. R. Ruiz,https://orcid.org/0000-0002-2200-901X
https://openalex.org/A5102001778,Yunfan Gao,https://orcid.org/0000-0002-7932-2752
https://openalex.org/A5102004349,Ying Shan,https://orcid.org/0000-0001-7673-8325
https://openalex.org/A5102019389,Xinyu Tang,https://orcid.org/0000-0001-9221-154X
https://openalex.org/A5102024536,Yuan Wu,https://orcid.org/0000-0001-6289-5872
https://openalex.org/A5102168278,John Schulman,
https://openalex.org/A5102261615,Zhao Xin,https://orcid.org/0000-0001-8201-0971
https://openalex.org/A5102320649,Vasu Sharma,https://orcid.org/0009-0006-4348-7412
https://openalex.org/A5102323363,Ruochen Xu,https://orcid.org/0009-0008-5750-8848
https://openalex.org/A5102493578,Angela Jiang,
https://openalex.org/A5102506185,Yixin Nie,
https://openalex.org/A5102536560,Ranjan Subramanian,
https://openalex.org/A5102602497,Huazuo Gao,https://orcid.org/0009-0009-8238-440X
https://openalex.org/A5102775611,Kaidi Xu,https://orcid.org/0000-0002-0719-3912
https://openalex.org/A5102797989,Jiachang Liu,https://orcid.org/0000-0002-8786-4885
https://openalex.org/A5102871836,Xiang Zhou,https://orcid.org/0000-0003-0121-6527
https://openalex.org/A5102883290,Chuan Qin,https://orcid.org/0000-0002-5354-8630
https://openalex.org/A5102894085,Yujia Qin,https://orcid.org/0000-0003-3608-5061
https://openalex.org/A5102906366,Mostafa Dehghani,https://orcid.org/0000-0002-9772-1095
https://openalex.org/A5102912673,Muhammad Saqib,https://orcid.org/0000-0003-4374-0888
https://openalex.org/A5102930702,Yupeng Chang,https://orcid.org/0000-0001-7178-6088
https://openalex.org/A5102941860,Canwen Xu,https://orcid.org/0000-0002-1552-999X
https://openalex.org/A5102953149,Andrés Páez,https://orcid.org/0000-0002-4602-7490
https://openalex.org/A5102992157,Yejin Choi,https://orcid.org/0000-0003-3032-5378
https://openalex.org/A5102999001,Mohamed Amin,https://orcid.org/0009-0002-4874-8272
https://openalex.org/A5103002075,Jiawei Wang,https://orcid.org/0009-0006-9797-2691
https://openalex.org/A5103056110,Kaijie Zhu,https://orcid.org/0009-0002-6220-1476
https://openalex.org/A5103063573,Liang Zhao,https://orcid.org/0009-0002-3974-3680
https://openalex.org/A5103069680,Yi Tay,https://orcid.org/0000-0001-6896-4496
https://openalex.org/A5103097172,Jinlan Fu,https://orcid.org/0000-0002-0370-1238
https://openalex.org/A5103099305,Adam R. Brown,https://orcid.org/0000-0002-4546-4939
https://openalex.org/A5103099741,Samson Tan,https://orcid.org/0000-0003-1019-8228
https://openalex.org/A5103100933,Zhihong Shao,https://orcid.org/0000-0001-7290-5958
https://openalex.org/A5103112611,Chenlin Meng,https://orcid.org/0000-0001-8185-7716
https://openalex.org/A5103122635,Noah Brown,https://orcid.org/0009-0007-2963-3425
https://openalex.org/A5103131863,Will Hawkins,https://orcid.org/0009-0004-5135-6792
https://openalex.org/A5103133745,Xi Yang,https://orcid.org/0000-0003-2981-3972
https://openalex.org/A5103139732,Debajyoti Datta,https://orcid.org/0000-0003-0581-6116
https://openalex.org/A5103147054,Shijie Wang,https://orcid.org/0000-0002-7389-3810
https://openalex.org/A5103178710,Bowen Wu,https://orcid.org/0009-0005-8791-9689
https://openalex.org/A5103198578,Hongyu Ren,https://orcid.org/0000-0002-9866-8513
https://openalex.org/A5103211182,Litong Wang,https://orcid.org/0000-0003-0238-5496
https://openalex.org/A5103211502,Shuang Zhou,https://orcid.org/0000-0001-5535-7988
https://openalex.org/A5103220384,Heming Xia,https://orcid.org/0000-0001-5074-3441
https://openalex.org/A5103230101,J. Edward Hu,https://orcid.org/0000-0002-5557-6790
https://openalex.org/A5103234563,Vivek Natarajan,https://orcid.org/0000-0001-7849-2074
https://openalex.org/A5103255393,Suvinay Subramanian,https://orcid.org/0000-0002-8715-8964
https://openalex.org/A5103256595,Zheng Tao Yan,https://orcid.org/0009-0005-7574-5386
https://openalex.org/A5103412589,Grace Yang,
https://openalex.org/A5103525627,Takeshi Kojima,
https://openalex.org/A5103531364,Malcolm Reynolds,
https://openalex.org/A5103532312,Tony Robinson,
https://openalex.org/A5103549458,Minghua Zhang,https://orcid.org/0000-0003-2295-5628
https://openalex.org/A5103742478,Abdelrahman Mohamed,
https://openalex.org/A5103777591,Lin Zi,https://orcid.org/0009-0008-0052-2817
https://openalex.org/A5103852640,Christopher Ré,
https://openalex.org/A5103934038,Xu Jiang,
https://openalex.org/A5103947107,Mohammad Norouzi,
https://openalex.org/A5103983469,Robert L. Logan,
https://openalex.org/A5104053092,Cheryl English Martin,
https://openalex.org/A5104102021,Yanping Huang,
https://openalex.org/A5104127081,Jiashi Li,https://orcid.org/0009-0007-0709-7692
https://openalex.org/A5104145657,Jenya Lee,
https://openalex.org/A5104217086,Jinliu Pan,
https://openalex.org/A5104217087,Yuxi Bi,https://orcid.org/0009-0003-6921-6934
https://openalex.org/A5104238116,Xiaoqing Ellen Tan,
https://openalex.org/A5104285560,Diogo Almeida,
https://openalex.org/A5104286740,Aurelien Rodriguez,
https://openalex.org/A5104521370,Wenlong Huang,https://orcid.org/0000-0003-3611-5654
https://openalex.org/A5106322942,H. Niewiadomski,https://orcid.org/0000-0002-7345-3858
https://openalex.org/A5106388659,Ryan Teehan,https://orcid.org/0000-0002-1426-6964
https://openalex.org/A5106407830,Li Li,https://orcid.org/0000-0003-2990-1614
https://openalex.org/A5106671151,Liyue Zhang,https://orcid.org/0000-0002-9997-3608
https://openalex.org/A5107243336,Uri Alon,https://orcid.org/0000-0001-5796-9988
https://openalex.org/A5107692307,Guzalbegim Rakhimova,https://orcid.org/0000-0002-8611-2139
https://openalex.org/A5107835063,Andrew McCallum,https://orcid.org/0000-0003-2843-6992
https://openalex.org/A5107859338,Armand Joulin,
https://openalex.org/A5107893340,Chunyuan Li,
https://openalex.org/A5107899645,Thomas Wolf,
https://openalex.org/A5107939686,L. Xia,https://orcid.org/0000-0003-3073-3662
https://openalex.org/A5108062941,Jesse Thomason,https://orcid.org/0000-0001-9199-0633
https://openalex.org/A5108093963,Geoffrey E. Hinton,
https://openalex.org/A5108257764,Dieter Fox,https://orcid.org/0009-0009-4694-9127
https://openalex.org/A5108399988,Wenyin Fu,
https://openalex.org/A5108601104,Richard Banks,https://orcid.org/0009-0004-5239-2701
https://openalex.org/A5108814327,Junjie Wang,https://orcid.org/0000-0002-9941-6713
https://openalex.org/A5108893565,Senjie Jin,https://orcid.org/0009-0003-4720-6524
https://openalex.org/A5108943133,Muyan Zhong,
https://openalex.org/A5108961327,Yiwen Ding,
https://openalex.org/A5109005188,Byron L. David,
https://openalex.org/A5109083484,Rong Jin,
https://openalex.org/A5109384620,B. Prabadevi,
https://openalex.org/A5109478033,Minghui Tang,https://orcid.org/0000-0003-3310-2962
https://openalex.org/A5109481132,Nishant Subramani,
https://openalex.org/A5109666673,Kangxiang Jia,https://orcid.org/0009-0001-0054-5049
https://openalex.org/A5109672590,Fangyun Lin,
https://openalex.org/A5109730221,Boyang Hong,
https://openalex.org/A5110082245,Ross Taylor,
https://openalex.org/A5110117745,Nicholas Wilson,https://orcid.org/0000-0001-8566-9720
https://openalex.org/A5110193634,Paul Barham,
https://openalex.org/A5110285832,Zhifang Sui,
https://openalex.org/A5110564361,Eric Wallace,
https://openalex.org/A5110652380,Javier González,
https://openalex.org/A5110691380,Arthur Mensch,https://orcid.org/0000-0001-7866-0461
https://openalex.org/A5110883303,Michael Petrov,https://orcid.org/0000-0002-5122-2450
https://openalex.org/A5111038333,Huajian Xin,
https://openalex.org/A5111047576,Shahul Es,
https://openalex.org/A5111073904,Weitao Ma,https://orcid.org/0009-0007-8631-3858
https://openalex.org/A5111279824,Jeremy Fu,
https://openalex.org/A5111319243,Josh Lee,
https://openalex.org/A5111514705,Kanishka Rao,
https://openalex.org/A5111802678,Hervé Jeǵou,
https://openalex.org/A5111863979,Xu Sun,https://orcid.org/0000-0001-5389-7251
https://openalex.org/A5112330765,Jonathan Chang,
https://openalex.org/A5112374713,R. J. Chen,
https://openalex.org/A5112433883,M. Ramalingam,
https://openalex.org/A5112445699,Navdeep Jaitly,
https://openalex.org/A5112608251,Aaron C. Courville,https://orcid.org/0000-0001-6223-0301
https://openalex.org/A5112615531,Isabel M. Kloumann,
https://openalex.org/A5112620294,Abheesht Sharma,
https://openalex.org/A5112705664,Adam Santoro,
https://openalex.org/A5112748839,Hoo Chang Shin,
https://openalex.org/A5112853549,Saahil Jain,
https://openalex.org/A5112877229,Xizhou Zhu,
https://openalex.org/A5112924039,Alham Fikri Aji,https://orcid.org/0000-0001-7665-0673
https://openalex.org/A5112942464,Kinsgley Bekom Abang,https://orcid.org/0000-0002-3740-9198
https://openalex.org/A5112952983,Eli Parker,
https://openalex.org/A5112963469,Lukas Blecher,
https://openalex.org/A5113091614,Erhang Li,
https://openalex.org/A5113226487,Dian Yu,https://orcid.org/0000-0003-2356-1073
https://openalex.org/A5113256072,Artem Korenev,
https://openalex.org/A5113287451,Kejie Shen,
https://openalex.org/A5113346577,Hongchao Gu,
https://openalex.org/A5113394742,Ping Luo,
https://openalex.org/A5113417549,Han Bao,https://orcid.org/0009-0001-0951-1478
https://openalex.org/A5113452656,Mike Schuster,
https://openalex.org/A5113593955,Jingwen Bai,
https://openalex.org/A5113628365,Shuting Pan,
https://openalex.org/A5113747152,Jingyang Yuan,
https://openalex.org/A5113750837,Qingxiu Dong,
https://openalex.org/A5113895633,Akshat Agarwal,
https://openalex.org/A5114054929,Tingjia Shen,https://orcid.org/0009-0003-5949-7218
https://openalex.org/A5114136395,Nima Pour Nejatian,
https://openalex.org/A5114190756,Luzhen Tang,https://orcid.org/0009-0005-0102-5677
https://openalex.org/A5114239683,Tatiana Vasileva,
https://openalex.org/A5114267479,Greta Tomietto,https://orcid.org/0009-0008-6087-542X
https://openalex.org/A5114267480,Chrysi Rapti,https://orcid.org/0009-0007-8966-1452
https://openalex.org/A5114500343,Chen Chen,https://orcid.org/0000-0002-4637-9250
https://openalex.org/A5114723683,Junzhe Wang,https://orcid.org/0009-0006-8449-5419
https://openalex.org/A5114889392,Haotian Wang,https://orcid.org/0009-0001-5363-3886
https://openalex.org/A5114910293,Jianfeng Gao,https://orcid.org/0000-0002-5702-6143
https://openalex.org/A5114910997,Yunqing Liu,https://orcid.org/0000-0002-7049-2763
https://openalex.org/A5115605110,Ruoyu Zhang,https://orcid.org/0009-0003-0410-2194
https://openalex.org/A5115695530,Haoyu Wang,https://orcid.org/0000-0003-1100-8633
https://openalex.org/A5115792630,Shi Bin Hoo,
https://openalex.org/A5115810004,Arjun Krishnakumar,https://orcid.org/0009-0000-0688-9435
https://openalex.org/A5115810005,Max Körfer,
https://openalex.org/A5117097165,Aditya Gupta,https://orcid.org/0000-0002-5243-368X
https://openalex.org/A5117779795,Hui Li,https://orcid.org/0000-0002-7031-8562
https://openalex.org/A5124228420,Roberts R,
https://openalex.org/A5125953256,Marian Croak,
https://openalex.org/A5126282416,Fei Xia,
https://openalex.org/A5127777713,Shixiang (Shane) Gu,
https://openalex.org/A5127806464,Luke Miller,
https://openalex.org/A5127820429,Ed Chi,
https://openalex.org/A5127830032,Chong Zhang,
https://openalex.org/A5127835223,Quoc V Le,
https://openalex.org/A5127845778,Tri Dao,
https://openalex.org/A5127852725,Stefano Ermon,
https://openalex.org/A5127857043,Xuezhi Wang,
https://openalex.org/A5127859290,Jeffrey Wu,
https://openalex.org/A5127861701,Dan Fu,
https://openalex.org/A5127870194,Christopher Ré,
https://openalex.org/A5130341073,Takeshi Kojima,
https://openalex.org/A5134971971,Iliyan Zarov,
https://openalex.org/A5146717563,Xu Jiang,
https://openalex.org/A5150400279,Jacob Hilton,
https://openalex.org/A5153264783,Diogo Almeida,
https://openalex.org/A5153304514,Yutaka Matsuo,
